ISO-10303-21;
HEADER;
/* Generated by software containing ST-Developer
 * from STEP Tools, Inc. (www.steptools.com) 
 */
/* OPTION: using custom renumber hook */

FILE_DESCRIPTION(
/* description */ ('STEP AP242 Edition 2',
'CAx-IF Rec.Pracs.---Representation and Presentation of Product Manufa
cturing Information (PMI)---4.0---2014-10-13',
'CAx-IF Rec.Pracs.---3D Tessellated Geometry---0.4---2014-09-14','2;1',
'CAx-IF Rec.Pracs.---User Defined Attributes---1.5---2016-08-15'),
/* implementation_level */ '2;1');

FILE_NAME(
/* name */ 'Part Studio 1',
/* time_stamp */ '2026-07-26T22:30:02Z',
/* author */ (''),
/* organization */ (''),
/* preprocessor_version */ 'ST-DEVELOPER v20',
/* originating_system */ 'ONSHAPE BY PTC INC, 1.218',
/* authorisation */ '  ');

FILE_SCHEMA (('AP242_MANAGED_MODEL_BASED_3D_ENGINEERING_MIM_LF { 1 0 10303 442 3 1 4 }'));
ENDSEC;

DATA;
#10=MANIFOLD_SOLID_BREP('Part 2',#9617);
#11=SHAPE_REPRESENTATION_RELATIONSHIP('','',#9636,#13);
#12=SHAPE_REPRESENTATION_RELATIONSHIP('','',#9637,#14);
#13=ADVANCED_BREP_SHAPE_REPRESENTATION('',(#9633),#17064);
#14=ADVANCED_BREP_SHAPE_REPRESENTATION('',(#10),#17065);
#15=ORIENTED_CLOSED_SHELL('',*,#9611,.F.);
#16=ORIENTED_CLOSED_SHELL('',*,#9612,.F.);
#17=ORIENTED_CLOSED_SHELL('',*,#9613,.F.);
#18=ORIENTED_CLOSED_SHELL('',*,#9614,.F.);
#19=ORIENTED_CLOSED_SHELL('',*,#9615,.F.);
#20=ORIENTED_CLOSED_SHELL('',*,#9616,.F.);
#21=B_SPLINE_SURFACE_WITH_KNOTS('',3,1,((#13422,#13423),(#13424,#13425),
(#13426,#13427),(#13428,#13429),(#13430,#13431)),
 .SURF_OF_LINEAR_EXTRUSION.,.F.,.F.,.F.,(4,1,4),(2,2),(0.,0.499999999999988,
0.999999999999975),(0.,1.),.UNSPECIFIED.);
#22=B_SPLINE_SURFACE_WITH_KNOTS('',3,1,((#13433,#13434),(#13435,#13436),
(#13437,#13438),(#13439,#13440),(#13441,#13442)),
 .SURF_OF_LINEAR_EXTRUSION.,.F.,.F.,.F.,(4,1,4),(2,2),(3.46944695195361E-18,
0.499999999999993,0.999999999999986),(0.,1.),.UNSPECIFIED.);
#23=B_SPLINE_SURFACE_WITH_KNOTS('',3,1,((#13450,#13451),(#13452,#13453),
(#13454,#13455),(#13456,#13457)),.SURF_OF_LINEAR_EXTRUSION.,.F.,.F.,.F.,
(4,4),(2,2),(-2.00984054136042E-14,0.999999999999984),(0.,1.),
 .PIECEWISE_BEZIER_KNOTS.);
#24=B_SPLINE_SURFACE_WITH_KNOTS('',3,1,((#13459,#13460),(#13461,#13462),
(#13463,#13464),(#13465,#13466)),.SURF_OF_LINEAR_EXTRUSION.,.F.,.F.,.F.,
(4,4),(2,2),(1.66876477560486E-13,0.999999999999984),(0.,1.),
 .PIECEWISE_BEZIER_KNOTS.);
#25=B_SPLINE_SURFACE_WITH_KNOTS('',3,1,((#13480,#13481),(#13482,#13483),
(#13484,#13485),(#13486,#13487)),.SURF_OF_LINEAR_EXTRUSION.,.F.,.F.,.F.,
(4,4),(2,2),(0.,0.951510497413669),(0.,1.),.PIECEWISE_BEZIER_KNOTS.);
#26=B_SPLINE_SURFACE_WITH_KNOTS('',3,1,((#13489,#13490),(#13491,#13492),
(#13493,#13494),(#13495,#13496),(#13497,#13498)),
 .SURF_OF_LINEAR_EXTRUSION.,.F.,.F.,.F.,(4,1,4),(2,2),(0.,0.499999999999994,
0.999999999999987),(0.,1.),.UNSPECIFIED.);
#27=B_SPLINE_SURFACE_WITH_KNOTS('',3,1,((#13518,#13519),(#13520,#13521),
(#13522,#13523),(#13524,#13525)),.SURF_OF_LINEAR_EXTRUSION.,.F.,.F.,.F.,
(4,4),(2,2),(0.0918301874129244,1.00000000000004),(0.,1.),
 .PIECEWISE_BEZIER_KNOTS.);
#28=B_SPLINE_SURFACE_WITH_KNOTS('',3,1,((#13527,#13528),(#13529,#13530),
(#13531,#13532),(#13533,#13534)),.SURF_OF_LINEAR_EXTRUSION.,.F.,.F.,.F.,
(4,4),(2,2),(4.3548649949182E-14,0.999999999999969),(0.,1.),
 .PIECEWISE_BEZIER_KNOTS.);
#29=B_SPLINE_SURFACE_WITH_KNOTS('',3,1,((#13541,#13542),(#13543,#13544),
(#13545,#13546),(#13547,#13548)),.SURF_OF_LINEAR_EXTRUSION.,.F.,.F.,.F.,
(4,4),(2,2),(-1.59992300905704E-13,1.),(0.,1.),.PIECEWISE_BEZIER_KNOTS.);
#30=B_SPLINE_SURFACE_WITH_KNOTS('',3,1,((#13550,#13551),(#13552,#13553),
(#13554,#13555),(#13556,#13557)),.SURF_OF_LINEAR_EXTRUSION.,.F.,.F.,.F.,
(4,4),(2,2),(-1.64632430053583E-13,1.),(0.,1.),.PIECEWISE_BEZIER_KNOTS.);
#31=B_SPLINE_SURFACE_WITH_KNOTS('',3,1,((#13570,#13571),(#13572,#13573),
(#13574,#13575),(#13576,#13577)),.SURF_OF_LINEAR_EXTRUSION.,.F.,.F.,.F.,
(4,4),(2,2),(5.72861202918773E-13,0.846869396216252),(0.,1.),
 .PIECEWISE_BEZIER_KNOTS.);
#32=B_SPLINE_SURFACE_WITH_KNOTS('',3,1,((#13586,#13587),(#13588,#13589),
(#13590,#13591),(#13592,#13593)),.SURF_OF_LINEAR_EXTRUSION.,.F.,.F.,.F.,
(4,4),(2,2),(-4.41868763800812E-14,1.00000000000051),(0.,1.),
 .PIECEWISE_BEZIER_KNOTS.);
#33=B_SPLINE_SURFACE_WITH_KNOTS('',3,1,((#13595,#13596),(#13597,#13598),
(#13599,#13600),(#13601,#13602)),.SURF_OF_LINEAR_EXTRUSION.,.F.,.F.,.F.,
(4,4),(2,2),(-4.41868763800812E-14,1.00000000000046),(0.,1.),
 .PIECEWISE_BEZIER_KNOTS.);
#34=B_SPLINE_SURFACE_WITH_KNOTS('',3,1,((#13607,#13608),(#13609,#13610),
(#13611,#13612),(#13613,#13614)),.SURF_OF_LINEAR_EXTRUSION.,.F.,.F.,.F.,
(4,4),(2,2),(5.49182049637231E-13,0.999999999999532),(0.,1.),
 .PIECEWISE_BEZIER_KNOTS.);
#35=B_SPLINE_SURFACE_WITH_KNOTS('',3,1,((#13626,#13627),(#13628,#13629),
(#13630,#13631),(#13632,#13633)),.SURF_OF_LINEAR_EXTRUSION.,.F.,.F.,.F.,
(4,4),(2,2),(0.0815817843506162,0.999999999999483),(0.,1.),
 .PIECEWISE_BEZIER_KNOTS.);
#36=B_SPLINE_SURFACE_WITH_KNOTS('',3,1,((#13640,#13641),(#13642,#13643),
(#13644,#13645),(#13646,#13647)),.SURF_OF_LINEAR_EXTRUSION.,.F.,.F.,.F.,
(4,4),(2,2),(6.38070574471779E-13,1.00000000000054),(0.,1.),
 .PIECEWISE_BEZIER_KNOTS.);
#37=B_SPLINE_SURFACE_WITH_KNOTS('',3,1,((#13649,#13650),(#13651,#13652),
(#13653,#13654),(#13655,#13656)),.SURF_OF_LINEAR_EXTRUSION.,.F.,.F.,.F.,
(4,4),(2,2),(6.02871293657224E-13,0.999999999999966),(0.,1.),
 .PIECEWISE_BEZIER_KNOTS.);
#38=B_SPLINE_SURFACE_WITH_KNOTS('',3,1,((#13658,#13659),(#13660,#13661),
(#13662,#13663),(#13664,#13665)),.SURF_OF_LINEAR_EXTRUSION.,.F.,.F.,.F.,
(4,4),(2,2),(3.73310580896518E-13,0.999999999999966),(0.,1.),
 .PIECEWISE_BEZIER_KNOTS.);
#39=B_SPLINE_SURFACE_WITH_KNOTS('',3,1,((#13678,#13679),(#13680,#13681),
(#13682,#13683),(#13684,#13685),(#13686,#13687)),
 .SURF_OF_LINEAR_EXTRUSION.,.F.,.F.,.F.,(4,1,4),(2,2),(-6.93889390390723E-18,
0.500000000005179,1.00000000001036),(0.,1.),.UNSPECIFIED.);
#40=B_SPLINE_SURFACE_WITH_KNOTS('',3,1,((#13689,#13690),(#13691,#13692),
(#13693,#13694),(#13695,#13696),(#13697,#13698)),
 .SURF_OF_LINEAR_EXTRUSION.,.F.,.F.,.F.,(4,1,4),(2,2),(6.93889390390723E-18,
0.500000000000152,1.0000000000003),(0.,1.),.UNSPECIFIED.);
#41=B_SPLINE_SURFACE_WITH_KNOTS('',3,1,((#13706,#13707),(#13708,#13709),
(#13710,#13711),(#13712,#13713)),.SURF_OF_LINEAR_EXTRUSION.,.F.,.F.,.F.,
(4,4),(2,2),(-1.83908444029157E-13,1.),(0.,1.),.PIECEWISE_BEZIER_KNOTS.);
#42=B_SPLINE_SURFACE_WITH_KNOTS('',3,1,((#13715,#13716),(#13717,#13718),
(#13719,#13720),(#13721,#13722)),.SURF_OF_LINEAR_EXTRUSION.,.F.,.F.,.F.,
(4,4),(2,2),(-2.25765071422873E-13,1.),(0.,1.),.PIECEWISE_BEZIER_KNOTS.);
#43=B_SPLINE_SURFACE_WITH_KNOTS('',3,1,((#13970,#13971),(#13972,#13973),
(#13974,#13975),(#13976,#13977),(#13978,#13979)),
 .SURF_OF_LINEAR_EXTRUSION.,.F.,.F.,.F.,(4,1,4),(2,2),(0.,0.499999999999997,
0.999999999999994),(0.,1.),.UNSPECIFIED.);
#44=B_SPLINE_SURFACE_WITH_KNOTS('',3,1,((#13981,#13982),(#13983,#13984),
(#13985,#13986),(#13987,#13988),(#13989,#13990)),
 .SURF_OF_LINEAR_EXTRUSION.,.F.,.F.,.F.,(4,1,4),(2,2),(-3.46944695195361E-18,
0.500000000000037,1.00000000000007),(0.,1.),.UNSPECIFIED.);
#45=B_SPLINE_SURFACE_WITH_KNOTS('',3,1,((#13998,#13999),(#14000,#14001),
(#14002,#14003),(#14004,#14005)),.SURF_OF_LINEAR_EXTRUSION.,.F.,.F.,.F.,
(4,4),(2,2),(-4.23846283515499E-14,0.999999999999984),(0.,1.),
 .PIECEWISE_BEZIER_KNOTS.);
#46=B_SPLINE_SURFACE_WITH_KNOTS('',3,1,((#14007,#14008),(#14009,#14010),
(#14011,#14012),(#14013,#14014)),.SURF_OF_LINEAR_EXTRUSION.,.F.,.F.,.F.,
(4,4),(2,2),(1.90131934154144E-13,0.999999999999984),(0.,1.),
 .PIECEWISE_BEZIER_KNOTS.);
#47=B_SPLINE_SURFACE_WITH_KNOTS('',3,1,((#14028,#14029),(#14030,#14031),
(#14032,#14033),(#14034,#14035)),.SURF_OF_LINEAR_EXTRUSION.,.F.,.F.,.F.,
(4,4),(2,2),(0.,0.951510497413923),(0.,1.),.PIECEWISE_BEZIER_KNOTS.);
#48=B_SPLINE_SURFACE_WITH_KNOTS('',3,1,((#14037,#14038),(#14039,#14040),
(#14041,#14042),(#14043,#14044),(#14045,#14046)),
 .SURF_OF_LINEAR_EXTRUSION.,.F.,.F.,.F.,(4,1,4),(2,2),(0.,0.500000000000007,
1.00000000000001),(0.,1.),.UNSPECIFIED.);
#49=B_SPLINE_SURFACE_WITH_KNOTS('',3,1,((#14066,#14067),(#14068,#14069),
(#14070,#14071),(#14072,#14073)),.SURF_OF_LINEAR_EXTRUSION.,.F.,.F.,.F.,
(4,4),(2,2),(0.0918301874101879,0.999999999999997),(0.,1.),
 .PIECEWISE_BEZIER_KNOTS.);
#50=B_SPLINE_SURFACE_WITH_KNOTS('',3,1,((#14075,#14076),(#14077,#14078),
(#14079,#14080),(#14081,#14082)),.SURF_OF_LINEAR_EXTRUSION.,.F.,.F.,.F.,
(4,4),(2,2),(1.1352039344008E-13,1.00000000000011),(0.,1.),
 .PIECEWISE_BEZIER_KNOTS.);
#51=B_SPLINE_SURFACE_WITH_KNOTS('',3,1,((#14089,#14090),(#14091,#14092),
(#14093,#14094),(#14095,#14096)),.SURF_OF_LINEAR_EXTRUSION.,.F.,.F.,.F.,
(4,4),(2,2),(-1.52849954915268E-13,1.),(0.,1.),.PIECEWISE_BEZIER_KNOTS.);
#52=B_SPLINE_SURFACE_WITH_KNOTS('',3,1,((#14098,#14099),(#14100,#14101),
(#14102,#14103),(#14104,#14105)),.SURF_OF_LINEAR_EXTRUSION.,.F.,.F.,.F.,
(4,4),(2,2),(-1.88262932169936E-13,1.),(0.,1.),.PIECEWISE_BEZIER_KNOTS.);
#53=B_SPLINE_SURFACE_WITH_KNOTS('',3,1,((#14124,#14125),(#14126,#14127),
(#14128,#14129),(#14130,#14131)),.SURF_OF_LINEAR_EXTRUSION.,.F.,.F.,.F.,
(4,4),(2,2),(-4.41868763800812E-14,1.00000000000052),(0.,1.),
 .PIECEWISE_BEZIER_KNOTS.);
#54=B_SPLINE_SURFACE_WITH_KNOTS('',3,1,((#14133,#14134),(#14135,#14136),
(#14137,#14138),(#14139,#14140)),.SURF_OF_LINEAR_EXTRUSION.,.F.,.F.,.F.,
(4,4),(2,2),(-4.41868763800812E-14,1.00000000000047),(0.,1.),
 .PIECEWISE_BEZIER_KNOTS.);
#55=B_SPLINE_SURFACE_WITH_KNOTS('',3,1,((#14147,#14148),(#14149,#14150),
(#14151,#14152),(#14153,#14154)),.SURF_OF_LINEAR_EXTRUSION.,.F.,.F.,.F.,
(4,4),(2,2),(5.60950899614696E-13,0.846869396216237),(0.,1.),
 .PIECEWISE_BEZIER_KNOTS.);
#56=B_SPLINE_SURFACE_WITH_KNOTS('',3,1,((#14159,#14160),(#14161,#14162),
(#14163,#14164),(#14165,#14166)),.SURF_OF_LINEAR_EXTRUSION.,.F.,.F.,.F.,
(4,4),(2,2),(5.70170393348255E-13,0.999999999999444),(0.,1.),
 .PIECEWISE_BEZIER_KNOTS.);
#57=B_SPLINE_SURFACE_WITH_KNOTS('',3,1,((#14174,#14175),(#14176,#14177),
(#14178,#14179),(#14180,#14181)),.SURF_OF_LINEAR_EXTRUSION.,.F.,.F.,.F.,
(4,4),(2,2),(0.081581784350569,1.00000000000033),(0.,1.),
 .PIECEWISE_BEZIER_KNOTS.);
#58=B_SPLINE_SURFACE_WITH_KNOTS('',3,1,((#14188,#14189),(#14190,#14191),
(#14192,#14193),(#14194,#14195)),.SURF_OF_LINEAR_EXTRUSION.,.F.,.F.,.F.,
(4,4),(2,2),(4.78218215052928E-13,1.00000000000048),(0.,1.),
 .PIECEWISE_BEZIER_KNOTS.);
#59=B_SPLINE_SURFACE_WITH_KNOTS('',3,1,((#14197,#14198),(#14199,#14200),
(#14201,#14202),(#14203,#14204)),.SURF_OF_LINEAR_EXTRUSION.,.F.,.F.,.F.,
(4,4),(2,2),(5.52598489661503E-13,0.999999999999966),(0.,1.),
 .PIECEWISE_BEZIER_KNOTS.);
#60=B_SPLINE_SURFACE_WITH_KNOTS('',3,1,((#14206,#14207),(#14208,#14209),
(#14210,#14211),(#14212,#14213)),.SURF_OF_LINEAR_EXTRUSION.,.F.,.F.,.F.,
(4,4),(2,2),(4.27872806639421E-13,0.999999999999966),(0.,1.),
 .PIECEWISE_BEZIER_KNOTS.);
#61=B_SPLINE_SURFACE_WITH_KNOTS('',3,1,((#14226,#14227),(#14228,#14229),
(#14230,#14231),(#14232,#14233),(#14234,#14235)),
 .SURF_OF_LINEAR_EXTRUSION.,.F.,.F.,.F.,(4,1,4),(2,2),(-6.93889390390723E-18,
0.500000000005164,1.00000000001033),(0.,1.),.UNSPECIFIED.);
#62=B_SPLINE_SURFACE_WITH_KNOTS('',3,1,((#14237,#14238),(#14239,#14240),
(#14241,#14242),(#14243,#14244),(#14245,#14246)),
 .SURF_OF_LINEAR_EXTRUSION.,.F.,.F.,.F.,(4,1,4),(2,2),(6.93889390390723E-18,
0.50000000000017,1.00000000000034),(0.,1.),.UNSPECIFIED.);
#63=B_SPLINE_SURFACE_WITH_KNOTS('',3,1,((#14262,#14263),(#14264,#14265),
(#14266,#14267),(#14268,#14269)),.SURF_OF_LINEAR_EXTRUSION.,.F.,.F.,.F.,
(4,4),(2,2),(-1.63078449369211E-13,0.999999999999998),(0.,1.),
 .PIECEWISE_BEZIER_KNOTS.);
#64=B_SPLINE_SURFACE_WITH_KNOTS('',3,1,((#14271,#14272),(#14273,#14274),
(#14275,#14276),(#14277,#14278)),.SURF_OF_LINEAR_EXTRUSION.,.F.,.F.,.F.,
(4,4),(2,2),(-3.27293747659496E-13,0.999999999999998),(0.,1.),
 .PIECEWISE_BEZIER_KNOTS.);
#65=B_SPLINE_SURFACE_WITH_KNOTS('',3,1,((#14696,#14697),(#14698,#14699),
(#14700,#14701),(#14702,#14703),(#14704,#14705)),
 .SURF_OF_LINEAR_EXTRUSION.,.F.,.F.,.F.,(4,1,4),(2,2),(-9.99200722162641E-15,
0.500000000000196,1.0000000000004),(0.,1.),.UNSPECIFIED.);
#66=B_SPLINE_SURFACE_WITH_KNOTS('',3,1,((#14714,#14715),(#14716,#14717),
(#14718,#14719),(#14720,#14721),(#14722,#14723)),
 .SURF_OF_LINEAR_EXTRUSION.,.F.,.F.,.F.,(4,1,4),(2,2),(-1.00058850094342E-14,
0.49999999999997,0.999999999999949),(0.,1.),.UNSPECIFIED.);
#67=B_SPLINE_SURFACE_WITH_KNOTS('',3,1,((#14726,#14727),(#14728,#14729),
(#14730,#14731),(#14732,#14733)),.SURF_OF_LINEAR_EXTRUSION.,.F.,.F.,.F.,
(4,4),(2,2),(-3.46865866032792E-13,0.999999999999967),(0.,1.),
 .PIECEWISE_BEZIER_KNOTS.);
#68=B_SPLINE_SURFACE_WITH_KNOTS('',3,1,((#14740,#14741),(#14742,#14743),
(#14744,#14745),(#14746,#14747)),.SURF_OF_LINEAR_EXTRUSION.,.F.,.F.,.F.,
(4,4),(2,2),(1.43357443993263E-13,0.999999999999967),(0.,1.),
 .PIECEWISE_BEZIER_KNOTS.);
#69=B_SPLINE_SURFACE_WITH_KNOTS('',3,1,((#14755,#14756),(#14757,#14758),
(#14759,#14760),(#14761,#14762),(#14763,#14764)),
 .SURF_OF_LINEAR_EXTRUSION.,.F.,.F.,.F.,(4,1,4),(2,2),(3.49165141244612E-14,
0.500000000000088,1.00000000000014),(0.,1.),.UNSPECIFIED.);
#70=B_SPLINE_SURFACE_WITH_KNOTS('',3,1,((#14771,#14772),(#14773,#14774),
(#14775,#14776),(#14777,#14778),(#14779,#14780)),
 .SURF_OF_LINEAR_EXTRUSION.,.F.,.F.,.F.,(4,1,4),(2,2),(3.49026363366534E-14,
0.499999999999989,0.999999999999943),(0.,1.),.UNSPECIFIED.);
#71=B_SPLINE_SURFACE_WITH_KNOTS('',3,1,((#14782,#14783),(#14784,#14785),
(#14786,#14787),(#14788,#14789)),.SURF_OF_LINEAR_EXTRUSION.,.F.,.F.,.F.,
(4,4),(2,2),(-4.24344743554759E-14,1.),(0.,1.),.PIECEWISE_BEZIER_KNOTS.);
#72=B_SPLINE_SURFACE_WITH_KNOTS('',3,1,((#14796,#14797),(#14798,#14799),
(#14800,#14801),(#14802,#14803)),.SURF_OF_LINEAR_EXTRUSION.,.F.,.F.,.F.,
(4,4),(2,2),(1.8546736899632E-13,1.),(0.,1.),.PIECEWISE_BEZIER_KNOTS.);
#73=B_SPLINE_SURFACE_WITH_KNOTS('',3,1,((#15035,#15036),(#15037,#15038),
(#15039,#15040),(#15041,#15042),(#15043,#15044)),
 .SURF_OF_LINEAR_EXTRUSION.,.F.,.F.,.F.,(4,1,4),(2,2),(0.,0.500000000000086,
1.00000000000017),(0.,1.),.UNSPECIFIED.);
#74=B_SPLINE_SURFACE_WITH_KNOTS('',3,1,((#15046,#15047),(#15048,#15049),
(#15050,#15051),(#15052,#15053),(#15054,#15055)),
 .SURF_OF_LINEAR_EXTRUSION.,.F.,.F.,.F.,(4,1,4),(2,2),(0.,0.500000000000021,
1.00000000000004),(0.,1.),.UNSPECIFIED.);
#75=B_SPLINE_SURFACE_WITH_KNOTS('',3,1,((#15062,#15063),(#15064,#15065),
(#15066,#15067),(#15068,#15069)),.SURF_OF_LINEAR_EXTRUSION.,.F.,.F.,.F.,
(4,4),(2,2),(-7.76926031038294E-14,1.),(0.,1.),.PIECEWISE_BEZIER_KNOTS.);
#76=B_SPLINE_SURFACE_WITH_KNOTS('',3,1,((#15071,#15072),(#15073,#15074),
(#15075,#15076),(#15077,#15078)),.SURF_OF_LINEAR_EXTRUSION.,.F.,.F.,.F.,
(4,4),(2,2),(-1.57981449095658E-13,1.),(0.,1.),.PIECEWISE_BEZIER_KNOTS.);
#77=B_SPLINE_SURFACE_WITH_KNOTS('',3,1,((#15096,#15097),(#15098,#15099),
(#15100,#15101),(#15102,#15103)),.SURF_OF_LINEAR_EXTRUSION.,.F.,.F.,.F.,
(4,4),(2,2),(1.55916946020795E-14,1.00000000000004),(0.,1.),
 .PIECEWISE_BEZIER_KNOTS.);
#78=B_SPLINE_SURFACE_WITH_KNOTS('',3,1,((#15105,#15106),(#15107,#15108),
(#15109,#15110),(#15111,#15112)),.SURF_OF_LINEAR_EXTRUSION.,.F.,.F.,.F.,
(4,4),(2,2),(1.55951640490315E-14,1.00000000000021),(0.,1.),
 .PIECEWISE_BEZIER_KNOTS.);
#79=B_SPLINE_SURFACE_WITH_KNOTS('',3,1,((#15119,#15120),(#15121,#15122),
(#15123,#15124),(#15125,#15126)),.SURF_OF_LINEAR_EXTRUSION.,.F.,.F.,.F.,
(4,4),(2,2),(1.75478879046877E-13,1.),(0.,1.),.PIECEWISE_BEZIER_KNOTS.);
#80=B_SPLINE_SURFACE_WITH_KNOTS('',3,1,((#15128,#15129),(#15130,#15131),
(#15132,#15133),(#15134,#15135)),.SURF_OF_LINEAR_EXTRUSION.,.F.,.F.,.F.,
(4,4),(2,2),(9.35209398975275E-14,1.),(0.,1.),.PIECEWISE_BEZIER_KNOTS.);
#81=B_SPLINE_SURFACE_WITH_KNOTS('',3,1,((#15295,#15296),(#15297,#15298),
(#15299,#15300),(#15301,#15302)),.SURF_OF_LINEAR_EXTRUSION.,.F.,.F.,.F.,
(4,4),(2,2),(0.,1.00000000000003),(0.,1.),.PIECEWISE_BEZIER_KNOTS.);
#82=B_SPLINE_SURFACE_WITH_KNOTS('',3,1,((#15305,#15306),(#15307,#15308),
(#15309,#15310),(#15311,#15312)),.SURF_OF_LINEAR_EXTRUSION.,.F.,.F.,.F.,
(4,4),(2,2),(-3.46944695195361E-18,0.99999999999996),(0.,1.),
 .PIECEWISE_BEZIER_KNOTS.);
#83=B_SPLINE_SURFACE_WITH_KNOTS('',3,1,((#15321,#15322),(#15323,#15324),
(#15325,#15326),(#15327,#15328)),.SURF_OF_LINEAR_EXTRUSION.,.F.,.F.,.F.,
(4,4),(2,2),(4.59354776438659E-14,1.00000000000002),(0.,1.),
 .PIECEWISE_BEZIER_KNOTS.);
#84=B_SPLINE_SURFACE_WITH_KNOTS('',3,1,((#15330,#15331),(#15332,#15333),
(#15334,#15335),(#15336,#15337)),.SURF_OF_LINEAR_EXTRUSION.,.F.,.F.,.F.,
(4,4),(2,2),(1.18719852501662E-13,1.00000000000002),(0.,1.),
 .PIECEWISE_BEZIER_KNOTS.);
#85=B_SPLINE_SURFACE_WITH_KNOTS('',3,1,((#15350,#15351),(#15352,#15353),
(#15354,#15355),(#15356,#15357)),.SURF_OF_LINEAR_EXTRUSION.,.F.,.F.,.F.,
(4,4),(2,2),(1.57998614191968E-14,0.999999999999921),(0.,1.),
 .PIECEWISE_BEZIER_KNOTS.);
#86=B_SPLINE_SURFACE_WITH_KNOTS('',3,1,((#15359,#15360),(#15361,#15362),
(#15363,#15364),(#15365,#15366)),.SURF_OF_LINEAR_EXTRUSION.,.F.,.F.,.F.,
(4,4),(2,2),(1.57963919722448E-14,0.999999999999994),(0.,1.),
 .PIECEWISE_BEZIER_KNOTS.);
#87=B_SPLINE_SURFACE_WITH_KNOTS('',3,1,((#15373,#15374),(#15375,#15376),
(#15377,#15378),(#15379,#15380)),.SURF_OF_LINEAR_EXTRUSION.,.F.,.F.,.F.,
(4,4),(2,2),(-1.55687962521966E-13,1.00000000000001),(0.,1.),
 .PIECEWISE_BEZIER_KNOTS.);
#88=B_SPLINE_SURFACE_WITH_KNOTS('',3,1,((#15382,#15383),(#15384,#15385),
(#15386,#15387),(#15388,#15389)),.SURF_OF_LINEAR_EXTRUSION.,.F.,.F.,.F.,
(4,4),(2,2),(-1.23539289438733E-13,1.),(0.,1.),.PIECEWISE_BEZIER_KNOTS.);
#89=B_SPLINE_SURFACE_WITH_KNOTS('',3,1,((#15397,#15398),(#15399,#15400),
(#15401,#15402),(#15403,#15404)),.SURF_OF_LINEAR_EXTRUSION.,.F.,.F.,.F.,
(4,4),(2,2),(0.,1.0000000000002),(0.,1.),.PIECEWISE_BEZIER_KNOTS.);
#90=B_SPLINE_SURFACE_WITH_KNOTS('',3,1,((#15406,#15407),(#15408,#15409),
(#15410,#15411),(#15412,#15413)),.SURF_OF_LINEAR_EXTRUSION.,.F.,.F.,.F.,
(4,4),(2,2),(0.,1.00000000000011),(0.,1.),.PIECEWISE_BEZIER_KNOTS.);
#91=B_SPLINE_SURFACE_WITH_KNOTS('',3,1,((#15420,#15421),(#15422,#15423),
(#15424,#15425),(#15426,#15427)),.SURF_OF_LINEAR_EXTRUSION.,.F.,.F.,.F.,
(4,4),(2,2),(3.30707683460219E-14,0.999999999999984),(0.,1.),
 .PIECEWISE_BEZIER_KNOTS.);
#92=B_SPLINE_SURFACE_WITH_KNOTS('',3,1,((#15429,#15430),(#15431,#15432),
(#15433,#15434),(#15435,#15436)),.SURF_OF_LINEAR_EXTRUSION.,.F.,.F.,.F.,
(4,4),(2,2),(7.35522753814166E-15,0.999999999999984),(0.,1.),
 .PIECEWISE_BEZIER_KNOTS.);
#93=B_SPLINE_SURFACE_WITH_KNOTS('',3,1,((#15449,#15450),(#15451,#15452),
(#15453,#15454),(#15455,#15456)),.SURF_OF_LINEAR_EXTRUSION.,.F.,.F.,.F.,
(4,4),(2,2),(-1.57998614191968E-14,1.00000000000003),(0.,1.),
 .PIECEWISE_BEZIER_KNOTS.);
#94=B_SPLINE_SURFACE_WITH_KNOTS('',3,1,((#15458,#15459),(#15460,#15461),
(#15462,#15463),(#15464,#15465)),.SURF_OF_LINEAR_EXTRUSION.,.F.,.F.,.F.,
(4,4),(2,2),(-1.57963919722448E-14,0.999999999999821),(0.,1.),
 .PIECEWISE_BEZIER_KNOTS.);
#95=B_SPLINE_SURFACE_WITH_KNOTS('',3,1,((#15472,#15473),(#15474,#15475),
(#15476,#15477),(#15478,#15479)),.SURF_OF_LINEAR_EXTRUSION.,.F.,.F.,.F.,
(4,4),(2,2),(-7.15076621765348E-15,1.),(0.,1.),.PIECEWISE_BEZIER_KNOTS.);
#96=B_SPLINE_SURFACE_WITH_KNOTS('',3,1,((#15480,#15481),(#15482,#15483),
(#15484,#15485),(#15486,#15487)),.SURF_OF_LINEAR_EXTRUSION.,.F.,.F.,.F.,
(4,4),(2,2),(5.10508072143776E-14,1.),(0.,1.),.PIECEWISE_BEZIER_KNOTS.);
#97=B_SPLINE_SURFACE_WITH_KNOTS('',3,1,((#15554,#15555),(#15556,#15557),
(#15558,#15559),(#15560,#15561),(#15562,#15563)),
 .SURF_OF_LINEAR_EXTRUSION.,.F.,.F.,.F.,(4,1,4),(2,2),(1.23512311489549E-15,
0.500000000000082,1.00000000000016),(0.,1.),.UNSPECIFIED.);
#98=B_SPLINE_SURFACE_WITH_KNOTS('',3,1,((#15572,#15573),(#15574,#15575),
(#15576,#15577),(#15578,#15579),(#15580,#15581)),
 .SURF_OF_LINEAR_EXTRUSION.,.F.,.F.,.F.,(4,1,4),(2,2),(1.26287869051112E-15,
0.499999999999961,0.999999999999921),(0.,1.),.UNSPECIFIED.);
#99=B_SPLINE_SURFACE_WITH_KNOTS('',3,1,((#15584,#15585),(#15586,#15587),
(#15588,#15589),(#15590,#15591)),.SURF_OF_LINEAR_EXTRUSION.,.F.,.F.,.F.,
(4,4),(2,2),(-3.1973678507445E-13,0.999999999999967),(0.,1.),
 .PIECEWISE_BEZIER_KNOTS.);
#100=B_SPLINE_SURFACE_WITH_KNOTS('',3,1,((#15598,#15599),(#15600,#15601),
(#15602,#15603),(#15604,#15605)),.SURF_OF_LINEAR_EXTRUSION.,.F.,.F.,.F.,
(4,4),(2,2),(-3.75428244989673E-14,0.999999999999967),(0.,1.),
 .PIECEWISE_BEZIER_KNOTS.);
#101=B_SPLINE_SURFACE_WITH_KNOTS('',3,1,((#15613,#15614),(#15615,#15616),
(#15617,#15618),(#15619,#15620),(#15621,#15622)),
 .SURF_OF_LINEAR_EXTRUSION.,.F.,.F.,.F.,(4,1,4),(2,2),(3.49026363366534E-14,
0.500000000000085,1.00000000000013),(0.,1.),.UNSPECIFIED.);
#102=B_SPLINE_SURFACE_WITH_KNOTS('',3,1,((#15629,#15630),(#15631,#15632),
(#15633,#15634),(#15635,#15636),(#15637,#15638)),
 .SURF_OF_LINEAR_EXTRUSION.,.F.,.F.,.F.,(4,1,4),(2,2),(3.49026363366534E-14,
0.500000000000075,1.00000000000011),(0.,1.),.UNSPECIFIED.);
#103=B_SPLINE_SURFACE_WITH_KNOTS('',3,1,((#15640,#15641),(#15642,#15643),
(#15644,#15645),(#15646,#15647)),.SURF_OF_LINEAR_EXTRUSION.,.F.,.F.,.F.,
(4,4),(2,2),(1.57378161530539E-13,1.),(0.,1.),.PIECEWISE_BEZIER_KNOTS.);
#104=B_SPLINE_SURFACE_WITH_KNOTS('',3,1,((#15654,#15655),(#15656,#15657),
(#15658,#15659),(#15660,#15661)),.SURF_OF_LINEAR_EXTRUSION.,.F.,.F.,.F.,
(4,4),(2,2),(2.11995357525056E-13,1.),(0.,1.),.PIECEWISE_BEZIER_KNOTS.);
#105=B_SPLINE_SURFACE_WITH_KNOTS('',3,1,((#15771,#15772),(#15773,#15774),
(#15775,#15776),(#15777,#15778),(#15779,#15780)),
 .SURF_OF_LINEAR_EXTRUSION.,.F.,.F.,.F.,(4,1,4),(2,2),(-2.02615701994091E-15,
0.500000000000085,1.00000000000017),(0.,1.),.UNSPECIFIED.);
#106=B_SPLINE_SURFACE_WITH_KNOTS('',3,1,((#15782,#15783),(#15784,#15785),
(#15786,#15787),(#15788,#15789),(#15790,#15791)),
 .SURF_OF_LINEAR_EXTRUSION.,.F.,.F.,.F.,(4,1,4),(2,2),(-2.02615701994091E-15,
0.500000000000036,1.00000000000007),(0.,1.),.UNSPECIFIED.);
#107=B_SPLINE_SURFACE_WITH_KNOTS('',3,1,((#15798,#15799),(#15800,#15801),
(#15802,#15803),(#15804,#15805)),.SURF_OF_LINEAR_EXTRUSION.,.F.,.F.,.F.,
(4,4),(2,2),(-6.58637193955694E-14,1.),(0.,1.),.PIECEWISE_BEZIER_KNOTS.);
#108=B_SPLINE_SURFACE_WITH_KNOTS('',3,1,((#15807,#15808),(#15809,#15810),
(#15811,#15812),(#15813,#15814)),.SURF_OF_LINEAR_EXTRUSION.,.F.,.F.,.F.,
(4,4),(2,2),(-1.50984772779275E-13,1.),(0.,1.),.PIECEWISE_BEZIER_KNOTS.);
#109=B_SPLINE_SURFACE_WITH_KNOTS('',3,1,((#15832,#15833),(#15834,#15835),
(#15836,#15837),(#15838,#15839)),.SURF_OF_LINEAR_EXTRUSION.,.F.,.F.,.F.,
(4,4),(2,2),(0.,0.999999999999954),(0.,1.),.PIECEWISE_BEZIER_KNOTS.);
#110=B_SPLINE_SURFACE_WITH_KNOTS('',3,1,((#15841,#15842),(#15843,#15844),
(#15845,#15846),(#15847,#15848)),.SURF_OF_LINEAR_EXTRUSION.,.F.,.F.,.F.,
(4,4),(2,2),(0.,0.99999999999987),(0.,1.),.PIECEWISE_BEZIER_KNOTS.);
#111=B_SPLINE_SURFACE_WITH_KNOTS('',3,1,((#15855,#15856),(#15857,#15858),
(#15859,#15860),(#15861,#15862)),.SURF_OF_LINEAR_EXTRUSION.,.F.,.F.,.F.,
(4,4),(2,2),(-1.46840872794485E-13,1.),(0.,1.),.PIECEWISE_BEZIER_KNOTS.);
#112=B_SPLINE_SURFACE_WITH_KNOTS('',3,1,((#15864,#15865),(#15866,#15867),
(#15868,#15869),(#15870,#15871)),.SURF_OF_LINEAR_EXTRUSION.,.F.,.F.,.F.,
(4,4),(2,2),(-8.64485527367164E-14,1.),(0.,1.),.PIECEWISE_BEZIER_KNOTS.);
#113=B_SPLINE_SURFACE_WITH_KNOTS('',3,1,((#15998,#15999),(#16000,#16001),
(#16002,#16003),(#16004,#16005)),.SURF_OF_LINEAR_EXTRUSION.,.F.,.F.,.F.,
(4,4),(2,2),(0.,0.999999999999903),(0.,1.),.PIECEWISE_BEZIER_KNOTS.);
#114=B_SPLINE_SURFACE_WITH_KNOTS('',3,1,((#16014,#16015),(#16016,#16017),
(#16018,#16019),(#16020,#16021)),.SURF_OF_LINEAR_EXTRUSION.,.F.,.F.,.F.,
(4,4),(2,2),(-1.3517570518715E-11,0.999999999999851),(0.,1.),
 .PIECEWISE_BEZIER_KNOTS.);
#115=B_SPLINE_SURFACE_WITH_KNOTS('',3,1,((#16024,#16025),(#16026,#16027),
(#16028,#16029),(#16030,#16031)),.SURF_OF_LINEAR_EXTRUSION.,.F.,.F.,.F.,
(4,4),(2,2),(4.21123835651955E-13,0.999999999999963),(0.,1.),
 .PIECEWISE_BEZIER_KNOTS.);
#116=B_SPLINE_SURFACE_WITH_KNOTS('',3,1,((#16038,#16039),(#16040,#16041),
(#16042,#16043),(#16044,#16045)),.SURF_OF_LINEAR_EXTRUSION.,.F.,.F.,.F.,
(4,4),(2,2),(-2.39393471028538E-13,0.999999999999963),(0.,1.),
 .PIECEWISE_BEZIER_KNOTS.);
#117=B_SPLINE_SURFACE_WITH_KNOTS('',3,1,((#16053,#16054),(#16055,#16056),
(#16057,#16058),(#16059,#16060),(#16061,#16062)),
 .SURF_OF_LINEAR_EXTRUSION.,.F.,.F.,.F.,(4,1,4),(2,2),(-6.93889390390723E-18,
0.499999999999807,0.999999999999614),(0.,1.),.UNSPECIFIED.);
#118=B_SPLINE_SURFACE_WITH_KNOTS('',3,1,((#16069,#16070),(#16071,#16072),
(#16073,#16074),(#16075,#16076),(#16077,#16078)),
 .SURF_OF_LINEAR_EXTRUSION.,.F.,.F.,.F.,(4,1,4),(2,2),(0.,0.49999999999988,
0.99999999999976),(0.,1.),.UNSPECIFIED.);
#119=B_SPLINE_SURFACE_WITH_KNOTS('',3,1,((#16080,#16081),(#16082,#16083),
(#16084,#16085),(#16086,#16087)),.SURF_OF_LINEAR_EXTRUSION.,.F.,.F.,.F.,
(4,4),(2,2),(4.36671898951282E-13,1.),(0.,1.),.PIECEWISE_BEZIER_KNOTS.);
#120=B_SPLINE_SURFACE_WITH_KNOTS('',3,1,((#16094,#16095),(#16096,#16097),
(#16098,#16099),(#16100,#16101)),.SURF_OF_LINEAR_EXTRUSION.,.F.,.F.,.F.,
(4,4),(2,2),(6.60681932207516E-14,1.),(0.,1.),.PIECEWISE_BEZIER_KNOTS.);
#121=B_SPLINE_SURFACE_WITH_KNOTS('',3,1,((#16217,#16218),(#16219,#16220),
(#16221,#16222),(#16223,#16224),(#16225,#16226)),
 .SURF_OF_LINEAR_EXTRUSION.,.F.,.F.,.F.,(4,1,4),(2,2),(-6.13398221105399E-15,
0.499999999999929,0.999999999999864),(0.,1.),.UNSPECIFIED.);
#122=B_SPLINE_SURFACE_WITH_KNOTS('',3,1,((#16235,#16236),(#16237,#16238),
(#16239,#16240),(#16241,#16242),(#16243,#16244)),
 .SURF_OF_LINEAR_EXTRUSION.,.F.,.F.,.F.,(4,1,4),(2,2),(-6.13398221105399E-15,
0.499999999999906,0.999999999999818),(0.,1.),.UNSPECIFIED.);
#123=B_SPLINE_SURFACE_WITH_KNOTS('',3,1,((#16247,#16248),(#16249,#16250),
(#16251,#16252),(#16253,#16254)),.SURF_OF_LINEAR_EXTRUSION.,.F.,.F.,.F.,
(4,4),(2,2),(-1.85100537478979E-13,1.),(0.,1.),.PIECEWISE_BEZIER_KNOTS.);
#124=B_SPLINE_SURFACE_WITH_KNOTS('',3,1,((#16261,#16262),(#16263,#16264),
(#16265,#16266),(#16267,#16268)),.SURF_OF_LINEAR_EXTRUSION.,.F.,.F.,.F.,
(4,4),(2,2),(-2.55628851419942E-14,1.),(0.,1.),.PIECEWISE_BEZIER_KNOTS.);
#125=B_SPLINE_SURFACE_WITH_KNOTS('',3,1,((#16276,#16277),(#16278,#16279),
(#16280,#16281),(#16282,#16283),(#16284,#16285)),
 .SURF_OF_LINEAR_EXTRUSION.,.F.,.F.,.F.,(4,1,4),(2,2),(3.68802210992669E-14,
0.49999999999999,0.999999999999943),(0.,1.),.UNSPECIFIED.);
#126=B_SPLINE_SURFACE_WITH_KNOTS('',3,1,((#16292,#16293),(#16294,#16295),
(#16296,#16297),(#16298,#16299),(#16300,#16301)),
 .SURF_OF_LINEAR_EXTRUSION.,.F.,.F.,.F.,(4,1,4),(2,2),(-1.33461461999552E-13,
0.499999999999858,0.99999999999985),(0.,1.),.UNSPECIFIED.);
#127=B_SPLINE_SURFACE_WITH_KNOTS('',3,1,((#16303,#16304),(#16305,#16306),
(#16307,#16308),(#16309,#16310)),.SURF_OF_LINEAR_EXTRUSION.,.F.,.F.,.F.,
(4,4),(2,2),(-7.1956329783518E-14,1.00000000000001),(0.,1.),
 .PIECEWISE_BEZIER_KNOTS.);
#128=B_SPLINE_SURFACE_WITH_KNOTS('',3,1,((#16317,#16318),(#16319,#16320),
(#16321,#16322),(#16323,#16324)),.SURF_OF_LINEAR_EXTRUSION.,.F.,.F.,.F.,
(4,4),(2,2),(-1.28452809188117E-13,1.00000000000001),(0.,1.),
 .PIECEWISE_BEZIER_KNOTS.);
#129=B_SPLINE_SURFACE_WITH_KNOTS('',3,1,((#16456,#16457),(#16458,#16459),
(#16460,#16461),(#16462,#16463),(#16464,#16465)),
 .SURF_OF_LINEAR_EXTRUSION.,.F.,.F.,.F.,(4,1,4),(2,2),(0.,0.50000000000001,
1.00000000000002),(0.,1.),.UNSPECIFIED.);
#130=B_SPLINE_SURFACE_WITH_KNOTS('',3,1,((#16477,#16478),(#16479,#16480),
(#16481,#16482),(#16483,#16484),(#16485,#16486)),
 .SURF_OF_LINEAR_EXTRUSION.,.F.,.F.,.F.,(4,1,4),(2,2),(0.,0.50000000000001,
1.00000000000002),(0.,1.),.UNSPECIFIED.);
#131=B_SPLINE_SURFACE_WITH_KNOTS('',3,1,((#16495,#16496),(#16497,#16498),
(#16499,#16500),(#16501,#16502),(#16503,#16504)),
 .SURF_OF_LINEAR_EXTRUSION.,.F.,.F.,.F.,(4,1,4),(2,2),(1.91895110912554E-14,
0.50000000000001,1.),(0.,1.),.UNSPECIFIED.);
#132=B_SPLINE_SURFACE_WITH_KNOTS('',3,1,((#16514,#16515),(#16516,#16517),
(#16518,#16519),(#16520,#16521),(#16522,#16523)),
 .SURF_OF_LINEAR_EXTRUSION.,.F.,.F.,.F.,(4,1,4),(2,2),(1.91895110912554E-14,
0.50000000000001,1.),(0.,1.),.UNSPECIFIED.);
#133=B_SPLINE_SURFACE_WITH_KNOTS('',3,1,((#16525,#16526),(#16527,#16528),
(#16529,#16530),(#16531,#16532),(#16533,#16534)),
 .SURF_OF_LINEAR_EXTRUSION.,.F.,.F.,.F.,(4,1,4),(2,2),(0.,0.49999999999999,
0.999999999999981),(0.,1.),.UNSPECIFIED.);
#134=B_SPLINE_SURFACE_WITH_KNOTS('',3,1,((#16544,#16545),(#16546,#16547),
(#16548,#16549),(#16550,#16551),(#16552,#16553)),
 .SURF_OF_LINEAR_EXTRUSION.,.F.,.F.,.F.,(4,1,4),(2,2),(0.,0.49999999999999,
0.999999999999981),(0.,1.),.UNSPECIFIED.);
#135=B_SPLINE_SURFACE_WITH_KNOTS('',3,1,((#16561,#16562),(#16563,#16564),
(#16565,#16566),(#16567,#16568),(#16569,#16570)),
 .SURF_OF_LINEAR_EXTRUSION.,.F.,.F.,.F.,(4,1,4),(2,2),(-1.91999194321113E-14,
0.49999999999999,1.),(0.,1.),.UNSPECIFIED.);
#136=B_SPLINE_SURFACE_WITH_KNOTS('',3,1,((#16578,#16579),(#16580,#16581),
(#16582,#16583),(#16584,#16585),(#16586,#16587)),
 .SURF_OF_LINEAR_EXTRUSION.,.F.,.F.,.F.,(4,1,4),(2,2),(-1.91999194321113E-14,
0.49999999999999,1.),(0.,1.),.UNSPECIFIED.);
#137=CYLINDRICAL_SURFACE('',#9721,0.008);
#138=CYLINDRICAL_SURFACE('',#9722,0.008);
#139=CYLINDRICAL_SURFACE('',#9724,0.008);
#140=CYLINDRICAL_SURFACE('',#9726,0.008);
#141=CYLINDRICAL_SURFACE('',#9729,0.006);
#142=CYLINDRICAL_SURFACE('',#9730,0.006);
#143=CYLINDRICAL_SURFACE('',#9732,0.006);
#144=CYLINDRICAL_SURFACE('',#9734,0.006);
#145=CYLINDRICAL_SURFACE('',#9737,0.0045);
#146=CYLINDRICAL_SURFACE('',#9738,0.0035);
#147=CYLINDRICAL_SURFACE('',#9739,0.0035);
#148=CYLINDRICAL_SURFACE('',#9740,0.0035);
#149=CYLINDRICAL_SURFACE('',#9741,0.0127);
#150=CYLINDRICAL_SURFACE('',#9742,0.0045);
#151=CYLINDRICAL_SURFACE('',#9743,0.0045);
#152=CYLINDRICAL_SURFACE('',#9744,0.0045);
#153=CYLINDRICAL_SURFACE('',#9745,0.00475);
#154=CYLINDRICAL_SURFACE('',#9758,0.0025);
#155=CYLINDRICAL_SURFACE('',#9761,0.0025);
#156=CYLINDRICAL_SURFACE('',#9764,0.0025);
#157=CYLINDRICAL_SURFACE('',#9767,0.0025);
#158=CYLINDRICAL_SURFACE('',#9770,0.0025);
#159=CYLINDRICAL_SURFACE('',#9773,0.0025);
#160=CYLINDRICAL_SURFACE('',#9787,6.35E-5);
#161=CYLINDRICAL_SURFACE('',#9791,6.35E-5);
#162=CYLINDRICAL_SURFACE('',#9794,6.35E-5);
#163=CYLINDRICAL_SURFACE('',#9798,6.35E-5);
#164=CYLINDRICAL_SURFACE('',#9801,6.35E-5);
#165=CYLINDRICAL_SURFACE('',#9807,6.35E-5);
#166=CYLINDRICAL_SURFACE('',#9810,6.35E-5);
#167=CYLINDRICAL_SURFACE('',#9813,6.35E-5);
#168=CYLINDRICAL_SURFACE('',#9829,6.35E-5);
#169=CYLINDRICAL_SURFACE('',#9832,6.35E-5);
#170=CYLINDRICAL_SURFACE('',#9835,6.35E-5);
#171=CYLINDRICAL_SURFACE('',#9840,6.35E-5);
#172=CYLINDRICAL_SURFACE('',#9842,6.35E-5);
#173=CYLINDRICAL_SURFACE('',#9849,6.35E-5);
#174=CYLINDRICAL_SURFACE('',#9853,6.35E-5);
#175=CYLINDRICAL_SURFACE('',#9855,6.35E-5);
#176=CYLINDRICAL_SURFACE('',#9873,6.35E-5);
#177=CYLINDRICAL_SURFACE('',#9874,6.35E-5);
#178=CYLINDRICAL_SURFACE('',#9877,6.35E-5);
#179=CYLINDRICAL_SURFACE('',#9880,6.35E-5);
#180=CYLINDRICAL_SURFACE('',#9882,6.35E-5);
#181=CYLINDRICAL_SURFACE('',#9886,6.35E-5);
#182=CYLINDRICAL_SURFACE('',#9889,6.35E-5);
#183=CYLINDRICAL_SURFACE('',#9892,6.35E-5);
#184=CYLINDRICAL_SURFACE('',#9912,6.35E-5);
#185=CYLINDRICAL_SURFACE('',#9913,6.35E-5);
#186=CYLINDRICAL_SURFACE('',#9915,6.35E-5);
#187=CYLINDRICAL_SURFACE('',#9918,6.35E-5);
#188=CYLINDRICAL_SURFACE('',#9922,6.35E-5);
#189=CYLINDRICAL_SURFACE('',#9928,6.35E-5);
#190=CYLINDRICAL_SURFACE('',#9930,6.35E-5);
#191=CYLINDRICAL_SURFACE('',#9933,6.35E-5);
#192=CYLINDRICAL_SURFACE('',#9937,6.35E-5);
#193=CYLINDRICAL_SURFACE('',#9942,6.35E-5);
#194=CYLINDRICAL_SURFACE('',#9944,6.35E-5);
#195=CYLINDRICAL_SURFACE('',#9947,6.35E-5);
#196=CYLINDRICAL_SURFACE('',#9957,6.35E-5);
#197=CYLINDRICAL_SURFACE('',#9960,6.35E-5);
#198=CYLINDRICAL_SURFACE('',#9975,6.35E-5);
#199=CYLINDRICAL_SURFACE('',#9976,6.35E-5);
#200=CYLINDRICAL_SURFACE('',#9979,6.35E-5);
#201=CYLINDRICAL_SURFACE('',#9983,6.35E-5);
#202=CYLINDRICAL_SURFACE('',#9985,6.35E-5);
#203=CYLINDRICAL_SURFACE('',#9991,6.35E-5);
#204=CYLINDRICAL_SURFACE('',#9994,6.35E-5);
#205=CYLINDRICAL_SURFACE('',#9997,6.35E-5);
#206=CYLINDRICAL_SURFACE('',#10009,6.35E-5);
#207=CYLINDRICAL_SURFACE('',#10015,6.35E-5);
#208=CYLINDRICAL_SURFACE('',#10024,6.35E-5);
#209=CYLINDRICAL_SURFACE('',#10025,6.35E-5);
#210=CYLINDRICAL_SURFACE('',#10027,6.35E-5);
#211=CYLINDRICAL_SURFACE('',#10030,6.35E-5);
#212=CYLINDRICAL_SURFACE('',#10046,6.35E-5);
#213=CYLINDRICAL_SURFACE('',#10049,6.35E-5);
#214=CYLINDRICAL_SURFACE('',#10060,6.35E-5);
#215=CYLINDRICAL_SURFACE('',#10066,6.35E-5);
#216=CYLINDRICAL_SURFACE('',#10071,6.35E-5);
#217=CYLINDRICAL_SURFACE('',#10073,6.35E-5);
#218=CYLINDRICAL_SURFACE('',#10085,6.35E-5);
#219=CYLINDRICAL_SURFACE('',#10088,6.35E-5);
#220=CYLINDRICAL_SURFACE('',#10102,6.35E-5);
#221=CYLINDRICAL_SURFACE('',#10105,6.35E-5);
#222=CYLINDRICAL_SURFACE('',#10116,0.001);
#223=CYLINDRICAL_SURFACE('',#10121,0.001);
#224=CYLINDRICAL_SURFACE('',#10126,0.001);
#225=CYLINDRICAL_SURFACE('',#10131,0.001);
#226=CYLINDRICAL_SURFACE('',#10136,0.001);
#227=CYLINDRICAL_SURFACE('',#10141,0.001);
#228=CYLINDRICAL_SURFACE('',#10244,0.008);
#229=CYLINDRICAL_SURFACE('',#10245,0.008);
#230=CYLINDRICAL_SURFACE('',#10246,0.008);
#231=CYLINDRICAL_SURFACE('',#10247,0.008);
#232=CYLINDRICAL_SURFACE('',#10251,0.006);
#233=CYLINDRICAL_SURFACE('',#10252,0.006);
#234=CYLINDRICAL_SURFACE('',#10253,0.006);
#235=CYLINDRICAL_SURFACE('',#10254,0.006);
#236=CYLINDRICAL_SURFACE('',#10255,0.0025);
#237=CYLINDRICAL_SURFACE('',#10259,0.0025);
#238=CYLINDRICAL_SURFACE('',#10263,0.0025);
#239=CYLINDRICAL_SURFACE('',#10267,0.0025);
#240=CYLINDRICAL_SURFACE('',#10271,0.0025);
#241=CYLINDRICAL_SURFACE('',#10275,0.0011);
#242=CYLINDRICAL_SURFACE('',#10276,0.0011);
#243=CYLINDRICAL_SURFACE('',#10277,0.0011);
#244=CYLINDRICAL_SURFACE('',#10278,0.0011);
#245=CYLINDRICAL_SURFACE('',#10279,0.0011);
#246=CYLINDRICAL_SURFACE('',#10280,0.00075);
#247=CYLINDRICAL_SURFACE('',#10281,0.00075);
#248=CYLINDRICAL_SURFACE('',#10282,0.00075);
#249=CYLINDRICAL_SURFACE('',#10283,0.00075);
#250=CYLINDRICAL_SURFACE('',#10284,0.00075);
#251=CYLINDRICAL_SURFACE('',#10285,0.00075);
#252=CYLINDRICAL_SURFACE('',#10286,0.00075);
#253=CYLINDRICAL_SURFACE('',#10287,0.00075);
#254=CYLINDRICAL_SURFACE('',#10288,0.00075);
#255=CYLINDRICAL_SURFACE('',#10289,0.00075);
#256=CYLINDRICAL_SURFACE('',#10290,0.00075);
#257=CYLINDRICAL_SURFACE('',#10291,0.00075);
#258=CYLINDRICAL_SURFACE('',#10292,0.00075);
#259=CYLINDRICAL_SURFACE('',#10293,0.00075);
#260=CYLINDRICAL_SURFACE('',#10294,0.00075);
#261=CYLINDRICAL_SURFACE('',#10295,0.00075);
#262=CYLINDRICAL_SURFACE('',#10296,0.00075);
#263=CYLINDRICAL_SURFACE('',#10297,0.00075);
#264=CYLINDRICAL_SURFACE('',#10298,0.00075);
#265=CYLINDRICAL_SURFACE('',#10299,0.00075);
#266=CYLINDRICAL_SURFACE('',#10300,0.00075);
#267=CYLINDRICAL_SURFACE('',#10301,0.00075);
#268=CYLINDRICAL_SURFACE('',#10302,0.00075);
#269=CYLINDRICAL_SURFACE('',#10303,0.00075);
#270=CYLINDRICAL_SURFACE('',#10304,0.00075);
#271=CYLINDRICAL_SURFACE('',#10305,0.00135);
#272=CYLINDRICAL_SURFACE('',#10321,0.0258654281800917);
#273=CYLINDRICAL_SURFACE('',#10323,0.024625);
#274=CYLINDRICAL_SURFACE('',#10326,0.001);
#275=CYLINDRICAL_SURFACE('',#10329,0.00135);
#276=CYLINDRICAL_SURFACE('',#10332,0.00135);
#277=CYLINDRICAL_SURFACE('',#10335,0.00135);
#278=CYLINDRICAL_SURFACE('',#10338,0.001);
#279=CYLINDRICAL_SURFACE('',#10341,0.001);
#280=CYLINDRICAL_SURFACE('',#10344,0.001625);
#281=CYLINDRICAL_SURFACE('',#10347,0.001625);
#282=CYLINDRICAL_SURFACE('',#10350,0.001);
#283=B_SPLINE_CURVE_WITH_KNOTS('',3,(#12593,#12594,#12595,#12596,#12597),
 .UNSPECIFIED.,.F.,.F.,(4,1,4),(0.0106237344139649,0.0117121004779627,0.0128004665419606),
 .UNSPECIFIED.);
#284=B_SPLINE_CURVE_WITH_KNOTS('',3,(#12599,#12600,#12601,#12602),
 .UNSPECIFIED.,.F.,.F.,(4,4),(0.00787345464027922,0.01011497406875),
 .UNSPECIFIED.);
#285=B_SPLINE_CURVE_WITH_KNOTS('',3,(#12606,#12607,#12608,#12609,#12610),
 .UNSPECIFIED.,.F.,.F.,(4,1,4),(0.0109967219451364,0.0121133473838946,0.0132299728226528),
 .UNSPECIFIED.);
#286=B_SPLINE_CURVE_WITH_KNOTS('',3,(#12612,#12613,#12614,#12615),
 .UNSPECIFIED.,.F.,.F.,(4,4),(6.27079563853084E-5,0.00221102591768627),
 .UNSPECIFIED.);
#287=B_SPLINE_CURVE_WITH_KNOTS('',3,(#12628,#12629,#12630,#12631),
 .UNSPECIFIED.,.F.,.F.,(4,4),(0.00823415485755356,0.0104359309011837),
 .UNSPECIFIED.);
#288=B_SPLINE_CURVE_WITH_KNOTS('',3,(#12634,#12635,#12636,#12637,#12638),
 .UNSPECIFIED.,.F.,.F.,(4,1,4),(0.0104863179551122,0.0115878169240236,0.0126893158929349),
 .UNSPECIFIED.);
#289=B_SPLINE_CURVE_WITH_KNOTS('',3,(#12640,#12641,#12642,#12643),
 .UNSPECIFIED.,.F.,.F.,(4,4),(0.00823415485755439,0.0104946598947267),
 .UNSPECIFIED.);
#290=B_SPLINE_CURVE_WITH_KNOTS('',3,(#12647,#12648,#12649,#12650),
 .UNSPECIFIED.,.F.,.F.,(4,4),(0.010859305486285,0.01311838786752),
 .UNSPECIFIED.);
#291=B_SPLINE_CURVE_WITH_KNOTS('',3,(#12652,#12653,#12654,#12655),
 .UNSPECIFIED.,.F.,.F.,(4,4),(0.00823415485755416,0.0104359309011843),
 .UNSPECIFIED.);
#292=B_SPLINE_CURVE_WITH_KNOTS('',3,(#12657,#12658,#12659,#12660,#12661),
 .UNSPECIFIED.,.F.,.F.,(4,1,4),(0.0104863179551123,0.0115878169240236,0.0126893158929349),
 .UNSPECIFIED.);
#293=B_SPLINE_CURVE_WITH_KNOTS('',3,(#12663,#12664,#12665,#12666),
 .UNSPECIFIED.,.F.,.F.,(4,4),(0.0082341548575539,0.0104946598947263),
 .UNSPECIFIED.);
#294=B_SPLINE_CURVE_WITH_KNOTS('',3,(#12670,#12671,#12672,#12673),
 .UNSPECIFIED.,.F.,.F.,(4,4),(0.0108593054862851,0.0131183878675201),
 .UNSPECIFIED.);
#295=B_SPLINE_CURVE_WITH_KNOTS('',3,(#12679,#12680,#12681,#12682,#12683),
 .UNSPECIFIED.,.F.,.F.,(4,1,4),(0.010604103491272,0.0116912913845815,0.0127784792778909),
 .UNSPECIFIED.);
#296=B_SPLINE_CURVE_WITH_KNOTS('',3,(#12685,#12686,#12687,#12688),
 .UNSPECIFIED.,.F.,.F.,(4,4),(0.00787345464027902,0.0101149740687499),
 .UNSPECIFIED.);
#297=B_SPLINE_CURVE_WITH_KNOTS('',3,(#12692,#12693,#12694,#12695,#12696),
 .UNSPECIFIED.,.F.,.F.,(4,1,4),(0.0109967219451364,0.0121133473838946,0.0132299728226528),
 .UNSPECIFIED.);
#298=B_SPLINE_CURVE_WITH_KNOTS('',3,(#12698,#12699,#12700,#12701),
 .UNSPECIFIED.,.F.,.F.,(4,4),(6.27087458004991E-5,0.00220870345545396),
 .UNSPECIFIED.);
#299=B_SPLINE_CURVE_WITH_KNOTS('',3,(#12713,#12714,#12715,#12716,#12717),
 .UNSPECIFIED.,.F.,.F.,(4,1,4),(0.010996721945137,0.0120758904517688,0.0131550589584006),
 .UNSPECIFIED.);
#300=B_SPLINE_CURVE_WITH_KNOTS('',3,(#12719,#12720,#12721,#12722),
 .UNSPECIFIED.,.F.,.F.,(4,4),(0.00729295137122093,0.00941160260623165),
 .UNSPECIFIED.);
#301=B_SPLINE_CURVE_WITH_KNOTS('',3,(#12726,#12727,#12728,#12729,#12730),
 .UNSPECIFIED.,.F.,.F.,(4,1,4),(0.014000253117208,0.015284123325483,0.016567993533758),
 .UNSPECIFIED.);
#302=B_SPLINE_CURVE_WITH_KNOTS('',3,(#12732,#12733,#12734,#12735),
 .UNSPECIFIED.,.F.,.F.,(4,4),(0.00568283674064252,0.00683393684889333),
 .UNSPECIFIED.);
#303=B_SPLINE_CURVE_WITH_KNOTS('',3,(#12737,#12738,#12739,#12740),
 .UNSPECIFIED.,.F.,.F.,(4,4),(0.0054101733977118,0.00702659251040927),
 .UNSPECIFIED.);
#304=B_SPLINE_CURVE_WITH_KNOTS('',3,(#12744,#12745,#12746,#12747),
 .UNSPECIFIED.,.F.,.F.,(4,4),(0.00408663715710729,0.00484266205012092),
 .UNSPECIFIED.);
#305=B_SPLINE_CURVE_WITH_KNOTS('',3,(#12749,#12750,#12751,#12752),
 .UNSPECIFIED.,.F.,.F.,(4,4),(0.00265772089424661,0.00323464410301923),
 .UNSPECIFIED.);
#306=B_SPLINE_CURVE_WITH_KNOTS('',3,(#12760,#12761,#12762,#12763),
 .UNSPECIFIED.,.F.,.F.,(4,4),(6.34975004153389E-5,0.00059551609046411),
 .UNSPECIFIED.);
#307=B_SPLINE_CURVE_WITH_KNOTS('',3,(#12765,#12766,#12767,#12768),
 .UNSPECIFIED.,.F.,.F.,(4,4),(0.00221926938284553,0.00307552046898978),
 .UNSPECIFIED.);
#308=B_SPLINE_CURVE_WITH_KNOTS('',3,(#12772,#12773,#12774,#12775,#12776),
 .UNSPECIFIED.,.F.,.F.,(4,1,4),(0.00634419326683303,0.0068719004314618,
0.00739960759609057),.UNSPECIFIED.);
#309=B_SPLINE_CURVE_WITH_KNOTS('',3,(#12778,#12779,#12780,#12781),
 .UNSPECIFIED.,.F.,.F.,(4,4),(0.00339418919977867,0.00425726295034733),
 .UNSPECIFIED.);
#310=B_SPLINE_CURVE_WITH_KNOTS('',3,(#12841,#12842,#12843,#12844,#12845),
 .UNSPECIFIED.,.F.,.F.,(4,1,4),(0.0109967219451372,0.0120758904517689,0.0131550589584007),
 .UNSPECIFIED.);
#311=B_SPLINE_CURVE_WITH_KNOTS('',3,(#12847,#12848,#12849,#12850),
 .UNSPECIFIED.,.F.,.F.,(4,4),(0.00729295137122123,0.00941160260623197),
 .UNSPECIFIED.);
#312=B_SPLINE_CURVE_WITH_KNOTS('',3,(#12854,#12855,#12856,#12857,#12858),
 .UNSPECIFIED.,.F.,.F.,(4,1,4),(0.014000253117208,0.015284123325483,0.0165679935337579),
 .UNSPECIFIED.);
#313=B_SPLINE_CURVE_WITH_KNOTS('',3,(#12860,#12861,#12862,#12863),
 .UNSPECIFIED.,.F.,.F.,(4,4),(0.00568283674063902,0.00683393684889343),
 .UNSPECIFIED.);
#314=B_SPLINE_CURVE_WITH_KNOTS('',3,(#12865,#12866,#12867,#12868),
 .UNSPECIFIED.,.F.,.F.,(4,4),(0.0054101733977118,0.00702659251040925),
 .UNSPECIFIED.);
#315=B_SPLINE_CURVE_WITH_KNOTS('',3,(#12872,#12873,#12874,#12875),
 .UNSPECIFIED.,.F.,.F.,(4,4),(0.00408663715710729,0.00484266205012092),
 .UNSPECIFIED.);
#316=B_SPLINE_CURVE_WITH_KNOTS('',3,(#12877,#12878,#12879,#12880),
 .UNSPECIFIED.,.F.,.F.,(4,4),(0.00265772089424665,0.00323464410301925),
 .UNSPECIFIED.);
#317=B_SPLINE_CURVE_WITH_KNOTS('',3,(#12888,#12889,#12890,#12891),
 .UNSPECIFIED.,.F.,.F.,(4,4),(6.34975004153546E-5,0.000595516090464136),
 .UNSPECIFIED.);
#318=B_SPLINE_CURVE_WITH_KNOTS('',3,(#12893,#12894,#12895,#12896),
 .UNSPECIFIED.,.F.,.F.,(4,4),(0.00221926938284552,0.00307552046898977),
 .UNSPECIFIED.);
#319=B_SPLINE_CURVE_WITH_KNOTS('',3,(#12900,#12901,#12902,#12903,#12904),
 .UNSPECIFIED.,.F.,.F.,(4,1,4),(0.00634419326683303,0.00687190043146178,
0.00739960759609054),.UNSPECIFIED.);
#320=B_SPLINE_CURVE_WITH_KNOTS('',3,(#12906,#12907,#12908,#12909),
 .UNSPECIFIED.,.F.,.F.,(4,4),(0.0033941891997797,0.00425726295034838),
 .UNSPECIFIED.);
#321=B_SPLINE_CURVE_WITH_KNOTS('',3,(#13245,#13246,#13247,#13248,#13249),
 .UNSPECIFIED.,.F.,.F.,(4,1,4),(0.00714135902417536,0.00816965710497098,
0.0091979551857666),.UNSPECIFIED.);
#322=B_SPLINE_CURVE_WITH_KNOTS('',3,(#13251,#13252,#13253,#13254,#13255),
 .UNSPECIFIED.,.F.,.F.,(4,1,4),(0.0106611738448927,0.0116666347510279,0.0126720956571631),
 .UNSPECIFIED.);
#323=B_SPLINE_CURVE_WITH_KNOTS('',3,(#13259,#13260,#13261,#13262,#13263),
 .UNSPECIFIED.,.F.,.F.,(4,1,4),(0.00993985708555826,0.0112143047432319,
0.0124887524009056),.UNSPECIFIED.);
#324=B_SPLINE_CURVE_WITH_KNOTS('',3,(#13271,#13272,#13273,#13274),
 .UNSPECIFIED.,.F.,.F.,(4,4),(0.00533942360173214,0.00650270211672669),
 .UNSPECIFIED.);
#325=B_SPLINE_CURVE_WITH_KNOTS('',3,(#13276,#13277,#13278,#13279),
 .UNSPECIFIED.,.F.,.F.,(4,4),(0.00818218039997692,0.00974436979352176),
 .UNSPECIFIED.);
#326=B_SPLINE_CURVE_WITH_KNOTS('',3,(#13283,#13284,#13285,#13286),
 .UNSPECIFIED.,.F.,.F.,(4,4),(0.00249792704352223,0.00326778247395157),
 .UNSPECIFIED.);
#327=B_SPLINE_CURVE_WITH_KNOTS('',3,(#13288,#13289,#13290,#13291),
 .UNSPECIFIED.,.F.,.F.,(4,4),(0.0028343505799013,0.00335376373871532),
 .UNSPECIFIED.);
#328=B_SPLINE_CURVE_WITH_KNOTS('',3,(#13295,#13296,#13297,#13298),
 .UNSPECIFIED.,.F.,.F.,(4,4),(0.0021149350443619,0.00257639387838317),
 .UNSPECIFIED.);
#329=B_SPLINE_CURVE_WITH_KNOTS('',3,(#13300,#13301,#13302,#13303),
 .UNSPECIFIED.,.F.,.F.,(4,4),(0.00554095353397786,0.00638006751704473),
 .UNSPECIFIED.);
#330=B_SPLINE_CURVE_WITH_KNOTS('',3,(#13307,#13308,#13309,#13310,#13311),
 .UNSPECIFIED.,.F.,.F.,(4,1,4),(0.00320635882491907,0.00377931663478507,
0.00435227444465108),.UNSPECIFIED.);
#331=B_SPLINE_CURVE_WITH_KNOTS('',3,(#13313,#13314,#13315,#13316),
 .UNSPECIFIED.,.F.,.F.,(4,4),(0.0051641335871066,0.00614059461174546),
 .UNSPECIFIED.);
#332=B_SPLINE_CURVE_WITH_KNOTS('',3,(#13344,#13345,#13346,#13347),
 .UNSPECIFIED.,.F.,.F.,(4,4),(0.00339418919977867,0.00425726295034732),
 .UNSPECIFIED.);
#333=B_SPLINE_CURVE_WITH_KNOTS('',3,(#13349,#13350,#13351,#13352,#13353),
 .UNSPECIFIED.,.F.,.F.,(4,1,4),(0.00634419326683303,0.00687190043145782,
0.00739960759608262),.UNSPECIFIED.);
#334=B_SPLINE_CURVE_WITH_KNOTS('',3,(#13357,#13358,#13359,#13360),
 .UNSPECIFIED.,.F.,.F.,(4,4),(0.00221926938284553,0.00307552046898978),
 .UNSPECIFIED.);
#335=B_SPLINE_CURVE_WITH_KNOTS('',3,(#13362,#13363,#13364,#13365),
 .UNSPECIFIED.,.F.,.F.,(4,4),(6.34975004153389E-5,0.00059551609046411),
 .UNSPECIFIED.);
#336=B_SPLINE_CURVE_WITH_KNOTS('',3,(#13373,#13374,#13375,#13376),
 .UNSPECIFIED.,.F.,.F.,(4,4),(0.00265772089424661,0.00323464410301923),
 .UNSPECIFIED.);
#337=B_SPLINE_CURVE_WITH_KNOTS('',3,(#13378,#13379,#13380,#13381),
 .UNSPECIFIED.,.F.,.F.,(4,4),(0.00408663715710729,0.00484266205012092),
 .UNSPECIFIED.);
#338=B_SPLINE_CURVE_WITH_KNOTS('',3,(#13385,#13386,#13387,#13388),
 .UNSPECIFIED.,.F.,.F.,(4,4),(0.0054101733977118,0.00702659251040927),
 .UNSPECIFIED.);
#339=B_SPLINE_CURVE_WITH_KNOTS('',3,(#13390,#13391,#13392,#13393),
 .UNSPECIFIED.,.F.,.F.,(4,4),(0.00568283674064252,0.00683393684889333),
 .UNSPECIFIED.);
#340=B_SPLINE_CURVE_WITH_KNOTS('',3,(#13395,#13396,#13397,#13398,#13399),
 .UNSPECIFIED.,.F.,.F.,(4,1,4),(0.014000253117208,0.015284123325483,0.016567993533758),
 .UNSPECIFIED.);
#341=B_SPLINE_CURVE_WITH_KNOTS('',3,(#13403,#13404,#13405,#13406),
 .UNSPECIFIED.,.F.,.F.,(4,4),(0.00729295137122093,0.00941160260623165),
 .UNSPECIFIED.);
#342=B_SPLINE_CURVE_WITH_KNOTS('',3,(#13408,#13409,#13410,#13411,#13412),
 .UNSPECIFIED.,.F.,.F.,(4,1,4),(0.010996721945137,0.0120758904517688,0.0131550589584006),
 .UNSPECIFIED.);
#343=B_SPLINE_CURVE_WITH_KNOTS('',3,(#13443,#13444,#13445,#13446,#13447),
 .UNSPECIFIED.,.F.,.F.,(4,1,4),(0.00714135902417536,0.00816965710497098,
0.0091979551857666),.UNSPECIFIED.);
#344=B_SPLINE_CURVE_WITH_KNOTS('',3,(#13467,#13468,#13469,#13470,#13471),
 .UNSPECIFIED.,.F.,.F.,(4,1,4),(0.0106611738448927,0.0116666347510279,0.0126720956571631),
 .UNSPECIFIED.);
#345=B_SPLINE_CURVE_WITH_KNOTS('',3,(#13499,#13500,#13501,#13502,#13503),
 .UNSPECIFIED.,.F.,.F.,(4,1,4),(0.00993985708555826,0.0112143047432319,
0.0124887524009056),.UNSPECIFIED.);
#346=B_SPLINE_CURVE_WITH_KNOTS('',3,(#13535,#13536,#13537,#13538),
 .UNSPECIFIED.,.F.,.F.,(4,4),(0.00533942360173214,0.0065027021167267),
 .UNSPECIFIED.);
#347=B_SPLINE_CURVE_WITH_KNOTS('',3,(#13558,#13559,#13560,#13561),
 .UNSPECIFIED.,.F.,.F.,(4,4),(0.00818218039997692,0.00974436979352176),
 .UNSPECIFIED.);
#348=B_SPLINE_CURVE_WITH_KNOTS('',3,(#13582,#13583,#13584,#13585),
 .UNSPECIFIED.,.F.,.F.,(4,4),(0.00283435057990128,0.00335376373871532),
 .UNSPECIFIED.);
#349=B_SPLINE_CURVE_WITH_KNOTS('',3,(#13603,#13604,#13605,#13606),
 .UNSPECIFIED.,.F.,.F.,(4,4),(0.00249792704352223,0.00326778247395157),
 .UNSPECIFIED.);
#350=B_SPLINE_CURVE_WITH_KNOTS('',3,(#13634,#13635,#13636,#13637),
 .UNSPECIFIED.,.F.,.F.,(4,4),(0.0021149350443619,0.00257639387838317),
 .UNSPECIFIED.);
#351=B_SPLINE_CURVE_WITH_KNOTS('',3,(#13666,#13667,#13668,#13669),
 .UNSPECIFIED.,.F.,.F.,(4,4),(0.00554095353397786,0.00638006751704473),
 .UNSPECIFIED.);
#352=B_SPLINE_CURVE_WITH_KNOTS('',3,(#13699,#13700,#13701,#13702,#13703),
 .UNSPECIFIED.,.F.,.F.,(4,1,4),(0.00320635882491907,0.00377931663478507,
0.00435227444465107),.UNSPECIFIED.);
#353=B_SPLINE_CURVE_WITH_KNOTS('',3,(#13723,#13724,#13725,#13726),
 .UNSPECIFIED.,.F.,.F.,(4,4),(0.0051641335871066,0.00614059461174546),
 .UNSPECIFIED.);
#354=B_SPLINE_CURVE_WITH_KNOTS('',3,(#13755,#13756,#13757,#13758),
 .UNSPECIFIED.,.F.,.F.,(4,4),(0.00315965215476425,0.00405811776389288),
 .UNSPECIFIED.);
#355=B_SPLINE_CURVE_WITH_KNOTS('',3,(#13771,#13772,#13773,#13774),
 .UNSPECIFIED.,.F.,.F.,(4,4),(0.00399086550148918,0.00479422347982404),
 .UNSPECIFIED.);
#356=B_SPLINE_CURVE_WITH_KNOTS('',3,(#13776,#13777,#13778,#13779),
 .UNSPECIFIED.,.F.,.F.,(4,4),(0.00287713105410175,0.00382666602514637),
 .UNSPECIFIED.);
#357=B_SPLINE_CURVE_WITH_KNOTS('',3,(#13783,#13784,#13785,#13786),
 .UNSPECIFIED.,.F.,.F.,(4,4),(0.0054541669482522,0.00645971412916956),
 .UNSPECIFIED.);
#358=B_SPLINE_CURVE_WITH_KNOTS('',3,(#13797,#13798,#13799,#13800),
 .UNSPECIFIED.,.F.,.F.,(4,4),(0.00516413358710662,0.00614059461174549),
 .UNSPECIFIED.);
#359=B_SPLINE_CURVE_WITH_KNOTS('',3,(#13812,#13813,#13814,#13815,#13816),
 .UNSPECIFIED.,.F.,.F.,(4,1,4),(0.00714135902417536,0.00816965710497098,
0.00919795518576661),.UNSPECIFIED.);
#360=B_SPLINE_CURVE_WITH_KNOTS('',3,(#13818,#13819,#13820,#13821,#13822),
 .UNSPECIFIED.,.F.,.F.,(4,1,4),(0.0106611738448927,0.0116666347510279,0.0126720956571631),
 .UNSPECIFIED.);
#361=B_SPLINE_CURVE_WITH_KNOTS('',3,(#13826,#13827,#13828,#13829,#13830),
 .UNSPECIFIED.,.F.,.F.,(4,1,4),(0.00993985708555825,0.0112143047432319,
0.0124887524009056),.UNSPECIFIED.);
#362=B_SPLINE_CURVE_WITH_KNOTS('',3,(#13838,#13839,#13840,#13841),
 .UNSPECIFIED.,.F.,.F.,(4,4),(0.00533942360173214,0.00650270211672671),
 .UNSPECIFIED.);
#363=B_SPLINE_CURVE_WITH_KNOTS('',3,(#13843,#13844,#13845,#13846),
 .UNSPECIFIED.,.F.,.F.,(4,4),(0.00818218039997693,0.00974436979352178),
 .UNSPECIFIED.);
#364=B_SPLINE_CURVE_WITH_KNOTS('',3,(#13850,#13851,#13852,#13853),
 .UNSPECIFIED.,.F.,.F.,(4,4),(0.00249792704352223,0.00326778247395157),
 .UNSPECIFIED.);
#365=B_SPLINE_CURVE_WITH_KNOTS('',3,(#13855,#13856,#13857,#13858),
 .UNSPECIFIED.,.F.,.F.,(4,4),(0.00283435057990132,0.00335376373871535),
 .UNSPECIFIED.);
#366=B_SPLINE_CURVE_WITH_KNOTS('',3,(#13862,#13863,#13864,#13865),
 .UNSPECIFIED.,.F.,.F.,(4,4),(0.00211493504436188,0.00257639387838321),
 .UNSPECIFIED.);
#367=B_SPLINE_CURVE_WITH_KNOTS('',3,(#13867,#13868,#13869,#13870),
 .UNSPECIFIED.,.F.,.F.,(4,4),(0.00554095353397786,0.00638006751704473),
 .UNSPECIFIED.);
#368=B_SPLINE_CURVE_WITH_KNOTS('',3,(#13874,#13875,#13876,#13877,#13878),
 .UNSPECIFIED.,.F.,.F.,(4,1,4),(0.00320635882491907,0.00377931663478507,
0.00435227444465107),.UNSPECIFIED.);
#369=B_SPLINE_CURVE_WITH_KNOTS('',3,(#13879,#13880,#13881,#13882,#13883),
 .UNSPECIFIED.,.F.,.F.,(4,1,4),(0.00634419326683303,0.00687190043145782,
0.0073996075960826),.UNSPECIFIED.);
#370=B_SPLINE_CURVE_WITH_KNOTS('',3,(#13888,#13889,#13890,#13891),
 .UNSPECIFIED.,.F.,.F.,(4,4),(0.00221926938284552,0.00307552046898977),
 .UNSPECIFIED.);
#371=B_SPLINE_CURVE_WITH_KNOTS('',3,(#13893,#13894,#13895,#13896),
 .UNSPECIFIED.,.F.,.F.,(4,4),(6.34975004153546E-5,0.000595516090464136),
 .UNSPECIFIED.);
#372=B_SPLINE_CURVE_WITH_KNOTS('',3,(#13904,#13905,#13906,#13907),
 .UNSPECIFIED.,.F.,.F.,(4,4),(0.00265772089424665,0.00323464410301925),
 .UNSPECIFIED.);
#373=B_SPLINE_CURVE_WITH_KNOTS('',3,(#13909,#13910,#13911,#13912),
 .UNSPECIFIED.,.F.,.F.,(4,4),(0.00408663715710729,0.00484266205012092),
 .UNSPECIFIED.);
#374=B_SPLINE_CURVE_WITH_KNOTS('',3,(#13916,#13917,#13918,#13919),
 .UNSPECIFIED.,.F.,.F.,(4,4),(0.0054101733977118,0.00702659251040925),
 .UNSPECIFIED.);
#375=B_SPLINE_CURVE_WITH_KNOTS('',3,(#13921,#13922,#13923,#13924),
 .UNSPECIFIED.,.F.,.F.,(4,4),(0.00568283674063901,0.00683393684889342),
 .UNSPECIFIED.);
#376=B_SPLINE_CURVE_WITH_KNOTS('',3,(#13926,#13927,#13928,#13929,#13930),
 .UNSPECIFIED.,.F.,.F.,(4,1,4),(0.014000253117208,0.0152841233254762,0.0165679935337443),
 .UNSPECIFIED.);
#377=B_SPLINE_CURVE_WITH_KNOTS('',3,(#13934,#13935,#13936,#13937),
 .UNSPECIFIED.,.F.,.F.,(4,4),(0.00729295137122124,0.00941160260623196),
 .UNSPECIFIED.);
#378=B_SPLINE_CURVE_WITH_KNOTS('',3,(#13939,#13940,#13941,#13942,#13943),
 .UNSPECIFIED.,.F.,.F.,(4,1,4),(0.0109967219451372,0.0120758904517689,0.0131550589584007),
 .UNSPECIFIED.);
#379=B_SPLINE_CURVE_WITH_KNOTS('',3,(#13961,#13962,#13963,#13964),
 .UNSPECIFIED.,.F.,.F.,(4,4),(0.0033941891997797,0.00425726295034837),
 .UNSPECIFIED.);
#380=B_SPLINE_CURVE_WITH_KNOTS('',3,(#13991,#13992,#13993,#13994,#13995),
 .UNSPECIFIED.,.F.,.F.,(4,1,4),(0.00714135902417536,0.00816965710497098,
0.0091979551857666),.UNSPECIFIED.);
#381=B_SPLINE_CURVE_WITH_KNOTS('',3,(#14015,#14016,#14017,#14018,#14019),
 .UNSPECIFIED.,.F.,.F.,(4,1,4),(0.0106611738448927,0.0116666347510279,0.0126720956571631),
 .UNSPECIFIED.);
#382=B_SPLINE_CURVE_WITH_KNOTS('',3,(#14047,#14048,#14049,#14050,#14051),
 .UNSPECIFIED.,.F.,.F.,(4,1,4),(0.00993985708555825,0.0112143047432319,
0.0124887524009056),.UNSPECIFIED.);
#383=B_SPLINE_CURVE_WITH_KNOTS('',3,(#14083,#14084,#14085,#14086),
 .UNSPECIFIED.,.F.,.F.,(4,4),(0.00533942360173214,0.00650270211672671),
 .UNSPECIFIED.);
#384=B_SPLINE_CURVE_WITH_KNOTS('',3,(#14106,#14107,#14108,#14109),
 .UNSPECIFIED.,.F.,.F.,(4,4),(0.00818218039997693,0.00974436979352178),
 .UNSPECIFIED.);
#385=B_SPLINE_CURVE_WITH_KNOTS('',3,(#14141,#14142,#14143,#14144),
 .UNSPECIFIED.,.F.,.F.,(4,4),(0.00249792704352223,0.00326778247395157),
 .UNSPECIFIED.);
#386=B_SPLINE_CURVE_WITH_KNOTS('',3,(#14155,#14156,#14157,#14158),
 .UNSPECIFIED.,.F.,.F.,(4,4),(0.00283435057990134,0.00335376373871535),
 .UNSPECIFIED.);
#387=B_SPLINE_CURVE_WITH_KNOTS('',3,(#14182,#14183,#14184,#14185),
 .UNSPECIFIED.,.F.,.F.,(4,4),(0.00211493504436188,0.00257639387838325),
 .UNSPECIFIED.);
#388=B_SPLINE_CURVE_WITH_KNOTS('',3,(#14214,#14215,#14216,#14217),
 .UNSPECIFIED.,.F.,.F.,(4,4),(0.00554095353397786,0.00638006751704473),
 .UNSPECIFIED.);
#389=B_SPLINE_CURVE_WITH_KNOTS('',3,(#14247,#14248,#14249,#14250,#14251),
 .UNSPECIFIED.,.F.,.F.,(4,1,4),(0.00320635882491907,0.00377931663478508,
0.0043522744446511),.UNSPECIFIED.);
#390=B_SPLINE_CURVE_WITH_KNOTS('',3,(#14279,#14280,#14281,#14282),
 .UNSPECIFIED.,.F.,.F.,(4,4),(0.00516413358710662,0.00614059461174549),
 .UNSPECIFIED.);
#391=B_SPLINE_CURVE_WITH_KNOTS('',3,(#14307,#14308,#14309,#14310),
 .UNSPECIFIED.,.F.,.F.,(4,4),(0.00315965215476427,0.0040581177638929),
 .UNSPECIFIED.);
#392=B_SPLINE_CURVE_WITH_KNOTS('',3,(#14323,#14324,#14325,#14326),
 .UNSPECIFIED.,.F.,.F.,(4,4),(0.00399086550148915,0.00479422347982395),
 .UNSPECIFIED.);
#393=B_SPLINE_CURVE_WITH_KNOTS('',3,(#14328,#14329,#14330,#14331),
 .UNSPECIFIED.,.F.,.F.,(4,4),(0.00287713105410175,0.00382666602514638),
 .UNSPECIFIED.);
#394=B_SPLINE_CURVE_WITH_KNOTS('',3,(#14335,#14336,#14337,#14338),
 .UNSPECIFIED.,.F.,.F.,(4,4),(0.00545416694825218,0.00645971412916953),
 .UNSPECIFIED.);
#395=B_SPLINE_CURVE_WITH_KNOTS('',3,(#14636,#14637,#14638,#14639),
 .UNSPECIFIED.,.F.,.F.,(4,4),(0.00399086550148918,0.00479422347982404),
 .UNSPECIFIED.);
#396=B_SPLINE_CURVE_WITH_KNOTS('',3,(#14652,#14653,#14654,#14655),
 .UNSPECIFIED.,.F.,.F.,(4,4),(0.00315965215476425,0.00405811776389287),
 .UNSPECIFIED.);
#397=B_SPLINE_CURVE_WITH_KNOTS('',3,(#14657,#14658,#14659,#14660),
 .UNSPECIFIED.,.F.,.F.,(4,4),(0.0054541669482522,0.00645971412916956),
 .UNSPECIFIED.);
#398=B_SPLINE_CURVE_WITH_KNOTS('',3,(#14664,#14665,#14666,#14667),
 .UNSPECIFIED.,.F.,.F.,(4,4),(0.00287713105410175,0.00382666602514637),
 .UNSPECIFIED.);
#399=B_SPLINE_CURVE_WITH_KNOTS('',3,(#14668,#14669,#14670,#14671),
 .UNSPECIFIED.,.F.,.F.,(4,4),(0.00508781421446432,0.00595186809198082),
 .UNSPECIFIED.);
#400=B_SPLINE_CURVE_WITH_KNOTS('',3,(#14676,#14677,#14678,#14679),
 .UNSPECIFIED.,.F.,.F.,(4,4),(0.00329540485758275,0.00420302552623906),
 .UNSPECIFIED.);
#401=B_SPLINE_CURVE_WITH_KNOTS('',3,(#14681,#14682,#14683,#14684),
 .UNSPECIFIED.,.F.,.F.,(4,4),(0.00447925561097267,0.00527943380782719),
 .UNSPECIFIED.);
#402=B_SPLINE_CURVE_WITH_KNOTS('',3,(#14692,#14693,#14694,#14695),
 .UNSPECIFIED.,.F.,.F.,(4,4),(6.27372099136379E-5,0.000741843541810723),
 .UNSPECIFIED.);
#403=B_SPLINE_CURVE_WITH_KNOTS('',3,(#14706,#14707,#14708,#14709),
 .UNSPECIFIED.,.F.,.F.,(4,4),(0.00447925561097267,0.00527943380782719),
 .UNSPECIFIED.);
#404=B_SPLINE_CURVE_WITH_KNOTS('',3,(#14734,#14735,#14736,#14737),
 .UNSPECIFIED.,.F.,.F.,(4,4),(0.00329540485758275,0.00420302552623905),
 .UNSPECIFIED.);
#405=B_SPLINE_CURVE_WITH_KNOTS('',3,(#14765,#14766,#14767,#14768),
 .UNSPECIFIED.,.F.,.F.,(4,4),(0.00508781421446432,0.00595186809198082),
 .UNSPECIFIED.);
#406=B_SPLINE_CURVE_WITH_KNOTS('',3,(#14790,#14791,#14792,#14793),
 .UNSPECIFIED.,.F.,.F.,(4,4),(6.27372099136379E-5,0.000741843541810723),
 .UNSPECIFIED.);
#407=B_SPLINE_CURVE_WITH_KNOTS('',3,(#14969,#14970,#14971,#14972),
 .UNSPECIFIED.,.F.,.F.,(4,4),(0.00773566927571695,0.00987523482981841),
 .UNSPECIFIED.);
#408=B_SPLINE_CURVE_WITH_KNOTS('',3,(#14975,#14976,#14977,#14978,#14979),
 .UNSPECIFIED.,.F.,.F.,(4,1,4),(0.010632396632069,0.0116669943535812,0.0127015920750933),
 .UNSPECIFIED.);
#409=B_SPLINE_CURVE_WITH_KNOTS('',3,(#14984,#14985,#14986,#14987),
 .UNSPECIFIED.,.F.,.F.,(4,4),(0.00774252861294746,0.00980975275447244),
 .UNSPECIFIED.);
#410=B_SPLINE_CURVE_WITH_KNOTS('',3,(#14989,#14990,#14991,#14992,#14993),
 .UNSPECIFIED.,.F.,.F.,(4,1,4),(0.0110382132974151,0.0121067187383149,0.0131752241792147),
 .UNSPECIFIED.);
#411=B_SPLINE_CURVE_WITH_KNOTS('',3,(#14999,#15000,#15001,#15002),
 .UNSPECIFIED.,.F.,.F.,(4,4),(0.00787345464027902,0.0101149740687499),
 .UNSPECIFIED.);
#412=B_SPLINE_CURVE_WITH_KNOTS('',3,(#15004,#15005,#15006,#15007,#15008),
 .UNSPECIFIED.,.F.,.F.,(4,1,4),(0.010604103491272,0.0116912913845815,0.0127784792778909),
 .UNSPECIFIED.);
#413=B_SPLINE_CURVE_WITH_KNOTS('',3,(#15020,#15021,#15022,#15023),
 .UNSPECIFIED.,.F.,.F.,(4,4),(6.27087458004991E-5,0.00220870345545396),
 .UNSPECIFIED.);
#414=B_SPLINE_CURVE_WITH_KNOTS('',3,(#15025,#15026,#15027,#15028,#15029),
 .UNSPECIFIED.,.F.,.F.,(4,1,4),(0.0109967219451364,0.0121133473838946,0.0132299728226528),
 .UNSPECIFIED.);
#415=B_SPLINE_CURVE_WITH_KNOTS('',3,(#15056,#15057,#15058,#15059),
 .UNSPECIFIED.,.F.,.F.,(4,4),(0.00774252861294746,0.00980975275447244),
 .UNSPECIFIED.);
#416=B_SPLINE_CURVE_WITH_KNOTS('',3,(#15079,#15080,#15081,#15082,#15083),
 .UNSPECIFIED.,.F.,.F.,(4,1,4),(0.0110382132974151,0.0121067187383149,0.0131752241792147),
 .UNSPECIFIED.);
#417=B_SPLINE_CURVE_WITH_KNOTS('',3,(#15113,#15114,#15115,#15116),
 .UNSPECIFIED.,.F.,.F.,(4,4),(0.00773566927571695,0.00987523482981841),
 .UNSPECIFIED.);
#418=B_SPLINE_CURVE_WITH_KNOTS('',3,(#15136,#15137,#15138,#15139,#15140),
 .UNSPECIFIED.,.F.,.F.,(4,1,4),(0.010632396632069,0.0116669943535812,0.0127015920750933),
 .UNSPECIFIED.);
#419=B_SPLINE_CURVE_WITH_KNOTS('',3,(#15203,#15204,#15205,#15206),
 .UNSPECIFIED.,.F.,.F.,(4,4),(0.00810740304925923,0.0102723677752789),
 .UNSPECIFIED.);
#420=B_SPLINE_CURVE_WITH_KNOTS('',3,(#15209,#15210,#15211,#15212,#15213),
 .UNSPECIFIED.,.F.,.F.,(4,1,4),(0.010495076937861,0.0115440844376478,0.0125930919374347),
 .UNSPECIFIED.);
#421=B_SPLINE_CURVE_WITH_KNOTS('',3,(#15215,#15216,#15217,#15218),
 .UNSPECIFIED.,.F.,.F.,(4,4),(0.00811439960455343,0.0102100431027838),
 .UNSPECIFIED.);
#422=B_SPLINE_CURVE_WITH_KNOTS('',3,(#15220,#15221,#15222,#15223),
 .UNSPECIFIED.,.F.,.F.,(4,4),(0.0108800314973577,0.0130427519392363),
 .UNSPECIFIED.);
#423=B_SPLINE_CURVE_WITH_KNOTS('',3,(#15227,#15228,#15229,#15230),
 .UNSPECIFIED.,.F.,.F.,(4,4),(0.00810740304925918,0.0102723677752788),
 .UNSPECIFIED.);
#424=B_SPLINE_CURVE_WITH_KNOTS('',3,(#15232,#15233,#15234,#15235,#15236),
 .UNSPECIFIED.,.F.,.F.,(4,1,4),(0.010495076937861,0.0115440844376478,0.0125930919374347),
 .UNSPECIFIED.);
#425=B_SPLINE_CURVE_WITH_KNOTS('',3,(#15238,#15239,#15240,#15241),
 .UNSPECIFIED.,.F.,.F.,(4,4),(0.0081143996045535,0.0102100431027838),
 .UNSPECIFIED.);
#426=B_SPLINE_CURVE_WITH_KNOTS('',3,(#15243,#15244,#15245,#15246),
 .UNSPECIFIED.,.F.,.F.,(4,4),(0.0108800314973579,0.0130427519392365),
 .UNSPECIFIED.);
#427=B_SPLINE_CURVE_WITH_KNOTS('',3,(#15252,#15253,#15254,#15255),
 .UNSPECIFIED.,.F.,.F.,(4,4),(0.00823415485755439,0.0104946598947267),
 .UNSPECIFIED.);
#428=B_SPLINE_CURVE_WITH_KNOTS('',3,(#15257,#15258,#15259,#15260,#15261),
 .UNSPECIFIED.,.F.,.F.,(4,1,4),(0.0104863179551122,0.0115878169240236,0.0126893158929349),
 .UNSPECIFIED.);
#429=B_SPLINE_CURVE_WITH_KNOTS('',3,(#15263,#15264,#15265,#15266),
 .UNSPECIFIED.,.F.,.F.,(4,4),(0.00823415485755356,0.0104359309011837),
 .UNSPECIFIED.);
#430=B_SPLINE_CURVE_WITH_KNOTS('',3,(#15268,#15269,#15270,#15271),
 .UNSPECIFIED.,.F.,.F.,(4,4),(0.0108593054862851,0.0131183878675201),
 .UNSPECIFIED.);
#431=B_SPLINE_CURVE_WITH_KNOTS('',3,(#15275,#15276,#15277,#15278),
 .UNSPECIFIED.,.F.,.F.,(4,4),(0.0082341548575539,0.0104946598947263),
 .UNSPECIFIED.);
#432=B_SPLINE_CURVE_WITH_KNOTS('',3,(#15280,#15281,#15282,#15283,#15284),
 .UNSPECIFIED.,.F.,.F.,(4,1,4),(0.0104863179551123,0.0115878169240236,0.0126893158929349),
 .UNSPECIFIED.);
#433=B_SPLINE_CURVE_WITH_KNOTS('',3,(#15286,#15287,#15288,#15289),
 .UNSPECIFIED.,.F.,.F.,(4,4),(0.00823415485755416,0.0104359309011843),
 .UNSPECIFIED.);
#434=B_SPLINE_CURVE_WITH_KNOTS('',3,(#15291,#15292,#15293,#15294),
 .UNSPECIFIED.,.F.,.F.,(4,4),(0.010859305486285,0.01311838786752),
 .UNSPECIFIED.);
#435=B_SPLINE_CURVE_WITH_KNOTS('',3,(#15315,#15316,#15317,#15318),
 .UNSPECIFIED.,.F.,.F.,(4,4),(0.0081143996045535,0.0102100431027838),
 .UNSPECIFIED.);
#436=B_SPLINE_CURVE_WITH_KNOTS('',3,(#15338,#15339,#15340,#15341),
 .UNSPECIFIED.,.F.,.F.,(4,4),(0.0108800314973579,0.0130427519392365),
 .UNSPECIFIED.);
#437=B_SPLINE_CURVE_WITH_KNOTS('',3,(#15367,#15368,#15369,#15370),
 .UNSPECIFIED.,.F.,.F.,(4,4),(0.00810740304925923,0.0102723677752788),
 .UNSPECIFIED.);
#438=B_SPLINE_CURVE_WITH_KNOTS('',3,(#15390,#15391,#15392,#15393,#15394),
 .UNSPECIFIED.,.F.,.F.,(4,1,4),(0.010495076937861,0.0115440844376478,0.0125930919374347),
 .UNSPECIFIED.);
#439=B_SPLINE_CURVE_WITH_KNOTS('',3,(#15414,#15415,#15416,#15417),
 .UNSPECIFIED.,.F.,.F.,(4,4),(0.00811439960455342,0.0102100431027838),
 .UNSPECIFIED.);
#440=B_SPLINE_CURVE_WITH_KNOTS('',3,(#15437,#15438,#15439,#15440),
 .UNSPECIFIED.,.F.,.F.,(4,4),(0.0108800314973577,0.0130427519392363),
 .UNSPECIFIED.);
#441=B_SPLINE_CURVE_WITH_KNOTS('',3,(#15466,#15467,#15468,#15469),
 .UNSPECIFIED.,.F.,.F.,(4,4),(0.00810740304925917,0.0102723677752788),
 .UNSPECIFIED.);
#442=B_SPLINE_CURVE_WITH_KNOTS('',3,(#15488,#15489,#15490,#15491,#15492),
 .UNSPECIFIED.,.F.,.F.,(4,1,4),(0.010495076937861,0.0115440844376478,0.0125930919374347),
 .UNSPECIFIED.);
#443=B_SPLINE_CURVE_WITH_KNOTS('',3,(#15494,#15495,#15496,#15497),
 .UNSPECIFIED.,.F.,.F.,(4,4),(0.00287713105410175,0.00382666602514638),
 .UNSPECIFIED.);
#444=B_SPLINE_CURVE_WITH_KNOTS('',3,(#15500,#15501,#15502,#15503),
 .UNSPECIFIED.,.F.,.F.,(4,4),(0.00399086550148915,0.00479422347982395),
 .UNSPECIFIED.);
#445=B_SPLINE_CURVE_WITH_KNOTS('',3,(#15515,#15516,#15517,#15518),
 .UNSPECIFIED.,.F.,.F.,(4,4),(0.00315965215476426,0.00405811776389289),
 .UNSPECIFIED.);
#446=B_SPLINE_CURVE_WITH_KNOTS('',3,(#15520,#15521,#15522,#15523),
 .UNSPECIFIED.,.F.,.F.,(4,4),(0.00545416694825218,0.00645971412916953),
 .UNSPECIFIED.);
#447=B_SPLINE_CURVE_WITH_KNOTS('',3,(#15529,#15530,#15531,#15532),
 .UNSPECIFIED.,.F.,.F.,(4,4),(0.00329540485758265,0.00420302552623895),
 .UNSPECIFIED.);
#448=B_SPLINE_CURVE_WITH_KNOTS('',3,(#15534,#15535,#15536,#15537),
 .UNSPECIFIED.,.F.,.F.,(4,4),(0.00447925561097258,0.00527943380782712),
 .UNSPECIFIED.);
#449=B_SPLINE_CURVE_WITH_KNOTS('',3,(#15545,#15546,#15547,#15548),
 .UNSPECIFIED.,.F.,.F.,(4,4),(6.27372099136277E-5,0.000741843541810688),
 .UNSPECIFIED.);
#450=B_SPLINE_CURVE_WITH_KNOTS('',3,(#15550,#15551,#15552,#15553),
 .UNSPECIFIED.,.F.,.F.,(4,4),(0.00508781421446432,0.00595186809198083),
 .UNSPECIFIED.);
#451=B_SPLINE_CURVE_WITH_KNOTS('',3,(#15564,#15565,#15566,#15567),
 .UNSPECIFIED.,.F.,.F.,(4,4),(0.00447925561097258,0.00527943380782712),
 .UNSPECIFIED.);
#452=B_SPLINE_CURVE_WITH_KNOTS('',3,(#15592,#15593,#15594,#15595),
 .UNSPECIFIED.,.F.,.F.,(4,4),(0.00329540485758265,0.00420302552623895),
 .UNSPECIFIED.);
#453=B_SPLINE_CURVE_WITH_KNOTS('',3,(#15623,#15624,#15625,#15626),
 .UNSPECIFIED.,.F.,.F.,(4,4),(0.00508781421446432,0.00595186809198083),
 .UNSPECIFIED.);
#454=B_SPLINE_CURVE_WITH_KNOTS('',3,(#15648,#15649,#15650,#15651),
 .UNSPECIFIED.,.F.,.F.,(4,4),(6.27372099136277E-5,0.000741843541810688),
 .UNSPECIFIED.);
#455=B_SPLINE_CURVE_WITH_KNOTS('',3,(#15696,#15697,#15698,#15699),
 .UNSPECIFIED.,.F.,.F.,(4,4),(0.00773566927571697,0.00987523482981845),
 .UNSPECIFIED.);
#456=B_SPLINE_CURVE_WITH_KNOTS('',3,(#15701,#15702,#15703,#15704,#15705),
 .UNSPECIFIED.,.F.,.F.,(4,1,4),(0.0106526874653364,0.0116884624176782,0.0127242373700199),
 .UNSPECIFIED.);
#457=B_SPLINE_CURVE_WITH_KNOTS('',3,(#15716,#15717,#15718,#15719),
 .UNSPECIFIED.,.F.,.F.,(4,4),(0.00774217323395185,0.0098117756037338),
 .UNSPECIFIED.);
#458=B_SPLINE_CURVE_WITH_KNOTS('',3,(#15721,#15722,#15723,#15724,#15725),
 .UNSPECIFIED.,.F.,.F.,(4,1,4),(0.0110382132974151,0.0121067187383149,0.0131752241792147),
 .UNSPECIFIED.);
#459=B_SPLINE_CURVE_WITH_KNOTS('',3,(#15726,#15727,#15728,#15729),
 .UNSPECIFIED.,.F.,.F.,(4,4),(0.00787345464027922,0.0101149740687501),
 .UNSPECIFIED.);
#460=B_SPLINE_CURVE_WITH_KNOTS('',3,(#15732,#15733,#15734,#15735,#15736),
 .UNSPECIFIED.,.F.,.F.,(4,1,4),(0.0106237344139649,0.0117121004779627,0.0128004665419606),
 .UNSPECIFIED.);
#461=B_SPLINE_CURVE_WITH_KNOTS('',3,(#15754,#15755,#15756,#15757),
 .UNSPECIFIED.,.F.,.F.,(4,4),(6.27079563853084E-5,0.00221102591768627),
 .UNSPECIFIED.);
#462=B_SPLINE_CURVE_WITH_KNOTS('',3,(#15759,#15760,#15761,#15762,#15763),
 .UNSPECIFIED.,.F.,.F.,(4,1,4),(0.0109967219451364,0.0121133473838946,0.0132299728226528),
 .UNSPECIFIED.);
#463=B_SPLINE_CURVE_WITH_KNOTS('',3,(#15792,#15793,#15794,#15795),
 .UNSPECIFIED.,.F.,.F.,(4,4),(0.00774217323395185,0.0098117756037338),
 .UNSPECIFIED.);
#464=B_SPLINE_CURVE_WITH_KNOTS('',3,(#15815,#15816,#15817,#15818,#15819),
 .UNSPECIFIED.,.F.,.F.,(4,1,4),(0.0110382132974151,0.0121067187383149,0.0131752241792147),
 .UNSPECIFIED.);
#465=B_SPLINE_CURVE_WITH_KNOTS('',3,(#15849,#15850,#15851,#15852),
 .UNSPECIFIED.,.F.,.F.,(4,4),(0.00773566927571697,0.00987523482981845),
 .UNSPECIFIED.);
#466=B_SPLINE_CURVE_WITH_KNOTS('',3,(#15872,#15873,#15874,#15875,#15876),
 .UNSPECIFIED.,.F.,.F.,(4,1,4),(0.0106526874653364,0.0116884624176782,0.0127242373700199),
 .UNSPECIFIED.);
#467=B_SPLINE_CURVE_WITH_KNOTS('',3,(#15905,#15906,#15907,#15908),
 .UNSPECIFIED.,.F.,.F.,(4,4),(0.00291309395846849,0.00368725947736496),
 .UNSPECIFIED.);
#468=B_SPLINE_CURVE_WITH_KNOTS('',3,(#15921,#15922,#15923,#15924),
 .UNSPECIFIED.,.F.,.F.,(4,4),(0.00371441536614317,0.00448664758473784),
 .UNSPECIFIED.);
#469=B_SPLINE_CURVE_WITH_KNOTS('',3,(#15926,#15927,#15928,#15929),
 .UNSPECIFIED.,.F.,.F.,(4,4),(0.00286285685844126,0.00377791273944253),
 .UNSPECIFIED.);
#470=B_SPLINE_CURVE_WITH_KNOTS('',3,(#15933,#15934,#15935,#15936),
 .UNSPECIFIED.,.F.,.F.,(4,4),(0.00493824008215559,0.00585236687550408),
 .UNSPECIFIED.);
#471=B_SPLINE_CURVE_WITH_KNOTS('',3,(#15938,#15939,#15940,#15941),
 .UNSPECIFIED.,.F.,.F.,(4,4),(0.00371441536614317,0.00448664758473784),
 .UNSPECIFIED.);
#472=B_SPLINE_CURVE_WITH_KNOTS('',3,(#15954,#15955,#15956,#15957),
 .UNSPECIFIED.,.F.,.F.,(4,4),(0.00291309395846849,0.00368725947737638),
 .UNSPECIFIED.);
#473=B_SPLINE_CURVE_WITH_KNOTS('',3,(#15959,#15960,#15961,#15962),
 .UNSPECIFIED.,.F.,.F.,(4,4),(0.00493824008215559,0.00585236687550408),
 .UNSPECIFIED.);
#474=B_SPLINE_CURVE_WITH_KNOTS('',3,(#15966,#15967,#15968,#15969),
 .UNSPECIFIED.,.F.,.F.,(4,4),(0.00286285685844126,0.00377791273944254),
 .UNSPECIFIED.);
#475=B_SPLINE_CURVE_WITH_KNOTS('',3,(#15970,#15971,#15972,#15973),
 .UNSPECIFIED.,.F.,.F.,(4,4),(0.00483261221945104,0.00565271982897003),
 .UNSPECIFIED.);
#476=B_SPLINE_CURVE_WITH_KNOTS('',3,(#15978,#15979,#15980,#15981),
 .UNSPECIFIED.,.F.,.F.,(4,4),(0.00302788285309571,0.00384826049909516),
 .UNSPECIFIED.);
#477=B_SPLINE_CURVE_WITH_KNOTS('',3,(#15983,#15984,#15985,#15986),
 .UNSPECIFIED.,.F.,.F.,(4,4),(6.34011241675275E-5,0.000732910510156313),
 .UNSPECIFIED.);
#478=B_SPLINE_CURVE_WITH_KNOTS('',3,(#15994,#15995,#15996,#15997),
 .UNSPECIFIED.,.F.,.F.,(4,4),(0.00302788285309493,0.00369487328887757),
 .UNSPECIFIED.);
#479=B_SPLINE_CURVE_WITH_KNOTS('',3,(#16006,#16007,#16008,#16009),
 .UNSPECIFIED.,.F.,.F.,(4,4),(6.34011241675275E-5,0.000732910510156313),
 .UNSPECIFIED.);
#480=B_SPLINE_CURVE_WITH_KNOTS('',3,(#16032,#16033,#16034,#16035),
 .UNSPECIFIED.,.F.,.F.,(4,4),(0.00302788285309571,0.00384826049909516),
 .UNSPECIFIED.);
#481=B_SPLINE_CURVE_WITH_KNOTS('',3,(#16063,#16064,#16065,#16066),
 .UNSPECIFIED.,.F.,.F.,(4,4),(0.00483261221945104,0.00565271982897003),
 .UNSPECIFIED.);
#482=B_SPLINE_CURVE_WITH_KNOTS('',3,(#16088,#16089,#16090,#16091),
 .UNSPECIFIED.,.F.,.F.,(4,4),(0.00302788285309493,0.00369487328887756),
 .UNSPECIFIED.);
#483=B_SPLINE_CURVE_WITH_KNOTS('',3,(#16124,#16125,#16126,#16127),
 .UNSPECIFIED.,.F.,.F.,(4,4),(0.00272646573227293,0.00348008596242418),
 .UNSPECIFIED.);
#484=B_SPLINE_CURVE_WITH_KNOTS('',3,(#16140,#16141,#16142,#16143),
 .UNSPECIFIED.,.F.,.F.,(4,4),(0.00373620084829715,0.00448877230445548),
 .UNSPECIFIED.);
#485=B_SPLINE_CURVE_WITH_KNOTS('',3,(#16145,#16146,#16147,#16148),
 .UNSPECIFIED.,.F.,.F.,(4,4),(0.00267944708692003,0.00357366783456155),
 .UNSPECIFIED.);
#486=B_SPLINE_CURVE_WITH_KNOTS('',3,(#16152,#16153,#16154,#16155),
 .UNSPECIFIED.,.F.,.F.,(4,4),(0.00496720343993263,0.00586046861244024),
 .UNSPECIFIED.);
#487=B_SPLINE_CURVE_WITH_KNOTS('',3,(#16157,#16158,#16159,#16160),
 .UNSPECIFIED.,.F.,.F.,(4,4),(0.00496720343993263,0.00586046861244024),
 .UNSPECIFIED.);
#488=B_SPLINE_CURVE_WITH_KNOTS('',3,(#16165,#16166,#16167,#16168),
 .UNSPECIFIED.,.F.,.F.,(4,4),(0.00267944708692003,0.00357366783456156),
 .UNSPECIFIED.);
#489=B_SPLINE_CURVE_WITH_KNOTS('',3,(#16170,#16171,#16172,#16173),
 .UNSPECIFIED.,.F.,.F.,(4,4),(0.00373620084829715,0.00448877230445548),
 .UNSPECIFIED.);
#490=B_SPLINE_CURVE_WITH_KNOTS('',3,(#16185,#16186,#16187,#16188),
 .UNSPECIFIED.,.F.,.F.,(4,4),(0.00272646573227293,0.00348008596242416),
 .UNSPECIFIED.);
#491=B_SPLINE_CURVE_WITH_KNOTS('',3,(#16189,#16190,#16191,#16192),
 .UNSPECIFIED.,.F.,.F.,(4,4),(6.34116811841082E-5,0.000712517902124263),
 .UNSPECIFIED.);
#492=B_SPLINE_CURVE_WITH_KNOTS('',3,(#16201,#16202,#16203,#16204),
 .UNSPECIFIED.,.F.,.F.,(4,4),(0.00285424137383146,0.0034994762591817),
 .UNSPECIFIED.);
#493=B_SPLINE_CURVE_WITH_KNOTS('',3,(#16206,#16207,#16208,#16209),
 .UNSPECIFIED.,.F.,.F.,(4,4),(0.00483261221945166,0.00563235673176927),
 .UNSPECIFIED.);
#494=B_SPLINE_CURVE_WITH_KNOTS('',3,(#16213,#16214,#16215,#16216),
 .UNSPECIFIED.,.F.,.F.,(4,4),(0.0028542413738307,0.00365395580400425),
 .UNSPECIFIED.);
#495=B_SPLINE_CURVE_WITH_KNOTS('',3,(#16227,#16228,#16229,#16230),
 .UNSPECIFIED.,.F.,.F.,(4,4),(6.34116811841082E-5,0.000712517902124263),
 .UNSPECIFIED.);
#496=B_SPLINE_CURVE_WITH_KNOTS('',3,(#16255,#16256,#16257,#16258),
 .UNSPECIFIED.,.F.,.F.,(4,4),(0.00285424137383071,0.00365395580400423),
 .UNSPECIFIED.);
#497=B_SPLINE_CURVE_WITH_KNOTS('',3,(#16286,#16287,#16288,#16289),
 .UNSPECIFIED.,.F.,.F.,(4,4),(0.00483261221945166,0.00563235673176927),
 .UNSPECIFIED.);
#498=B_SPLINE_CURVE_WITH_KNOTS('',3,(#16311,#16312,#16313,#16314),
 .UNSPECIFIED.,.F.,.F.,(4,4),(0.00285424137383146,0.0034994762591817),
 .UNSPECIFIED.);
#499=B_SPLINE_CURVE_WITH_KNOTS('',3,(#16347,#16348,#16349,#16350,#16351,
#16352,#16353),.UNSPECIFIED.,.F.,.F.,(4,1,1,1,4),(0.0089844513920677,0.00941176904904426,
0.00983908670602082,0.0102664043629974,0.0106937220199739),
 .UNSPECIFIED.);
#500=B_SPLINE_CURVE_WITH_KNOTS('',3,(#16356,#16357,#16358,#16359,#16360,
#16361,#16362),.UNSPECIFIED.,.F.,.F.,(4,1,1,1,4),(0.00737503791426412,0.00780290844823622,
0.00823077898220833,0.00865864951618043,0.00908652005015253),
 .UNSPECIFIED.);
#501=B_SPLINE_CURVE_WITH_KNOTS('',3,(#16366,#16367,#16368,#16369,#16370,
#16371,#16372),.UNSPECIFIED.,.F.,.F.,(4,1,1,1,4),(0.00898445139206782,0.00941176904904438,
0.00983908670602094,0.0102664043629975,0.0106937220199741),
 .UNSPECIFIED.);
#502=B_SPLINE_CURVE_WITH_KNOTS('',3,(#16374,#16375,#16376,#16377,#16378,
#16379,#16380),.UNSPECIFIED.,.F.,.F.,(4,1,1,1,4),(0.00737503791426412,0.00780290844823623,
0.00823077898220833,0.00865864951618044,0.00908652005015255),
 .UNSPECIFIED.);
#503=B_SPLINE_CURVE_WITH_KNOTS('',3,(#16387,#16388,#16389,#16390,#16391,
#16392,#16393),.UNSPECIFIED.,.F.,.F.,(4,1,1,1,4),(0.00737503791426412,0.00780290844823623,
0.00823077898220833,0.00865864951618044,0.00908652005015255),
 .UNSPECIFIED.);
#504=B_SPLINE_CURVE_WITH_KNOTS('',3,(#16395,#16396,#16397,#16398,#16399,
#16400,#16401),.UNSPECIFIED.,.F.,.F.,(4,1,1,1,4),(0.00898445139206782,0.00941176904904438,
0.00983908670602094,0.0102664043629975,0.0106937220199741),
 .UNSPECIFIED.);
#505=B_SPLINE_CURVE_WITH_KNOTS('',3,(#16405,#16406,#16407,#16408,#16409,
#16410,#16411),.UNSPECIFIED.,.F.,.F.,(4,1,1,1,4),(0.00737503791426412,0.00780290844823622,
0.00823077898220833,0.00865864951618043,0.00908652005015253),
 .UNSPECIFIED.);
#506=B_SPLINE_CURVE_WITH_KNOTS('',3,(#16413,#16414,#16415,#16416,#16417,
#16418,#16419),.UNSPECIFIED.,.F.,.F.,(4,1,1,1,4),(0.0089844513920677,0.00941176904904426,
0.00983908670602082,0.0102664043629974,0.0106937220199739),
 .UNSPECIFIED.);
#507=B_SPLINE_CURVE_WITH_KNOTS('',3,(#16420,#16421,#16422,#16423,#16424,
#16425,#16426),.UNSPECIFIED.,.F.,.F.,(4,1,1,1,4),(0.0074827867830424,0.00786065341625434,
0.00823852004946627,0.00861638668267821,0.00899425331589014),
 .UNSPECIFIED.);
#508=B_SPLINE_CURVE_WITH_KNOTS('',3,(#16429,#16430,#16431,#16432,#16433,
#16434,#16435),.UNSPECIFIED.,.F.,.F.,(4,1,1,1,4),(0.00899436783042427,0.00937114371349708,
0.00974791959656989,0.0101246954796427,0.0105014713627155),
 .UNSPECIFIED.);
#509=B_SPLINE_CURVE_WITH_KNOTS('',3,(#16439,#16440,#16441,#16442,#16443,
#16444,#16445),.UNSPECIFIED.,.F.,.F.,(4,1,1,1,4),(0.0074827867830424,0.00786065341625434,
0.00823852004946628,0.00861638668267823,0.00899425331589017),
 .UNSPECIFIED.);
#510=B_SPLINE_CURVE_WITH_KNOTS('',3,(#16447,#16448,#16449,#16450,#16451,
#16452,#16453),.UNSPECIFIED.,.F.,.F.,(4,1,1,1,4),(0.00899436783042439,0.0093711437134972,
0.00974791959657002,0.0101246954796428,0.0105014713627156),
 .UNSPECIFIED.);
#511=B_SPLINE_CURVE_WITH_KNOTS('',3,(#16466,#16467,#16468,#16469,#16470,
#16471,#16472),.UNSPECIFIED.,.F.,.F.,(4,1,1,1,4),(0.0074827867830424,0.00786065341625434,
0.00823852004946627,0.00861638668267821,0.00899425331589014),
 .UNSPECIFIED.);
#512=B_SPLINE_CURVE_WITH_KNOTS('',3,(#16505,#16506,#16507,#16508,#16509,
#16510,#16511),.UNSPECIFIED.,.F.,.F.,(4,1,1,1,4),(0.00899436783042439,0.0093711437134972,
0.00974791959657002,0.0101246954796428,0.0105014713627156),
 .UNSPECIFIED.);
#513=B_SPLINE_CURVE_WITH_KNOTS('',3,(#16535,#16536,#16537,#16538,#16539,
#16540,#16541),.UNSPECIFIED.,.F.,.F.,(4,1,1,1,4),(0.0074827867830424,0.00786065341625434,
0.00823852004946628,0.00861638668267823,0.00899425331589017),
 .UNSPECIFIED.);
#514=B_SPLINE_CURVE_WITH_KNOTS('',3,(#16571,#16572,#16573,#16574,#16575,
#16576,#16577),.UNSPECIFIED.,.F.,.F.,(4,1,1,1,4),(0.00899436783042427,0.00937114371349708,
0.00974791959656989,0.0101246954796427,0.0105014713627155),
 .UNSPECIFIED.);
#515=LINE('',#12591,#1318);
#516=LINE('',#12604,#1319);
#517=LINE('',#12617,#1320);
#518=LINE('',#12619,#1321);
#519=LINE('',#12623,#1322);
#520=LINE('',#12627,#1323);
#521=LINE('',#12645,#1324);
#522=LINE('',#12668,#1325);
#523=LINE('',#12677,#1326);
#524=LINE('',#12690,#1327);
#525=LINE('',#12703,#1328);
#526=LINE('',#12707,#1329);
#527=LINE('',#12711,#1330);
#528=LINE('',#12724,#1331);
#529=LINE('',#12742,#1332);
#530=LINE('',#12756,#1333);
#531=LINE('',#12770,#1334);
#532=LINE('',#12783,#1335);
#533=LINE('',#12785,#1336);
#534=LINE('',#12789,#1337);
#535=LINE('',#12793,#1338);
#536=LINE('',#12794,#1339);
#537=LINE('',#12799,#1340);
#538=LINE('',#12803,#1341);
#539=LINE('',#12807,#1342);
#540=LINE('',#12828,#1343);
#541=LINE('',#12831,#1344);
#542=LINE('',#12833,#1345);
#543=LINE('',#12835,#1346);
#544=LINE('',#12839,#1347);
#545=LINE('',#12852,#1348);
#546=LINE('',#12870,#1349);
#547=LINE('',#12884,#1350);
#548=LINE('',#12898,#1351);
#549=LINE('',#12911,#1352);
#550=LINE('',#12913,#1353);
#551=LINE('',#12917,#1354);
#552=LINE('',#12921,#1355);
#553=LINE('',#12922,#1356);
#554=LINE('',#12925,#1357);
#555=LINE('',#12929,#1358);
#556=LINE('',#12933,#1359);
#557=LINE('',#12937,#1360);
#558=LINE('',#12941,#1361);
#559=LINE('',#12943,#1362);
#560=LINE('',#12947,#1363);
#561=LINE('',#12953,#1364);
#562=LINE('',#12957,#1365);
#563=LINE('',#12961,#1366);
#564=LINE('',#12963,#1367);
#565=LINE('',#12965,#1368);
#566=LINE('',#12969,#1369);
#567=LINE('',#12973,#1370);
#568=LINE('',#12975,#1371);
#569=LINE('',#12977,#1372);
#570=LINE('',#12981,#1373);
#571=LINE('',#12985,#1374);
#572=LINE('',#12989,#1375);
#573=LINE('',#12993,#1376);
#574=LINE('',#12997,#1377);
#575=LINE('',#13001,#1378);
#576=LINE('',#13005,#1379);
#577=LINE('',#13007,#1380);
#578=LINE('',#13009,#1381);
#579=LINE('',#13013,#1382);
#580=LINE('',#13017,#1383);
#581=LINE('',#13027,#1384);
#582=LINE('',#13032,#1385);
#583=LINE('',#13036,#1386);
#584=LINE('',#13040,#1387);
#585=LINE('',#13064,#1388);
#586=LINE('',#13066,#1389);
#587=LINE('',#13068,#1390);
#588=LINE('',#13072,#1391);
#589=LINE('',#13074,#1392);
#590=LINE('',#13076,#1393);
#591=LINE('',#13078,#1394);
#592=LINE('',#13080,#1395);
#593=LINE('',#13082,#1396);
#594=LINE('',#13084,#1397);
#595=LINE('',#13086,#1398);
#596=LINE('',#13088,#1399);
#597=LINE('',#13090,#1400);
#598=LINE('',#13092,#1401);
#599=LINE('',#13095,#1402);
#600=LINE('',#13097,#1403);
#601=LINE('',#13099,#1404);
#602=LINE('',#13100,#1405);
#603=LINE('',#13103,#1406);
#604=LINE('',#13105,#1407);
#605=LINE('',#13107,#1408);
#606=LINE('',#13112,#1409);
#607=LINE('',#13116,#1410);
#608=LINE('',#13120,#1411);
#609=LINE('',#13124,#1412);
#610=LINE('',#13125,#1413);
#611=LINE('',#13130,#1414);
#612=LINE('',#13134,#1415);
#613=LINE('',#13138,#1416);
#614=LINE('',#13142,#1417);
#615=LINE('',#13143,#1418);
#616=LINE('',#13145,#1419);
#617=LINE('',#13146,#1420);
#618=LINE('',#13149,#1421);
#619=LINE('',#13150,#1422);
#620=LINE('',#13153,#1423);
#621=LINE('',#13154,#1424);
#622=LINE('',#13158,#1425);
#623=LINE('',#13159,#1426);
#624=LINE('',#13161,#1427);
#625=LINE('',#13162,#1428);
#626=LINE('',#13165,#1429);
#627=LINE('',#13166,#1430);
#628=LINE('',#13169,#1431);
#629=LINE('',#13170,#1432);
#630=LINE('',#13183,#1433);
#631=LINE('',#13184,#1434);
#632=LINE('',#13186,#1435);
#633=LINE('',#13188,#1436);
#634=LINE('',#13191,#1437);
#635=LINE('',#13193,#1438);
#636=LINE('',#13195,#1439);
#637=LINE('',#13197,#1440);
#638=LINE('',#13199,#1441);
#639=LINE('',#13201,#1442);
#640=LINE('',#13203,#1443);
#641=LINE('',#13205,#1444);
#642=LINE('',#13207,#1445);
#643=LINE('',#13236,#1446);
#644=LINE('',#13239,#1447);
#645=LINE('',#13241,#1448);
#646=LINE('',#13243,#1449);
#647=LINE('',#13257,#1450);
#648=LINE('',#13267,#1451);
#649=LINE('',#13281,#1452);
#650=LINE('',#13293,#1453);
#651=LINE('',#13305,#1454);
#652=LINE('',#13318,#1455);
#653=LINE('',#13322,#1456);
#654=LINE('',#13324,#1457);
#655=LINE('',#13326,#1458);
#656=LINE('',#13327,#1459);
#657=LINE('',#13332,#1460);
#658=LINE('',#13336,#1461);
#659=LINE('',#13340,#1462);
#660=LINE('',#13342,#1463);
#661=LINE('',#13355,#1464);
#662=LINE('',#13369,#1465);
#663=LINE('',#13383,#1466);
#664=LINE('',#13401,#1467);
#665=LINE('',#13414,#1468);
#666=LINE('',#13415,#1469);
#667=LINE('',#13417,#1470);
#668=LINE('',#13419,#1471);
#669=LINE('',#13421,#1472);
#670=LINE('',#13432,#1473);
#671=LINE('',#13449,#1474);
#672=LINE('',#13458,#1475);
#673=LINE('',#13473,#1476);
#674=LINE('',#13475,#1477);
#675=LINE('',#13477,#1478);
#676=LINE('',#13479,#1479);
#677=LINE('',#13488,#1480);
#678=LINE('',#13505,#1481);
#679=LINE('',#13507,#1482);
#680=LINE('',#13511,#1483);
#681=LINE('',#13513,#1484);
#682=LINE('',#13515,#1485);
#683=LINE('',#13526,#1486);
#684=LINE('',#13540,#1487);
#685=LINE('',#13549,#1488);
#686=LINE('',#13563,#1489);
#687=LINE('',#13565,#1490);
#688=LINE('',#13567,#1491);
#689=LINE('',#13569,#1492);
#690=LINE('',#13578,#1493);
#691=LINE('',#13580,#1494);
#692=LINE('',#13594,#1495);
#693=LINE('',#13615,#1496);
#694=LINE('',#13617,#1497);
#695=LINE('',#13619,#1498);
#696=LINE('',#13621,#1499);
#697=LINE('',#13623,#1500);
#698=LINE('',#13625,#1501);
#699=LINE('',#13639,#1502);
#700=LINE('',#13648,#1503);
#701=LINE('',#13657,#1504);
#702=LINE('',#13671,#1505);
#703=LINE('',#13673,#1506);
#704=LINE('',#13675,#1507);
#705=LINE('',#13677,#1508);
#706=LINE('',#13688,#1509);
#707=LINE('',#13705,#1510);
#708=LINE('',#13714,#1511);
#709=LINE('',#13728,#1512);
#710=LINE('',#13730,#1513);
#711=LINE('',#13732,#1514);
#712=LINE('',#13734,#1515);
#713=LINE('',#13736,#1516);
#714=LINE('',#13738,#1517);
#715=LINE('',#13740,#1518);
#716=LINE('',#13744,#1519);
#717=LINE('',#13746,#1520);
#718=LINE('',#13748,#1521);
#719=LINE('',#13750,#1522);
#720=LINE('',#13752,#1523);
#721=LINE('',#13761,#1524);
#722=LINE('',#13765,#1525);
#723=LINE('',#13769,#1526);
#724=LINE('',#13781,#1527);
#725=LINE('',#13788,#1528);
#726=LINE('',#13791,#1529);
#727=LINE('',#13793,#1530);
#728=LINE('',#13795,#1531);
#729=LINE('',#13803,#1532);
#730=LINE('',#13807,#1533);
#731=LINE('',#13809,#1534);
#732=LINE('',#13811,#1535);
#733=LINE('',#13824,#1536);
#734=LINE('',#13834,#1537);
#735=LINE('',#13848,#1538);
#736=LINE('',#13860,#1539);
#737=LINE('',#13872,#1540);
#738=LINE('',#13886,#1541);
#739=LINE('',#13900,#1542);
#740=LINE('',#13914,#1543);
#741=LINE('',#13932,#1544);
#742=LINE('',#13945,#1545);
#743=LINE('',#13949,#1546);
#744=LINE('',#13953,#1547);
#745=LINE('',#13957,#1548);
#746=LINE('',#13959,#1549);
#747=LINE('',#13966,#1550);
#748=LINE('',#13967,#1551);
#749=LINE('',#13969,#1552);
#750=LINE('',#13980,#1553);
#751=LINE('',#13997,#1554);
#752=LINE('',#14006,#1555);
#753=LINE('',#14021,#1556);
#754=LINE('',#14023,#1557);
#755=LINE('',#14025,#1558);
#756=LINE('',#14027,#1559);
#757=LINE('',#14036,#1560);
#758=LINE('',#14053,#1561);
#759=LINE('',#14055,#1562);
#760=LINE('',#14059,#1563);
#761=LINE('',#14061,#1564);
#762=LINE('',#14063,#1565);
#763=LINE('',#14074,#1566);
#764=LINE('',#14088,#1567);
#765=LINE('',#14097,#1568);
#766=LINE('',#14111,#1569);
#767=LINE('',#14113,#1570);
#768=LINE('',#14115,#1571);
#769=LINE('',#14117,#1572);
#770=LINE('',#14119,#1573);
#771=LINE('',#14121,#1574);
#772=LINE('',#14123,#1575);
#773=LINE('',#14132,#1576);
#774=LINE('',#14146,#1577);
#775=LINE('',#14167,#1578);
#776=LINE('',#14169,#1579);
#777=LINE('',#14171,#1580);
#778=LINE('',#14173,#1581);
#779=LINE('',#14187,#1582);
#780=LINE('',#14196,#1583);
#781=LINE('',#14205,#1584);
#782=LINE('',#14219,#1585);
#783=LINE('',#14221,#1586);
#784=LINE('',#14223,#1587);
#785=LINE('',#14225,#1588);
#786=LINE('',#14236,#1589);
#787=LINE('',#14253,#1590);
#788=LINE('',#14255,#1591);
#789=LINE('',#14257,#1592);
#790=LINE('',#14259,#1593);
#791=LINE('',#14261,#1594);
#792=LINE('',#14270,#1595);
#793=LINE('',#14284,#1596);
#794=LINE('',#14286,#1597);
#795=LINE('',#14288,#1598);
#796=LINE('',#14290,#1599);
#797=LINE('',#14292,#1600);
#798=LINE('',#14296,#1601);
#799=LINE('',#14298,#1602);
#800=LINE('',#14300,#1603);
#801=LINE('',#14302,#1604);
#802=LINE('',#14304,#1605);
#803=LINE('',#14313,#1606);
#804=LINE('',#14317,#1607);
#805=LINE('',#14321,#1608);
#806=LINE('',#14333,#1609);
#807=LINE('',#14340,#1610);
#808=LINE('',#14343,#1611);
#809=LINE('',#14345,#1612);
#810=LINE('',#14347,#1613);
#811=LINE('',#14349,#1614);
#812=LINE('',#14352,#1615);
#813=LINE('',#14354,#1616);
#814=LINE('',#14356,#1617);
#815=LINE('',#14358,#1618);
#816=LINE('',#14360,#1619);
#817=LINE('',#14362,#1620);
#818=LINE('',#14364,#1621);
#819=LINE('',#14369,#1622);
#820=LINE('',#14373,#1623);
#821=LINE('',#14375,#1624);
#822=LINE('',#14379,#1625);
#823=LINE('',#14383,#1626);
#824=LINE('',#14387,#1627);
#825=LINE('',#14391,#1628);
#826=LINE('',#14392,#1629);
#827=LINE('',#14396,#1630);
#828=LINE('',#14398,#1631);
#829=LINE('',#14400,#1632);
#830=LINE('',#14403,#1633);
#831=LINE('',#14405,#1634);
#832=LINE('',#14406,#1635);
#833=LINE('',#14408,#1636);
#834=LINE('',#14410,#1637);
#835=LINE('',#14414,#1638);
#836=LINE('',#14416,#1639);
#837=LINE('',#14418,#1640);
#838=LINE('',#14420,#1641);
#839=LINE('',#14422,#1642);
#840=LINE('',#14424,#1643);
#841=LINE('',#14426,#1644);
#842=LINE('',#14428,#1645);
#843=LINE('',#14430,#1646);
#844=LINE('',#14432,#1647);
#845=LINE('',#14434,#1648);
#846=LINE('',#14436,#1649);
#847=LINE('',#14438,#1650);
#848=LINE('',#14442,#1651);
#849=LINE('',#14444,#1652);
#850=LINE('',#14446,#1653);
#851=LINE('',#14448,#1654);
#852=LINE('',#14450,#1655);
#853=LINE('',#14452,#1656);
#854=LINE('',#14454,#1657);
#855=LINE('',#14458,#1658);
#856=LINE('',#14461,#1659);
#857=LINE('',#14463,#1660);
#858=LINE('',#14465,#1661);
#859=LINE('',#14467,#1662);
#860=LINE('',#14470,#1663);
#861=LINE('',#14471,#1664);
#862=LINE('',#14473,#1665);
#863=LINE('',#14477,#1666);
#864=LINE('',#14481,#1667);
#865=LINE('',#14483,#1668);
#866=LINE('',#14485,#1669);
#867=LINE('',#14489,#1670);
#868=LINE('',#14493,#1671);
#869=LINE('',#14495,#1672);
#870=LINE('',#14497,#1673);
#871=LINE('',#14499,#1674);
#872=LINE('',#14500,#1675);
#873=LINE('',#14503,#1676);
#874=LINE('',#14507,#1677);
#875=LINE('',#14511,#1678);
#876=LINE('',#14515,#1679);
#877=LINE('',#14519,#1680);
#878=LINE('',#14523,#1681);
#879=LINE('',#14527,#1682);
#880=LINE('',#14529,#1683);
#881=LINE('',#14531,#1684);
#882=LINE('',#14535,#1685);
#883=LINE('',#14539,#1686);
#884=LINE('',#14541,#1687);
#885=LINE('',#14542,#1688);
#886=LINE('',#14544,#1689);
#887=LINE('',#14546,#1690);
#888=LINE('',#14548,#1691);
#889=LINE('',#14550,#1692);
#890=LINE('',#14552,#1693);
#891=LINE('',#14554,#1694);
#892=LINE('',#14556,#1695);
#893=LINE('',#14558,#1696);
#894=LINE('',#14562,#1697);
#895=LINE('',#14564,#1698);
#896=LINE('',#14566,#1699);
#897=LINE('',#14568,#1700);
#898=LINE('',#14572,#1701);
#899=LINE('',#14574,#1702);
#900=LINE('',#14576,#1703);
#901=LINE('',#14578,#1704);
#902=LINE('',#14580,#1705);
#903=LINE('',#14582,#1706);
#904=LINE('',#14584,#1707);
#905=LINE('',#14586,#1708);
#906=LINE('',#14588,#1709);
#907=LINE('',#14590,#1710);
#908=LINE('',#14592,#1711);
#909=LINE('',#14594,#1712);
#910=LINE('',#14596,#1713);
#911=LINE('',#14598,#1714);
#912=LINE('',#14602,#1715);
#913=LINE('',#14604,#1716);
#914=LINE('',#14606,#1717);
#915=LINE('',#14608,#1718);
#916=LINE('',#14612,#1719);
#917=LINE('',#14614,#1720);
#918=LINE('',#14616,#1721);
#919=LINE('',#14618,#1722);
#920=LINE('',#14620,#1723);
#921=LINE('',#14622,#1724);
#922=LINE('',#14624,#1725);
#923=LINE('',#14626,#1726);
#924=LINE('',#14628,#1727);
#925=LINE('',#14630,#1728);
#926=LINE('',#14632,#1729);
#927=LINE('',#14642,#1730);
#928=LINE('',#14646,#1731);
#929=LINE('',#14650,#1732);
#930=LINE('',#14662,#1733);
#931=LINE('',#14674,#1734);
#932=LINE('',#14686,#1735);
#933=LINE('',#14688,#1736);
#934=LINE('',#14690,#1737);
#935=LINE('',#14712,#1738);
#936=LINE('',#14713,#1739);
#937=LINE('',#14724,#1740);
#938=LINE('',#14725,#1741);
#939=LINE('',#14739,#1742);
#940=LINE('',#14748,#1743);
#941=LINE('',#14750,#1744);
#942=LINE('',#14752,#1745);
#943=LINE('',#14754,#1746);
#944=LINE('',#14770,#1747);
#945=LINE('',#14781,#1748);
#946=LINE('',#14795,#1749);
#947=LINE('',#14804,#1750);
#948=LINE('',#14806,#1751);
#949=LINE('',#14808,#1752);
#950=LINE('',#14810,#1753);
#951=LINE('',#14812,#1754);
#952=LINE('',#14814,#1755);
#953=LINE('',#14816,#1756);
#954=LINE('',#14818,#1757);
#955=LINE('',#14820,#1758);
#956=LINE('',#14822,#1759);
#957=LINE('',#14826,#1760);
#958=LINE('',#14829,#1761);
#959=LINE('',#14831,#1762);
#960=LINE('',#14833,#1763);
#961=LINE('',#14835,#1764);
#962=LINE('',#14837,#1765);
#963=LINE('',#14839,#1766);
#964=LINE('',#14843,#1767);
#965=LINE('',#14847,#1768);
#966=LINE('',#14849,#1769);
#967=LINE('',#14851,#1770);
#968=LINE('',#14852,#1771);
#969=LINE('',#14857,#1772);
#970=LINE('',#14861,#1773);
#971=LINE('',#14865,#1774);
#972=LINE('',#14867,#1775);
#973=LINE('',#14869,#1776);
#974=LINE('',#14873,#1777);
#975=LINE('',#14877,#1778);
#976=LINE('',#14881,#1779);
#977=LINE('',#14882,#1780);
#978=LINE('',#14884,#1781);
#979=LINE('',#14886,#1782);
#980=LINE('',#14888,#1783);
#981=LINE('',#14890,#1784);
#982=LINE('',#14892,#1785);
#983=LINE('',#14894,#1786);
#984=LINE('',#14896,#1787);
#985=LINE('',#14900,#1788);
#986=LINE('',#14902,#1789);
#987=LINE('',#14904,#1790);
#988=LINE('',#14906,#1791);
#989=LINE('',#14908,#1792);
#990=LINE('',#14910,#1793);
#991=LINE('',#14912,#1794);
#992=LINE('',#14914,#1795);
#993=LINE('',#14916,#1796);
#994=LINE('',#14918,#1797);
#995=LINE('',#14920,#1798);
#996=LINE('',#14922,#1799);
#997=LINE('',#14924,#1800);
#998=LINE('',#14926,#1801);
#999=LINE('',#14928,#1802);
#1000=LINE('',#14932,#1803);
#1001=LINE('',#14934,#1804);
#1002=LINE('',#14936,#1805);
#1003=LINE('',#14938,#1806);
#1004=LINE('',#14940,#1807);
#1005=LINE('',#14943,#1808);
#1006=LINE('',#14948,#1809);
#1007=LINE('',#14952,#1810);
#1008=LINE('',#14956,#1811);
#1009=LINE('',#14960,#1812);
#1010=LINE('',#14963,#1813);
#1011=LINE('',#14965,#1814);
#1012=LINE('',#14967,#1815);
#1013=LINE('',#14981,#1816);
#1014=LINE('',#14983,#1817);
#1015=LINE('',#14995,#1818);
#1016=LINE('',#14996,#1819);
#1017=LINE('',#15010,#1820);
#1018=LINE('',#15014,#1821);
#1019=LINE('',#15018,#1822);
#1020=LINE('',#15031,#1823);
#1021=LINE('',#15032,#1824);
#1022=LINE('',#15034,#1825);
#1023=LINE('',#15045,#1826);
#1024=LINE('',#15061,#1827);
#1025=LINE('',#15070,#1828);
#1026=LINE('',#15085,#1829);
#1027=LINE('',#15087,#1830);
#1028=LINE('',#15089,#1831);
#1029=LINE('',#15091,#1832);
#1030=LINE('',#15093,#1833);
#1031=LINE('',#15095,#1834);
#1032=LINE('',#15104,#1835);
#1033=LINE('',#15118,#1836);
#1034=LINE('',#15127,#1837);
#1035=LINE('',#15142,#1838);
#1036=LINE('',#15144,#1839);
#1037=LINE('',#15146,#1840);
#1038=LINE('',#15148,#1841);
#1039=LINE('',#15151,#1842);
#1040=LINE('',#15154,#1843);
#1041=LINE('',#15156,#1844);
#1042=LINE('',#15160,#1845);
#1043=LINE('',#15164,#1846);
#1044=LINE('',#15168,#1847);
#1045=LINE('',#15172,#1848);
#1046=LINE('',#15174,#1849);
#1047=LINE('',#15176,#1850);
#1048=LINE('',#15178,#1851);
#1049=LINE('',#15180,#1852);
#1050=LINE('',#15181,#1853);
#1051=LINE('',#15183,#1854);
#1052=LINE('',#15185,#1855);
#1053=LINE('',#15187,#1856);
#1054=LINE('',#15189,#1857);
#1055=LINE('',#15191,#1858);
#1056=LINE('',#15193,#1859);
#1057=LINE('',#15195,#1860);
#1058=LINE('',#15197,#1861);
#1059=LINE('',#15199,#1862);
#1060=LINE('',#15225,#1863);
#1061=LINE('',#15248,#1864);
#1062=LINE('',#15249,#1865);
#1063=LINE('',#15273,#1866);
#1064=LINE('',#15303,#1867);
#1065=LINE('',#15304,#1868);
#1066=LINE('',#15313,#1869);
#1067=LINE('',#15320,#1870);
#1068=LINE('',#15329,#1871);
#1069=LINE('',#15343,#1872);
#1070=LINE('',#15345,#1873);
#1071=LINE('',#15347,#1874);
#1072=LINE('',#15349,#1875);
#1073=LINE('',#15358,#1876);
#1074=LINE('',#15372,#1877);
#1075=LINE('',#15381,#1878);
#1076=LINE('',#15396,#1879);
#1077=LINE('',#15405,#1880);
#1078=LINE('',#15419,#1881);
#1079=LINE('',#15428,#1882);
#1080=LINE('',#15442,#1883);
#1081=LINE('',#15444,#1884);
#1082=LINE('',#15446,#1885);
#1083=LINE('',#15448,#1886);
#1084=LINE('',#15457,#1887);
#1085=LINE('',#15471,#1888);
#1086=LINE('',#15505,#1889);
#1087=LINE('',#15509,#1890);
#1088=LINE('',#15513,#1891);
#1089=LINE('',#15525,#1892);
#1090=LINE('',#15526,#1893);
#1091=LINE('',#15539,#1894);
#1092=LINE('',#15541,#1895);
#1093=LINE('',#15543,#1896);
#1094=LINE('',#15570,#1897);
#1095=LINE('',#15571,#1898);
#1096=LINE('',#15582,#1899);
#1097=LINE('',#15583,#1900);
#1098=LINE('',#15597,#1901);
#1099=LINE('',#15606,#1902);
#1100=LINE('',#15608,#1903);
#1101=LINE('',#15610,#1904);
#1102=LINE('',#15612,#1905);
#1103=LINE('',#15628,#1906);
#1104=LINE('',#15639,#1907);
#1105=LINE('',#15653,#1908);
#1106=LINE('',#15662,#1909);
#1107=LINE('',#15664,#1910);
#1108=LINE('',#15666,#1911);
#1109=LINE('',#15668,#1912);
#1110=LINE('',#15670,#1913);
#1111=LINE('',#15672,#1914);
#1112=LINE('',#15674,#1915);
#1113=LINE('',#15676,#1916);
#1114=LINE('',#15678,#1917);
#1115=LINE('',#15680,#1918);
#1116=LINE('',#15684,#1919);
#1117=LINE('',#15687,#1920);
#1118=LINE('',#15689,#1921);
#1119=LINE('',#15691,#1922);
#1120=LINE('',#15693,#1923);
#1121=LINE('',#15707,#1924);
#1122=LINE('',#15711,#1925);
#1123=LINE('',#15713,#1926);
#1124=LINE('',#15715,#1927);
#1125=LINE('',#15738,#1928);
#1126=LINE('',#15742,#1929);
#1127=LINE('',#15746,#1930);
#1128=LINE('',#15750,#1931);
#1129=LINE('',#15752,#1932);
#1130=LINE('',#15765,#1933);
#1131=LINE('',#15767,#1934);
#1132=LINE('',#15768,#1935);
#1133=LINE('',#15770,#1936);
#1134=LINE('',#15781,#1937);
#1135=LINE('',#15797,#1938);
#1136=LINE('',#15806,#1939);
#1137=LINE('',#15821,#1940);
#1138=LINE('',#15823,#1941);
#1139=LINE('',#15825,#1942);
#1140=LINE('',#15827,#1943);
#1141=LINE('',#15829,#1944);
#1142=LINE('',#15831,#1945);
#1143=LINE('',#15840,#1946);
#1144=LINE('',#15854,#1947);
#1145=LINE('',#15863,#1948);
#1146=LINE('',#15878,#1949);
#1147=LINE('',#15880,#1950);
#1148=LINE('',#15882,#1951);
#1149=LINE('',#15884,#1952);
#1150=LINE('',#15886,#1953);
#1151=LINE('',#15890,#1954);
#1152=LINE('',#15892,#1955);
#1153=LINE('',#15894,#1956);
#1154=LINE('',#15896,#1957);
#1155=LINE('',#15898,#1958);
#1156=LINE('',#15900,#1959);
#1157=LINE('',#15902,#1960);
#1158=LINE('',#15911,#1961);
#1159=LINE('',#15915,#1962);
#1160=LINE('',#15919,#1963);
#1161=LINE('',#15931,#1964);
#1162=LINE('',#15944,#1965);
#1163=LINE('',#15948,#1966);
#1164=LINE('',#15952,#1967);
#1165=LINE('',#15964,#1968);
#1166=LINE('',#15976,#1969);
#1167=LINE('',#15988,#1970);
#1168=LINE('',#15990,#1971);
#1169=LINE('',#15992,#1972);
#1170=LINE('',#16012,#1973);
#1171=LINE('',#16013,#1974);
#1172=LINE('',#16022,#1975);
#1173=LINE('',#16023,#1976);
#1174=LINE('',#16037,#1977);
#1175=LINE('',#16046,#1978);
#1176=LINE('',#16048,#1979);
#1177=LINE('',#16050,#1980);
#1178=LINE('',#16052,#1981);
#1179=LINE('',#16068,#1982);
#1180=LINE('',#16079,#1983);
#1181=LINE('',#16093,#1984);
#1182=LINE('',#16102,#1985);
#1183=LINE('',#16104,#1986);
#1184=LINE('',#16106,#1987);
#1185=LINE('',#16108,#1988);
#1186=LINE('',#16110,#1989);
#1187=LINE('',#16112,#1990);
#1188=LINE('',#16114,#1991);
#1189=LINE('',#16116,#1992);
#1190=LINE('',#16118,#1993);
#1191=LINE('',#16120,#1994);
#1192=LINE('',#16130,#1995);
#1193=LINE('',#16134,#1996);
#1194=LINE('',#16138,#1997);
#1195=LINE('',#16150,#1998);
#1196=LINE('',#16163,#1999);
#1197=LINE('',#16175,#2000);
#1198=LINE('',#16179,#2001);
#1199=LINE('',#16183,#2002);
#1200=LINE('',#16195,#2003);
#1201=LINE('',#16197,#2004);
#1202=LINE('',#16199,#2005);
#1203=LINE('',#16211,#2006);
#1204=LINE('',#16233,#2007);
#1205=LINE('',#16234,#2008);
#1206=LINE('',#16245,#2009);
#1207=LINE('',#16246,#2010);
#1208=LINE('',#16260,#2011);
#1209=LINE('',#16269,#2012);
#1210=LINE('',#16271,#2013);
#1211=LINE('',#16273,#2014);
#1212=LINE('',#16275,#2015);
#1213=LINE('',#16291,#2016);
#1214=LINE('',#16302,#2017);
#1215=LINE('',#16316,#2018);
#1216=LINE('',#16325,#2019);
#1217=LINE('',#16327,#2020);
#1218=LINE('',#16329,#2021);
#1219=LINE('',#16331,#2022);
#1220=LINE('',#16333,#2023);
#1221=LINE('',#16335,#2024);
#1222=LINE('',#16337,#2025);
#1223=LINE('',#16339,#2026);
#1224=LINE('',#16341,#2027);
#1225=LINE('',#16343,#2028);
#1226=LINE('',#16364,#2029);
#1227=LINE('',#16382,#2030);
#1228=LINE('',#16384,#2031);
#1229=LINE('',#16403,#2032);
#1230=LINE('',#16437,#2033);
#1231=LINE('',#16455,#2034);
#1232=LINE('',#16475,#2035);
#1233=LINE('',#16476,#2036);
#1234=LINE('',#16487,#2037);
#1235=LINE('',#16488,#2038);
#1236=LINE('',#16490,#2039);
#1237=LINE('',#16492,#2040);
#1238=LINE('',#16494,#2041);
#1239=LINE('',#16513,#2042);
#1240=LINE('',#16524,#2043);
#1241=LINE('',#16543,#2044);
#1242=LINE('',#16554,#2045);
#1243=LINE('',#16556,#2046);
#1244=LINE('',#16558,#2047);
#1245=LINE('',#16560,#2048);
#1246=LINE('',#16633,#2049);
#1247=LINE('',#16636,#2050);
#1248=LINE('',#16638,#2051);
#1249=LINE('',#16640,#2052);
#1250=LINE('',#16642,#2053);
#1251=LINE('',#16644,#2054);
#1252=LINE('',#16646,#2055);
#1253=LINE('',#16648,#2056);
#1254=LINE('',#16706,#2057);
#1255=LINE('',#16710,#2058);
#1256=LINE('',#16714,#2059);
#1257=LINE('',#16747,#2060);
#1258=LINE('',#16750,#2061);
#1259=LINE('',#16752,#2062);
#1260=LINE('',#16754,#2063);
#1261=LINE('',#16756,#2064);
#1262=LINE('',#16758,#2065);
#1263=LINE('',#16760,#2066);
#1264=LINE('',#16762,#2067);
#1265=LINE('',#16764,#2068);
#1266=LINE('',#16766,#2069);
#1267=LINE('',#16768,#2070);
#1268=LINE('',#16770,#2071);
#1269=LINE('',#16775,#2072);
#1270=LINE('',#16779,#2073);
#1271=LINE('',#16783,#2074);
#1272=LINE('',#16787,#2075);
#1273=LINE('',#16790,#2076);
#1274=LINE('',#16794,#2077);
#1275=LINE('',#16798,#2078);
#1276=LINE('',#16802,#2079);
#1277=LINE('',#16804,#2080);
#1278=LINE('',#16806,#2081);
#1279=LINE('',#16808,#2082);
#1280=LINE('',#16810,#2083);
#1281=LINE('',#16812,#2084);
#1282=LINE('',#16814,#2085);
#1283=LINE('',#16816,#2086);
#1284=LINE('',#16818,#2087);
#1285=LINE('',#16820,#2088);
#1286=LINE('',#16822,#2089);
#1287=LINE('',#16824,#2090);
#1288=LINE('',#16895,#2091);
#1289=LINE('',#16896,#2092);
#1290=LINE('',#16898,#2093);
#1291=LINE('',#16899,#2094);
#1292=LINE('',#16901,#2095);
#1293=LINE('',#16902,#2096);
#1294=LINE('',#16972,#2097);
#1295=LINE('',#16974,#2098);
#1296=LINE('',#16976,#2099);
#1297=LINE('',#16978,#2100);
#1298=LINE('',#16980,#2101);
#1299=LINE('',#16982,#2102);
#1300=LINE('',#16984,#2103);
#1301=LINE('',#16986,#2104);
#1302=LINE('',#16988,#2105);
#1303=LINE('',#16990,#2106);
#1304=LINE('',#16992,#2107);
#1305=LINE('',#16994,#2108);
#1306=LINE('',#16996,#2109);
#1307=LINE('',#16998,#2110);
#1308=LINE('',#17000,#2111);
#1309=LINE('',#17002,#2112);
#1310=LINE('',#17004,#2113);
#1311=LINE('',#17006,#2114);
#1312=LINE('',#17008,#2115);
#1313=LINE('',#17010,#2116);
#1314=LINE('',#17012,#2117);
#1315=LINE('',#17014,#2118);
#1316=LINE('',#17016,#2119);
#1317=LINE('',#17018,#2120);
#1318=VECTOR('',#10359,1.);
#1319=VECTOR('',#10360,1.);
#1320=VECTOR('',#10361,1.);
#1321=VECTOR('',#10362,1.);
#1322=VECTOR('',#10365,1.);
#1323=VECTOR('',#10368,1.);
#1324=VECTOR('',#10369,1.);
#1325=VECTOR('',#10370,1.);
#1326=VECTOR('',#10373,1.);
#1327=VECTOR('',#10374,1.);
#1328=VECTOR('',#10375,1.);
#1329=VECTOR('',#10378,1.);
#1330=VECTOR('',#10381,1.);
#1331=VECTOR('',#10382,1.);
#1332=VECTOR('',#10383,1.);
#1333=VECTOR('',#10386,1.);
#1334=VECTOR('',#10389,1.);
#1335=VECTOR('',#10390,1.);
#1336=VECTOR('',#10391,1.);
#1337=VECTOR('',#10394,1.);
#1338=VECTOR('',#10397,1.);
#1339=VECTOR('',#10398,1.);
#1340=VECTOR('',#10401,1.);
#1341=VECTOR('',#10404,1.);
#1342=VECTOR('',#10407,1.);
#1343=VECTOR('',#10428,1.);
#1344=VECTOR('',#10429,1.);
#1345=VECTOR('',#10430,1.);
#1346=VECTOR('',#10431,1.);
#1347=VECTOR('',#10434,1.);
#1348=VECTOR('',#10435,1.);
#1349=VECTOR('',#10436,1.);
#1350=VECTOR('',#10439,1.);
#1351=VECTOR('',#10442,1.);
#1352=VECTOR('',#10443,1.);
#1353=VECTOR('',#10444,1.);
#1354=VECTOR('',#10447,1.);
#1355=VECTOR('',#10450,1.);
#1356=VECTOR('',#10451,1.);
#1357=VECTOR('',#10452,1.);
#1358=VECTOR('',#10455,1.);
#1359=VECTOR('',#10458,1.);
#1360=VECTOR('',#10461,1.);
#1361=VECTOR('',#10464,1.);
#1362=VECTOR('',#10465,1.);
#1363=VECTOR('',#10468,1.);
#1364=VECTOR('',#10473,1.);
#1365=VECTOR('',#10476,1.);
#1366=VECTOR('',#10479,1.);
#1367=VECTOR('',#10480,1.);
#1368=VECTOR('',#10481,1.);
#1369=VECTOR('',#10484,1.);
#1370=VECTOR('',#10487,1.);
#1371=VECTOR('',#10488,1.);
#1372=VECTOR('',#10489,1.);
#1373=VECTOR('',#10492,1.);
#1374=VECTOR('',#10495,1.);
#1375=VECTOR('',#10498,1.);
#1376=VECTOR('',#10501,1.);
#1377=VECTOR('',#10504,1.);
#1378=VECTOR('',#10507,1.);
#1379=VECTOR('',#10510,1.);
#1380=VECTOR('',#10511,1.);
#1381=VECTOR('',#10512,1.);
#1382=VECTOR('',#10515,1.);
#1383=VECTOR('',#10518,1.);
#1384=VECTOR('',#10529,1.);
#1385=VECTOR('',#10532,1.);
#1386=VECTOR('',#10535,1.);
#1387=VECTOR('',#10538,1.);
#1388=VECTOR('',#10561,1.);
#1389=VECTOR('',#10562,1.);
#1390=VECTOR('',#10563,1.);
#1391=VECTOR('',#10566,1.);
#1392=VECTOR('',#10569,1.);
#1393=VECTOR('',#10570,1.);
#1394=VECTOR('',#10571,1.);
#1395=VECTOR('',#10574,1.);
#1396=VECTOR('',#10575,1.);
#1397=VECTOR('',#10576,1.);
#1398=VECTOR('',#10579,1.);
#1399=VECTOR('',#10580,1.);
#1400=VECTOR('',#10581,1.);
#1401=VECTOR('',#10584,1.);
#1402=VECTOR('',#10585,1.);
#1403=VECTOR('',#10586,1.);
#1404=VECTOR('',#10587,1.);
#1405=VECTOR('',#10588,1.);
#1406=VECTOR('',#10589,1.);
#1407=VECTOR('',#10590,1.);
#1408=VECTOR('',#10591,1.);
#1409=VECTOR('',#10596,1.);
#1410=VECTOR('',#10599,1.);
#1411=VECTOR('',#10602,1.);
#1412=VECTOR('',#10605,1.);
#1413=VECTOR('',#10606,1.);
#1414=VECTOR('',#10609,1.);
#1415=VECTOR('',#10612,1.);
#1416=VECTOR('',#10615,1.);
#1417=VECTOR('',#10620,1.);
#1418=VECTOR('',#10621,1.);
#1419=VECTOR('',#10624,1.);
#1420=VECTOR('',#10625,1.);
#1421=VECTOR('',#10630,1.);
#1422=VECTOR('',#10631,1.);
#1423=VECTOR('',#10636,1.);
#1424=VECTOR('',#10637,1.);
#1425=VECTOR('',#10644,1.);
#1426=VECTOR('',#10645,1.);
#1427=VECTOR('',#10648,1.);
#1428=VECTOR('',#10649,1.);
#1429=VECTOR('',#10654,1.);
#1430=VECTOR('',#10655,1.);
#1431=VECTOR('',#10660,1.);
#1432=VECTOR('',#10661,1.);
#1433=VECTOR('',#10686,1.);
#1434=VECTOR('',#10687,1.);
#1435=VECTOR('',#10690,1.);
#1436=VECTOR('',#10693,1.);
#1437=VECTOR('',#10698,1.);
#1438=VECTOR('',#10701,1.);
#1439=VECTOR('',#10702,1.);
#1440=VECTOR('',#10703,1.);
#1441=VECTOR('',#10706,1.);
#1442=VECTOR('',#10707,1.);
#1443=VECTOR('',#10710,1.);
#1444=VECTOR('',#10711,1.);
#1445=VECTOR('',#10714,1.);
#1446=VECTOR('',#10759,1.);
#1447=VECTOR('',#10760,1.);
#1448=VECTOR('',#10761,1.);
#1449=VECTOR('',#10762,1.);
#1450=VECTOR('',#10765,1.);
#1451=VECTOR('',#10768,1.);
#1452=VECTOR('',#10771,1.);
#1453=VECTOR('',#10772,1.);
#1454=VECTOR('',#10773,1.);
#1455=VECTOR('',#10774,1.);
#1456=VECTOR('',#10777,1.);
#1457=VECTOR('',#10778,1.);
#1458=VECTOR('',#10779,1.);
#1459=VECTOR('',#10780,1.);
#1460=VECTOR('',#10783,1.);
#1461=VECTOR('',#10786,1.);
#1462=VECTOR('',#10789,1.);
#1463=VECTOR('',#10790,1.);
#1464=VECTOR('',#10791,1.);
#1465=VECTOR('',#10794,1.);
#1466=VECTOR('',#10797,1.);
#1467=VECTOR('',#10798,1.);
#1468=VECTOR('',#10801,1.);
#1469=VECTOR('',#10802,1.);
#1470=VECTOR('',#10805,1.);
#1471=VECTOR('',#10808,1.);
#1472=VECTOR('',#10809,1.);
#1473=VECTOR('',#10810,1.);
#1474=VECTOR('',#10811,1.);
#1475=VECTOR('',#10812,1.);
#1476=VECTOR('',#10813,1.);
#1477=VECTOR('',#10816,1.);
#1478=VECTOR('',#10819,1.);
#1479=VECTOR('',#10820,1.);
#1480=VECTOR('',#10821,1.);
#1481=VECTOR('',#10822,1.);
#1482=VECTOR('',#10825,1.);
#1483=VECTOR('',#10830,1.);
#1484=VECTOR('',#10831,1.);
#1485=VECTOR('',#10834,1.);
#1486=VECTOR('',#10837,1.);
#1487=VECTOR('',#10838,1.);
#1488=VECTOR('',#10839,1.);
#1489=VECTOR('',#10840,1.);
#1490=VECTOR('',#10843,1.);
#1491=VECTOR('',#10846,1.);
#1492=VECTOR('',#10847,1.);
#1493=VECTOR('',#10848,1.);
#1494=VECTOR('',#10849,1.);
#1495=VECTOR('',#10850,1.);
#1496=VECTOR('',#10851,1.);
#1497=VECTOR('',#10854,1.);
#1498=VECTOR('',#10857,1.);
#1499=VECTOR('',#10858,1.);
#1500=VECTOR('',#10861,1.);
#1501=VECTOR('',#10864,1.);
#1502=VECTOR('',#10865,1.);
#1503=VECTOR('',#10866,1.);
#1504=VECTOR('',#10867,1.);
#1505=VECTOR('',#10868,1.);
#1506=VECTOR('',#10871,1.);
#1507=VECTOR('',#10874,1.);
#1508=VECTOR('',#10875,1.);
#1509=VECTOR('',#10876,1.);
#1510=VECTOR('',#10877,1.);
#1511=VECTOR('',#10878,1.);
#1512=VECTOR('',#10879,1.);
#1513=VECTOR('',#10882,1.);
#1514=VECTOR('',#10883,1.);
#1515=VECTOR('',#10884,1.);
#1516=VECTOR('',#10887,1.);
#1517=VECTOR('',#10890,1.);
#1518=VECTOR('',#10891,1.);
#1519=VECTOR('',#10898,1.);
#1520=VECTOR('',#10901,1.);
#1521=VECTOR('',#10904,1.);
#1522=VECTOR('',#10907,1.);
#1523=VECTOR('',#10910,1.);
#1524=VECTOR('',#10915,1.);
#1525=VECTOR('',#10918,1.);
#1526=VECTOR('',#10921,1.);
#1527=VECTOR('',#10922,1.);
#1528=VECTOR('',#10925,1.);
#1529=VECTOR('',#10926,1.);
#1530=VECTOR('',#10927,1.);
#1531=VECTOR('',#10928,1.);
#1532=VECTOR('',#10931,1.);
#1533=VECTOR('',#10934,1.);
#1534=VECTOR('',#10935,1.);
#1535=VECTOR('',#10936,1.);
#1536=VECTOR('',#10937,1.);
#1537=VECTOR('',#10940,1.);
#1538=VECTOR('',#10943,1.);
#1539=VECTOR('',#10944,1.);
#1540=VECTOR('',#10945,1.);
#1541=VECTOR('',#10946,1.);
#1542=VECTOR('',#10949,1.);
#1543=VECTOR('',#10952,1.);
#1544=VECTOR('',#10953,1.);
#1545=VECTOR('',#10954,1.);
#1546=VECTOR('',#10957,1.);
#1547=VECTOR('',#10960,1.);
#1548=VECTOR('',#10963,1.);
#1549=VECTOR('',#10964,1.);
#1550=VECTOR('',#10967,1.);
#1551=VECTOR('',#10968,1.);
#1552=VECTOR('',#10971,1.);
#1553=VECTOR('',#10972,1.);
#1554=VECTOR('',#10973,1.);
#1555=VECTOR('',#10974,1.);
#1556=VECTOR('',#10975,1.);
#1557=VECTOR('',#10978,1.);
#1558=VECTOR('',#10981,1.);
#1559=VECTOR('',#10982,1.);
#1560=VECTOR('',#10983,1.);
#1561=VECTOR('',#10984,1.);
#1562=VECTOR('',#10987,1.);
#1563=VECTOR('',#10992,1.);
#1564=VECTOR('',#10993,1.);
#1565=VECTOR('',#10996,1.);
#1566=VECTOR('',#10999,1.);
#1567=VECTOR('',#11000,1.);
#1568=VECTOR('',#11001,1.);
#1569=VECTOR('',#11002,1.);
#1570=VECTOR('',#11005,1.);
#1571=VECTOR('',#11006,1.);
#1572=VECTOR('',#11007,1.);
#1573=VECTOR('',#11010,1.);
#1574=VECTOR('',#11013,1.);
#1575=VECTOR('',#11014,1.);
#1576=VECTOR('',#11015,1.);
#1577=VECTOR('',#11016,1.);
#1578=VECTOR('',#11017,1.);
#1579=VECTOR('',#11020,1.);
#1580=VECTOR('',#11023,1.);
#1581=VECTOR('',#11026,1.);
#1582=VECTOR('',#11027,1.);
#1583=VECTOR('',#11028,1.);
#1584=VECTOR('',#11029,1.);
#1585=VECTOR('',#11030,1.);
#1586=VECTOR('',#11033,1.);
#1587=VECTOR('',#11036,1.);
#1588=VECTOR('',#11037,1.);
#1589=VECTOR('',#11038,1.);
#1590=VECTOR('',#11039,1.);
#1591=VECTOR('',#11042,1.);
#1592=VECTOR('',#11043,1.);
#1593=VECTOR('',#11046,1.);
#1594=VECTOR('',#11047,1.);
#1595=VECTOR('',#11048,1.);
#1596=VECTOR('',#11049,1.);
#1597=VECTOR('',#11052,1.);
#1598=VECTOR('',#11055,1.);
#1599=VECTOR('',#11056,1.);
#1600=VECTOR('',#11059,1.);
#1601=VECTOR('',#11064,1.);
#1602=VECTOR('',#11067,1.);
#1603=VECTOR('',#11070,1.);
#1604=VECTOR('',#11073,1.);
#1605=VECTOR('',#11076,1.);
#1606=VECTOR('',#11081,1.);
#1607=VECTOR('',#11084,1.);
#1608=VECTOR('',#11087,1.);
#1609=VECTOR('',#11088,1.);
#1610=VECTOR('',#11091,1.);
#1611=VECTOR('',#11092,1.);
#1612=VECTOR('',#11093,1.);
#1613=VECTOR('',#11094,1.);
#1614=VECTOR('',#11097,1.);
#1615=VECTOR('',#11098,1.);
#1616=VECTOR('',#11099,1.);
#1617=VECTOR('',#11100,1.);
#1618=VECTOR('',#11103,1.);
#1619=VECTOR('',#11104,1.);
#1620=VECTOR('',#11105,1.);
#1621=VECTOR('',#11108,1.);
#1622=VECTOR('',#11111,1.);
#1623=VECTOR('',#11114,1.);
#1624=VECTOR('',#11115,1.);
#1625=VECTOR('',#11118,1.);
#1626=VECTOR('',#11121,1.);
#1627=VECTOR('',#11124,1.);
#1628=VECTOR('',#11127,1.);
#1629=VECTOR('',#11128,1.);
#1630=VECTOR('',#11131,1.);
#1631=VECTOR('',#11132,1.);
#1632=VECTOR('',#11133,1.);
#1633=VECTOR('',#11136,1.);
#1634=VECTOR('',#11139,1.);
#1635=VECTOR('',#11140,1.);
#1636=VECTOR('',#11143,1.);
#1637=VECTOR('',#11146,1.);
#1638=VECTOR('',#11151,1.);
#1639=VECTOR('',#11154,1.);
#1640=VECTOR('',#11157,1.);
#1641=VECTOR('',#11160,1.);
#1642=VECTOR('',#11163,1.);
#1643=VECTOR('',#11166,1.);
#1644=VECTOR('',#11169,1.);
#1645=VECTOR('',#11172,1.);
#1646=VECTOR('',#11173,1.);
#1647=VECTOR('',#11176,1.);
#1648=VECTOR('',#11177,1.);
#1649=VECTOR('',#11178,1.);
#1650=VECTOR('',#11181,1.);
#1651=VECTOR('',#11188,1.);
#1652=VECTOR('',#11191,1.);
#1653=VECTOR('',#11194,1.);
#1654=VECTOR('',#11195,1.);
#1655=VECTOR('',#11198,1.);
#1656=VECTOR('',#11201,1.);
#1657=VECTOR('',#11204,1.);
#1658=VECTOR('',#11211,1.);
#1659=VECTOR('',#11212,1.);
#1660=VECTOR('',#11213,1.);
#1661=VECTOR('',#11214,1.);
#1662=VECTOR('',#11217,1.);
#1663=VECTOR('',#11218,1.);
#1664=VECTOR('',#11219,1.);
#1665=VECTOR('',#11222,1.);
#1666=VECTOR('',#11225,1.);
#1667=VECTOR('',#11228,1.);
#1668=VECTOR('',#11229,1.);
#1669=VECTOR('',#11230,1.);
#1670=VECTOR('',#11233,1.);
#1671=VECTOR('',#11236,1.);
#1672=VECTOR('',#11237,1.);
#1673=VECTOR('',#11238,1.);
#1674=VECTOR('',#11239,1.);
#1675=VECTOR('',#11240,1.);
#1676=VECTOR('',#11241,1.);
#1677=VECTOR('',#11244,1.);
#1678=VECTOR('',#11247,1.);
#1679=VECTOR('',#11250,1.);
#1680=VECTOR('',#11253,1.);
#1681=VECTOR('',#11256,1.);
#1682=VECTOR('',#11259,1.);
#1683=VECTOR('',#11260,1.);
#1684=VECTOR('',#11261,1.);
#1685=VECTOR('',#11264,1.);
#1686=VECTOR('',#11267,1.);
#1687=VECTOR('',#11270,1.);
#1688=VECTOR('',#11271,1.);
#1689=VECTOR('',#11274,1.);
#1690=VECTOR('',#11277,1.);
#1691=VECTOR('',#11280,1.);
#1692=VECTOR('',#11283,1.);
#1693=VECTOR('',#11286,1.);
#1694=VECTOR('',#11287,1.);
#1695=VECTOR('',#11290,1.);
#1696=VECTOR('',#11293,1.);
#1697=VECTOR('',#11298,1.);
#1698=VECTOR('',#11301,1.);
#1699=VECTOR('',#11302,1.);
#1700=VECTOR('',#11305,1.);
#1701=VECTOR('',#11310,1.);
#1702=VECTOR('',#11311,1.);
#1703=VECTOR('',#11314,1.);
#1704=VECTOR('',#11315,1.);
#1705=VECTOR('',#11316,1.);
#1706=VECTOR('',#11319,1.);
#1707=VECTOR('',#11322,1.);
#1708=VECTOR('',#11325,1.);
#1709=VECTOR('',#11328,1.);
#1710=VECTOR('',#11331,1.);
#1711=VECTOR('',#11334,1.);
#1712=VECTOR('',#11335,1.);
#1713=VECTOR('',#11338,1.);
#1714=VECTOR('',#11341,1.);
#1715=VECTOR('',#11346,1.);
#1716=VECTOR('',#11349,1.);
#1717=VECTOR('',#11350,1.);
#1718=VECTOR('',#11353,1.);
#1719=VECTOR('',#11358,1.);
#1720=VECTOR('',#11359,1.);
#1721=VECTOR('',#11360,1.);
#1722=VECTOR('',#11363,1.);
#1723=VECTOR('',#11366,1.);
#1724=VECTOR('',#11369,1.);
#1725=VECTOR('',#11372,1.);
#1726=VECTOR('',#11375,1.);
#1727=VECTOR('',#11378,1.);
#1728=VECTOR('',#11381,1.);
#1729=VECTOR('',#11384,1.);
#1730=VECTOR('',#11391,1.);
#1731=VECTOR('',#11394,1.);
#1732=VECTOR('',#11397,1.);
#1733=VECTOR('',#11398,1.);
#1734=VECTOR('',#11399,1.);
#1735=VECTOR('',#11400,1.);
#1736=VECTOR('',#11401,1.);
#1737=VECTOR('',#11402,1.);
#1738=VECTOR('',#11403,1.);
#1739=VECTOR('',#11404,1.);
#1740=VECTOR('',#11405,1.);
#1741=VECTOR('',#11406,1.);
#1742=VECTOR('',#11407,1.);
#1743=VECTOR('',#11408,1.);
#1744=VECTOR('',#11411,1.);
#1745=VECTOR('',#11412,1.);
#1746=VECTOR('',#11415,1.);
#1747=VECTOR('',#11416,1.);
#1748=VECTOR('',#11417,1.);
#1749=VECTOR('',#11418,1.);
#1750=VECTOR('',#11419,1.);
#1751=VECTOR('',#11422,1.);
#1752=VECTOR('',#11423,1.);
#1753=VECTOR('',#11426,1.);
#1754=VECTOR('',#11429,1.);
#1755=VECTOR('',#11432,1.);
#1756=VECTOR('',#11433,1.);
#1757=VECTOR('',#11436,1.);
#1758=VECTOR('',#11439,1.);
#1759=VECTOR('',#11442,1.);
#1760=VECTOR('',#11449,1.);
#1761=VECTOR('',#11450,1.);
#1762=VECTOR('',#11451,1.);
#1763=VECTOR('',#11452,1.);
#1764=VECTOR('',#11455,1.);
#1765=VECTOR('',#11456,1.);
#1766=VECTOR('',#11457,1.);
#1767=VECTOR('',#11460,1.);
#1768=VECTOR('',#11463,1.);
#1769=VECTOR('',#11464,1.);
#1770=VECTOR('',#11465,1.);
#1771=VECTOR('',#11466,1.);
#1772=VECTOR('',#11469,1.);
#1773=VECTOR('',#11472,1.);
#1774=VECTOR('',#11475,1.);
#1775=VECTOR('',#11476,1.);
#1776=VECTOR('',#11477,1.);
#1777=VECTOR('',#11480,1.);
#1778=VECTOR('',#11483,1.);
#1779=VECTOR('',#11488,1.);
#1780=VECTOR('',#11489,1.);
#1781=VECTOR('',#11492,1.);
#1782=VECTOR('',#11495,1.);
#1783=VECTOR('',#11498,1.);
#1784=VECTOR('',#11499,1.);
#1785=VECTOR('',#11502,1.);
#1786=VECTOR('',#11503,1.);
#1787=VECTOR('',#11506,1.);
#1788=VECTOR('',#11509,1.);
#1789=VECTOR('',#11512,1.);
#1790=VECTOR('',#11513,1.);
#1791=VECTOR('',#11516,1.);
#1792=VECTOR('',#11519,1.);
#1793=VECTOR('',#11522,1.);
#1794=VECTOR('',#11525,1.);
#1795=VECTOR('',#11528,1.);
#1796=VECTOR('',#11531,1.);
#1797=VECTOR('',#11534,1.);
#1798=VECTOR('',#11535,1.);
#1799=VECTOR('',#11536,1.);
#1800=VECTOR('',#11539,1.);
#1801=VECTOR('',#11542,1.);
#1802=VECTOR('',#11543,1.);
#1803=VECTOR('',#11550,1.);
#1804=VECTOR('',#11553,1.);
#1805=VECTOR('',#11556,1.);
#1806=VECTOR('',#11559,1.);
#1807=VECTOR('',#11562,1.);
#1808=VECTOR('',#11567,1.);
#1809=VECTOR('',#11570,1.);
#1810=VECTOR('',#11573,1.);
#1811=VECTOR('',#11576,1.);
#1812=VECTOR('',#11581,1.);
#1813=VECTOR('',#11582,1.);
#1814=VECTOR('',#11583,1.);
#1815=VECTOR('',#11584,1.);
#1816=VECTOR('',#11587,1.);
#1817=VECTOR('',#11588,1.);
#1818=VECTOR('',#11589,1.);
#1819=VECTOR('',#11590,1.);
#1820=VECTOR('',#11591,1.);
#1821=VECTOR('',#11594,1.);
#1822=VECTOR('',#11597,1.);
#1823=VECTOR('',#11600,1.);
#1824=VECTOR('',#11601,1.);
#1825=VECTOR('',#11604,1.);
#1826=VECTOR('',#11605,1.);
#1827=VECTOR('',#11606,1.);
#1828=VECTOR('',#11607,1.);
#1829=VECTOR('',#11608,1.);
#1830=VECTOR('',#11611,1.);
#1831=VECTOR('',#11614,1.);
#1832=VECTOR('',#11615,1.);
#1833=VECTOR('',#11618,1.);
#1834=VECTOR('',#11619,1.);
#1835=VECTOR('',#11620,1.);
#1836=VECTOR('',#11621,1.);
#1837=VECTOR('',#11622,1.);
#1838=VECTOR('',#11623,1.);
#1839=VECTOR('',#11626,1.);
#1840=VECTOR('',#11629,1.);
#1841=VECTOR('',#11632,1.);
#1842=VECTOR('',#11637,1.);
#1843=VECTOR('',#11638,1.);
#1844=VECTOR('',#11639,1.);
#1845=VECTOR('',#11642,1.);
#1846=VECTOR('',#11645,1.);
#1847=VECTOR('',#11648,1.);
#1848=VECTOR('',#11651,1.);
#1849=VECTOR('',#11654,1.);
#1850=VECTOR('',#11655,1.);
#1851=VECTOR('',#11656,1.);
#1852=VECTOR('',#11659,1.);
#1853=VECTOR('',#11660,1.);
#1854=VECTOR('',#11663,1.);
#1855=VECTOR('',#11666,1.);
#1856=VECTOR('',#11669,1.);
#1857=VECTOR('',#11672,1.);
#1858=VECTOR('',#11675,1.);
#1859=VECTOR('',#11676,1.);
#1860=VECTOR('',#11679,1.);
#1861=VECTOR('',#11682,1.);
#1862=VECTOR('',#11685,1.);
#1863=VECTOR('',#11692,1.);
#1864=VECTOR('',#11693,1.);
#1865=VECTOR('',#11694,1.);
#1866=VECTOR('',#11695,1.);
#1867=VECTOR('',#11696,1.);
#1868=VECTOR('',#11697,1.);
#1869=VECTOR('',#11698,1.);
#1870=VECTOR('',#11699,1.);
#1871=VECTOR('',#11700,1.);
#1872=VECTOR('',#11701,1.);
#1873=VECTOR('',#11704,1.);
#1874=VECTOR('',#11707,1.);
#1875=VECTOR('',#11708,1.);
#1876=VECTOR('',#11709,1.);
#1877=VECTOR('',#11710,1.);
#1878=VECTOR('',#11711,1.);
#1879=VECTOR('',#11712,1.);
#1880=VECTOR('',#11713,1.);
#1881=VECTOR('',#11714,1.);
#1882=VECTOR('',#11715,1.);
#1883=VECTOR('',#11716,1.);
#1884=VECTOR('',#11719,1.);
#1885=VECTOR('',#11722,1.);
#1886=VECTOR('',#11723,1.);
#1887=VECTOR('',#11724,1.);
#1888=VECTOR('',#11725,1.);
#1889=VECTOR('',#11728,1.);
#1890=VECTOR('',#11731,1.);
#1891=VECTOR('',#11734,1.);
#1892=VECTOR('',#11735,1.);
#1893=VECTOR('',#11736,1.);
#1894=VECTOR('',#11737,1.);
#1895=VECTOR('',#11738,1.);
#1896=VECTOR('',#11739,1.);
#1897=VECTOR('',#11740,1.);
#1898=VECTOR('',#11741,1.);
#1899=VECTOR('',#11742,1.);
#1900=VECTOR('',#11743,1.);
#1901=VECTOR('',#11744,1.);
#1902=VECTOR('',#11745,1.);
#1903=VECTOR('',#11748,1.);
#1904=VECTOR('',#11749,1.);
#1905=VECTOR('',#11752,1.);
#1906=VECTOR('',#11753,1.);
#1907=VECTOR('',#11754,1.);
#1908=VECTOR('',#11755,1.);
#1909=VECTOR('',#11756,1.);
#1910=VECTOR('',#11759,1.);
#1911=VECTOR('',#11760,1.);
#1912=VECTOR('',#11763,1.);
#1913=VECTOR('',#11766,1.);
#1914=VECTOR('',#11769,1.);
#1915=VECTOR('',#11770,1.);
#1916=VECTOR('',#11773,1.);
#1917=VECTOR('',#11776,1.);
#1918=VECTOR('',#11779,1.);
#1919=VECTOR('',#11786,1.);
#1920=VECTOR('',#11787,1.);
#1921=VECTOR('',#11788,1.);
#1922=VECTOR('',#11789,1.);
#1923=VECTOR('',#11792,1.);
#1924=VECTOR('',#11793,1.);
#1925=VECTOR('',#11796,1.);
#1926=VECTOR('',#11797,1.);
#1927=VECTOR('',#11798,1.);
#1928=VECTOR('',#11799,1.);
#1929=VECTOR('',#11802,1.);
#1930=VECTOR('',#11805,1.);
#1931=VECTOR('',#11808,1.);
#1932=VECTOR('',#11809,1.);
#1933=VECTOR('',#11810,1.);
#1934=VECTOR('',#11813,1.);
#1935=VECTOR('',#11814,1.);
#1936=VECTOR('',#11817,1.);
#1937=VECTOR('',#11818,1.);
#1938=VECTOR('',#11819,1.);
#1939=VECTOR('',#11820,1.);
#1940=VECTOR('',#11821,1.);
#1941=VECTOR('',#11824,1.);
#1942=VECTOR('',#11825,1.);
#1943=VECTOR('',#11828,1.);
#1944=VECTOR('',#11831,1.);
#1945=VECTOR('',#11832,1.);
#1946=VECTOR('',#11833,1.);
#1947=VECTOR('',#11834,1.);
#1948=VECTOR('',#11835,1.);
#1949=VECTOR('',#11836,1.);
#1950=VECTOR('',#11839,1.);
#1951=VECTOR('',#11842,1.);
#1952=VECTOR('',#11843,1.);
#1953=VECTOR('',#11846,1.);
#1954=VECTOR('',#11851,1.);
#1955=VECTOR('',#11852,1.);
#1956=VECTOR('',#11855,1.);
#1957=VECTOR('',#11858,1.);
#1958=VECTOR('',#11861,1.);
#1959=VECTOR('',#11864,1.);
#1960=VECTOR('',#11867,1.);
#1961=VECTOR('',#11872,1.);
#1962=VECTOR('',#11875,1.);
#1963=VECTOR('',#11878,1.);
#1964=VECTOR('',#11879,1.);
#1965=VECTOR('',#11882,1.);
#1966=VECTOR('',#11885,1.);
#1967=VECTOR('',#11888,1.);
#1968=VECTOR('',#11889,1.);
#1969=VECTOR('',#11890,1.);
#1970=VECTOR('',#11891,1.);
#1971=VECTOR('',#11892,1.);
#1972=VECTOR('',#11893,1.);
#1973=VECTOR('',#11894,1.);
#1974=VECTOR('',#11895,1.);
#1975=VECTOR('',#11896,1.);
#1976=VECTOR('',#11897,1.);
#1977=VECTOR('',#11898,1.);
#1978=VECTOR('',#11899,1.);
#1979=VECTOR('',#11902,1.);
#1980=VECTOR('',#11903,1.);
#1981=VECTOR('',#11906,1.);
#1982=VECTOR('',#11907,1.);
#1983=VECTOR('',#11908,1.);
#1984=VECTOR('',#11909,1.);
#1985=VECTOR('',#11910,1.);
#1986=VECTOR('',#11913,1.);
#1987=VECTOR('',#11914,1.);
#1988=VECTOR('',#11917,1.);
#1989=VECTOR('',#11920,1.);
#1990=VECTOR('',#11923,1.);
#1991=VECTOR('',#11924,1.);
#1992=VECTOR('',#11927,1.);
#1993=VECTOR('',#11930,1.);
#1994=VECTOR('',#11933,1.);
#1995=VECTOR('',#11940,1.);
#1996=VECTOR('',#11943,1.);
#1997=VECTOR('',#11946,1.);
#1998=VECTOR('',#11947,1.);
#1999=VECTOR('',#11950,1.);
#2000=VECTOR('',#11951,1.);
#2001=VECTOR('',#11954,1.);
#2002=VECTOR('',#11957,1.);
#2003=VECTOR('',#11958,1.);
#2004=VECTOR('',#11959,1.);
#2005=VECTOR('',#11960,1.);
#2006=VECTOR('',#11961,1.);
#2007=VECTOR('',#11962,1.);
#2008=VECTOR('',#11963,1.);
#2009=VECTOR('',#11964,1.);
#2010=VECTOR('',#11965,1.);
#2011=VECTOR('',#11966,1.);
#2012=VECTOR('',#11967,1.);
#2013=VECTOR('',#11970,1.);
#2014=VECTOR('',#11971,1.);
#2015=VECTOR('',#11974,1.);
#2016=VECTOR('',#11975,1.);
#2017=VECTOR('',#11976,1.);
#2018=VECTOR('',#11977,1.);
#2019=VECTOR('',#11978,1.);
#2020=VECTOR('',#11981,1.);
#2021=VECTOR('',#11982,1.);
#2022=VECTOR('',#11985,1.);
#2023=VECTOR('',#11988,1.);
#2024=VECTOR('',#11991,1.);
#2025=VECTOR('',#11992,1.);
#2026=VECTOR('',#11995,1.);
#2027=VECTOR('',#11998,1.);
#2028=VECTOR('',#12001,1.);
#2029=VECTOR('',#12008,1.);
#2030=VECTOR('',#12009,1.);
#2031=VECTOR('',#12012,1.);
#2032=VECTOR('',#12013,1.);
#2033=VECTOR('',#12014,1.);
#2034=VECTOR('',#12015,1.);
#2035=VECTOR('',#12016,1.);
#2036=VECTOR('',#12017,1.);
#2037=VECTOR('',#12018,1.);
#2038=VECTOR('',#12019,1.);
#2039=VECTOR('',#12022,1.);
#2040=VECTOR('',#12023,1.);
#2041=VECTOR('',#12026,1.);
#2042=VECTOR('',#12027,1.);
#2043=VECTOR('',#12028,1.);
#2044=VECTOR('',#12029,1.);
#2045=VECTOR('',#12030,1.);
#2046=VECTOR('',#12033,1.);
#2047=VECTOR('',#12034,1.);
#2048=VECTOR('',#12037,1.);
#2049=VECTOR('',#12104,1.);
#2050=VECTOR('',#12105,1.);
#2051=VECTOR('',#12106,1.);
#2052=VECTOR('',#12107,1.);
#2053=VECTOR('',#12108,1.);
#2054=VECTOR('',#12109,1.);
#2055=VECTOR('',#12110,1.);
#2056=VECTOR('',#12111,1.);
#2057=VECTOR('',#12172,1.);
#2058=VECTOR('',#12175,1.);
#2059=VECTOR('',#12178,1.);
#2060=VECTOR('',#12211,1.);
#2061=VECTOR('',#12212,1.);
#2062=VECTOR('',#12213,1.);
#2063=VECTOR('',#12214,1.);
#2064=VECTOR('',#12215,1.);
#2065=VECTOR('',#12216,1.);
#2066=VECTOR('',#12217,1.);
#2067=VECTOR('',#12218,1.);
#2068=VECTOR('',#12219,1.);
#2069=VECTOR('',#12220,1.);
#2070=VECTOR('',#12221,1.);
#2071=VECTOR('',#12222,1.);
#2072=VECTOR('',#12227,1.);
#2073=VECTOR('',#12230,1.);
#2074=VECTOR('',#12233,1.);
#2075=VECTOR('',#12236,1.);
#2076=VECTOR('',#12239,1.);
#2077=VECTOR('',#12242,1.);
#2078=VECTOR('',#12245,1.);
#2079=VECTOR('',#12250,1.);
#2080=VECTOR('',#12251,1.);
#2081=VECTOR('',#12252,1.);
#2082=VECTOR('',#12255,1.);
#2083=VECTOR('',#12256,1.);
#2084=VECTOR('',#12257,1.);
#2085=VECTOR('',#12260,1.);
#2086=VECTOR('',#12261,1.);
#2087=VECTOR('',#12262,1.);
#2088=VECTOR('',#12265,1.);
#2089=VECTOR('',#12266,1.);
#2090=VECTOR('',#12267,1.);
#2091=VECTOR('',#12348,1.);
#2092=VECTOR('',#12349,1.);
#2093=VECTOR('',#12352,1.);
#2094=VECTOR('',#12353,1.);
#2095=VECTOR('',#12356,1.);
#2096=VECTOR('',#12357,1.);
#2097=VECTOR('',#12474,1.);
#2098=VECTOR('',#12475,1.);
#2099=VECTOR('',#12476,1.);
#2100=VECTOR('',#12479,1.);
#2101=VECTOR('',#12480,1.);
#2102=VECTOR('',#12483,1.);
#2103=VECTOR('',#12484,1.);
#2104=VECTOR('',#12487,1.);
#2105=VECTOR('',#12488,1.);
#2106=VECTOR('',#12491,1.);
#2107=VECTOR('',#12492,1.);
#2108=VECTOR('',#12495,1.);
#2109=VECTOR('',#12496,1.);
#2110=VECTOR('',#12499,1.);
#2111=VECTOR('',#12500,1.);
#2112=VECTOR('',#12503,1.);
#2113=VECTOR('',#12504,1.);
#2114=VECTOR('',#12507,1.);
#2115=VECTOR('',#12508,1.);
#2116=VECTOR('',#12511,1.);
#2117=VECTOR('',#12512,1.);
#2118=VECTOR('',#12515,1.);
#2119=VECTOR('',#12516,1.);
#2120=VECTOR('',#12519,1.);
#2121=ORIENTED_EDGE('',*,*,#4779,.F.);
#2122=ORIENTED_EDGE('',*,*,#4780,.T.);
#2123=ORIENTED_EDGE('',*,*,#4781,.T.);
#2124=ORIENTED_EDGE('',*,*,#4782,.T.);
#2125=ORIENTED_EDGE('',*,*,#4783,.T.);
#2126=ORIENTED_EDGE('',*,*,#4784,.T.);
#2127=ORIENTED_EDGE('',*,*,#4785,.T.);
#2128=ORIENTED_EDGE('',*,*,#4786,.T.);
#2129=ORIENTED_EDGE('',*,*,#4787,.T.);
#2130=ORIENTED_EDGE('',*,*,#4788,.F.);
#2131=ORIENTED_EDGE('',*,*,#4789,.T.);
#2132=ORIENTED_EDGE('',*,*,#4790,.F.);
#2133=ORIENTED_EDGE('',*,*,#4791,.T.);
#2134=ORIENTED_EDGE('',*,*,#4792,.T.);
#2135=ORIENTED_EDGE('',*,*,#4793,.T.);
#2136=ORIENTED_EDGE('',*,*,#4794,.T.);
#2137=ORIENTED_EDGE('',*,*,#4795,.T.);
#2138=ORIENTED_EDGE('',*,*,#4796,.T.);
#2139=ORIENTED_EDGE('',*,*,#4797,.T.);
#2140=ORIENTED_EDGE('',*,*,#4798,.T.);
#2141=ORIENTED_EDGE('',*,*,#4799,.T.);
#2142=ORIENTED_EDGE('',*,*,#4800,.T.);
#2143=ORIENTED_EDGE('',*,*,#4801,.T.);
#2144=ORIENTED_EDGE('',*,*,#4802,.F.);
#2145=ORIENTED_EDGE('',*,*,#4803,.T.);
#2146=ORIENTED_EDGE('',*,*,#4804,.T.);
#2147=ORIENTED_EDGE('',*,*,#4805,.T.);
#2148=ORIENTED_EDGE('',*,*,#4806,.T.);
#2149=ORIENTED_EDGE('',*,*,#4807,.T.);
#2150=ORIENTED_EDGE('',*,*,#4808,.T.);
#2151=ORIENTED_EDGE('',*,*,#4809,.T.);
#2152=ORIENTED_EDGE('',*,*,#4810,.F.);
#2153=ORIENTED_EDGE('',*,*,#4811,.T.);
#2154=ORIENTED_EDGE('',*,*,#4812,.F.);
#2155=ORIENTED_EDGE('',*,*,#4813,.T.);
#2156=ORIENTED_EDGE('',*,*,#4814,.T.);
#2157=ORIENTED_EDGE('',*,*,#4815,.T.);
#2158=ORIENTED_EDGE('',*,*,#4816,.T.);
#2159=ORIENTED_EDGE('',*,*,#4817,.T.);
#2160=ORIENTED_EDGE('',*,*,#4818,.T.);
#2161=ORIENTED_EDGE('',*,*,#4819,.T.);
#2162=ORIENTED_EDGE('',*,*,#4820,.T.);
#2163=ORIENTED_EDGE('',*,*,#4821,.T.);
#2164=ORIENTED_EDGE('',*,*,#4822,.T.);
#2165=ORIENTED_EDGE('',*,*,#4823,.F.);
#2166=ORIENTED_EDGE('',*,*,#4824,.T.);
#2167=ORIENTED_EDGE('',*,*,#4825,.F.);
#2168=ORIENTED_EDGE('',*,*,#4826,.T.);
#2169=ORIENTED_EDGE('',*,*,#4827,.T.);
#2170=ORIENTED_EDGE('',*,*,#4828,.T.);
#2171=ORIENTED_EDGE('',*,*,#4829,.T.);
#2172=ORIENTED_EDGE('',*,*,#4830,.T.);
#2173=ORIENTED_EDGE('',*,*,#4831,.T.);
#2174=ORIENTED_EDGE('',*,*,#4832,.T.);
#2175=ORIENTED_EDGE('',*,*,#4833,.F.);
#2176=ORIENTED_EDGE('',*,*,#4834,.T.);
#2177=ORIENTED_EDGE('',*,*,#4835,.F.);
#2178=ORIENTED_EDGE('',*,*,#4836,.T.);
#2179=ORIENTED_EDGE('',*,*,#4837,.F.);
#2180=ORIENTED_EDGE('',*,*,#4838,.T.);
#2181=ORIENTED_EDGE('',*,*,#4839,.F.);
#2182=ORIENTED_EDGE('',*,*,#4840,.T.);
#2183=ORIENTED_EDGE('',*,*,#4841,.F.);
#2184=ORIENTED_EDGE('',*,*,#4842,.T.);
#2185=ORIENTED_EDGE('',*,*,#4843,.F.);
#2186=ORIENTED_EDGE('',*,*,#4844,.T.);
#2187=ORIENTED_EDGE('',*,*,#4845,.T.);
#2188=ORIENTED_EDGE('',*,*,#4846,.T.);
#2189=ORIENTED_EDGE('',*,*,#4847,.T.);
#2190=ORIENTED_EDGE('',*,*,#4848,.T.);
#2191=ORIENTED_EDGE('',*,*,#4849,.T.);
#2192=ORIENTED_EDGE('',*,*,#4850,.T.);
#2193=ORIENTED_EDGE('',*,*,#4851,.T.);
#2194=ORIENTED_EDGE('',*,*,#4852,.T.);
#2195=ORIENTED_EDGE('',*,*,#4853,.T.);
#2196=ORIENTED_EDGE('',*,*,#4854,.T.);
#2197=ORIENTED_EDGE('',*,*,#4855,.T.);
#2198=ORIENTED_EDGE('',*,*,#4856,.T.);
#2199=ORIENTED_EDGE('',*,*,#4857,.T.);
#2200=ORIENTED_EDGE('',*,*,#4858,.F.);
#2201=ORIENTED_EDGE('',*,*,#4859,.T.);
#2202=ORIENTED_EDGE('',*,*,#4860,.T.);
#2203=ORIENTED_EDGE('',*,*,#4861,.T.);
#2204=ORIENTED_EDGE('',*,*,#4862,.T.);
#2205=ORIENTED_EDGE('',*,*,#4863,.T.);
#2206=ORIENTED_EDGE('',*,*,#4864,.T.);
#2207=ORIENTED_EDGE('',*,*,#4865,.T.);
#2208=ORIENTED_EDGE('',*,*,#4866,.T.);
#2209=ORIENTED_EDGE('',*,*,#4867,.T.);
#2210=ORIENTED_EDGE('',*,*,#4868,.T.);
#2211=ORIENTED_EDGE('',*,*,#4869,.F.);
#2212=ORIENTED_EDGE('',*,*,#4870,.T.);
#2213=ORIENTED_EDGE('',*,*,#4871,.F.);
#2214=ORIENTED_EDGE('',*,*,#4872,.T.);
#2215=ORIENTED_EDGE('',*,*,#4873,.T.);
#2216=ORIENTED_EDGE('',*,*,#4874,.T.);
#2217=ORIENTED_EDGE('',*,*,#4875,.T.);
#2218=ORIENTED_EDGE('',*,*,#4876,.T.);
#2219=ORIENTED_EDGE('',*,*,#4877,.T.);
#2220=ORIENTED_EDGE('',*,*,#4878,.T.);
#2221=ORIENTED_EDGE('',*,*,#4879,.F.);
#2222=ORIENTED_EDGE('',*,*,#4880,.T.);
#2223=ORIENTED_EDGE('',*,*,#4881,.F.);
#2224=ORIENTED_EDGE('',*,*,#4882,.T.);
#2225=ORIENTED_EDGE('',*,*,#4883,.T.);
#2226=ORIENTED_EDGE('',*,*,#4884,.T.);
#2227=ORIENTED_EDGE('',*,*,#4885,.F.);
#2228=ORIENTED_EDGE('',*,*,#4886,.T.);
#2229=ORIENTED_EDGE('',*,*,#4887,.F.);
#2230=ORIENTED_EDGE('',*,*,#4888,.T.);
#2231=ORIENTED_EDGE('',*,*,#4889,.F.);
#2232=ORIENTED_EDGE('',*,*,#4890,.T.);
#2233=ORIENTED_EDGE('',*,*,#4891,.F.);
#2234=ORIENTED_EDGE('',*,*,#4892,.T.);
#2235=ORIENTED_EDGE('',*,*,#4893,.T.);
#2236=ORIENTED_EDGE('',*,*,#4894,.F.);
#2237=ORIENTED_EDGE('',*,*,#4895,.T.);
#2238=ORIENTED_EDGE('',*,*,#4896,.F.);
#2239=ORIENTED_EDGE('',*,*,#4897,.F.);
#2240=ORIENTED_EDGE('',*,*,#4898,.T.);
#2241=ORIENTED_EDGE('',*,*,#4899,.F.);
#2242=ORIENTED_EDGE('',*,*,#4900,.T.);
#2243=ORIENTED_EDGE('',*,*,#4901,.F.);
#2244=ORIENTED_EDGE('',*,*,#4902,.T.);
#2245=ORIENTED_EDGE('',*,*,#4903,.T.);
#2246=ORIENTED_EDGE('',*,*,#4904,.T.);
#2247=ORIENTED_EDGE('',*,*,#4905,.F.);
#2248=ORIENTED_EDGE('',*,*,#4906,.T.);
#2249=ORIENTED_EDGE('',*,*,#4907,.F.);
#2250=ORIENTED_EDGE('',*,*,#4908,.T.);
#2251=ORIENTED_EDGE('',*,*,#4909,.T.);
#2252=ORIENTED_EDGE('',*,*,#4910,.T.);
#2253=ORIENTED_EDGE('',*,*,#4911,.F.);
#2254=ORIENTED_EDGE('',*,*,#4912,.T.);
#2255=ORIENTED_EDGE('',*,*,#4913,.F.);
#2256=ORIENTED_EDGE('',*,*,#4914,.T.);
#2257=ORIENTED_EDGE('',*,*,#4915,.F.);
#2258=ORIENTED_EDGE('',*,*,#4916,.T.);
#2259=ORIENTED_EDGE('',*,*,#4917,.F.);
#2260=ORIENTED_EDGE('',*,*,#4918,.T.);
#2261=ORIENTED_EDGE('',*,*,#4919,.F.);
#2262=ORIENTED_EDGE('',*,*,#4920,.T.);
#2263=ORIENTED_EDGE('',*,*,#4921,.F.);
#2264=ORIENTED_EDGE('',*,*,#4922,.T.);
#2265=ORIENTED_EDGE('',*,*,#4923,.F.);
#2266=ORIENTED_EDGE('',*,*,#4924,.T.);
#2267=ORIENTED_EDGE('',*,*,#4925,.T.);
#2268=ORIENTED_EDGE('',*,*,#4926,.T.);
#2269=ORIENTED_EDGE('',*,*,#4927,.F.);
#2270=ORIENTED_EDGE('',*,*,#4928,.T.);
#2271=ORIENTED_EDGE('',*,*,#4929,.F.);
#2272=ORIENTED_EDGE('',*,*,#4930,.T.);
#2273=ORIENTED_EDGE('',*,*,#4931,.F.);
#2274=ORIENTED_EDGE('',*,*,#4932,.F.);
#2275=ORIENTED_EDGE('',*,*,#4933,.F.);
#2276=ORIENTED_EDGE('',*,*,#4934,.F.);
#2277=ORIENTED_EDGE('',*,*,#4935,.T.);
#2278=ORIENTED_EDGE('',*,*,#4936,.F.);
#2279=ORIENTED_EDGE('',*,*,#4937,.T.);
#2280=ORIENTED_EDGE('',*,*,#4938,.F.);
#2281=ORIENTED_EDGE('',*,*,#4939,.T.);
#2282=ORIENTED_EDGE('',*,*,#4940,.F.);
#2283=ORIENTED_EDGE('',*,*,#4941,.T.);
#2284=ORIENTED_EDGE('',*,*,#4942,.F.);
#2285=ORIENTED_EDGE('',*,*,#4943,.T.);
#2286=ORIENTED_EDGE('',*,*,#4944,.T.);
#2287=ORIENTED_EDGE('',*,*,#4945,.T.);
#2288=ORIENTED_EDGE('',*,*,#4946,.T.);
#2289=ORIENTED_EDGE('',*,*,#4947,.T.);
#2290=ORIENTED_EDGE('',*,*,#4948,.T.);
#2291=ORIENTED_EDGE('',*,*,#4949,.T.);
#2292=ORIENTED_EDGE('',*,*,#4950,.T.);
#2293=ORIENTED_EDGE('',*,*,#4951,.T.);
#2294=ORIENTED_EDGE('',*,*,#4952,.F.);
#2295=ORIENTED_EDGE('',*,*,#4953,.F.);
#2296=ORIENTED_EDGE('',*,*,#4954,.F.);
#2297=ORIENTED_EDGE('',*,*,#4955,.F.);
#2298=ORIENTED_EDGE('',*,*,#4956,.F.);
#2299=ORIENTED_EDGE('',*,*,#4957,.F.);
#2300=ORIENTED_EDGE('',*,*,#4958,.F.);
#2301=ORIENTED_EDGE('',*,*,#4955,.T.);
#2302=ORIENTED_EDGE('',*,*,#4959,.F.);
#2303=ORIENTED_EDGE('',*,*,#4960,.F.);
#2304=ORIENTED_EDGE('',*,*,#4961,.F.);
#2305=ORIENTED_EDGE('',*,*,#4962,.F.);
#2306=ORIENTED_EDGE('',*,*,#4963,.T.);
#2307=ORIENTED_EDGE('',*,*,#4953,.T.);
#2308=ORIENTED_EDGE('',*,*,#4964,.F.);
#2309=ORIENTED_EDGE('',*,*,#4957,.T.);
#2310=ORIENTED_EDGE('',*,*,#4965,.F.);
#2311=ORIENTED_EDGE('',*,*,#4966,.F.);
#2312=ORIENTED_EDGE('',*,*,#4967,.T.);
#2313=ORIENTED_EDGE('',*,*,#4968,.T.);
#2314=ORIENTED_EDGE('',*,*,#4969,.T.);
#2315=ORIENTED_EDGE('',*,*,#4970,.T.);
#2316=ORIENTED_EDGE('',*,*,#4971,.T.);
#2317=ORIENTED_EDGE('',*,*,#4972,.T.);
#2318=ORIENTED_EDGE('',*,*,#4973,.T.);
#2319=ORIENTED_EDGE('',*,*,#4974,.T.);
#2320=ORIENTED_EDGE('',*,*,#4975,.F.);
#2321=ORIENTED_EDGE('',*,*,#4976,.T.);
#2322=ORIENTED_EDGE('',*,*,#4977,.F.);
#2323=ORIENTED_EDGE('',*,*,#4978,.T.);
#2324=ORIENTED_EDGE('',*,*,#4979,.F.);
#2325=ORIENTED_EDGE('',*,*,#4980,.T.);
#2326=ORIENTED_EDGE('',*,*,#4981,.F.);
#2327=ORIENTED_EDGE('',*,*,#4982,.T.);
#2328=ORIENTED_EDGE('',*,*,#4983,.F.);
#2329=ORIENTED_EDGE('',*,*,#4984,.T.);
#2330=ORIENTED_EDGE('',*,*,#4985,.F.);
#2331=ORIENTED_EDGE('',*,*,#4986,.T.);
#2332=ORIENTED_EDGE('',*,*,#4987,.F.);
#2333=ORIENTED_EDGE('',*,*,#4988,.T.);
#2334=ORIENTED_EDGE('',*,*,#4989,.F.);
#2335=ORIENTED_EDGE('',*,*,#4990,.T.);
#2336=ORIENTED_EDGE('',*,*,#4991,.F.);
#2337=ORIENTED_EDGE('',*,*,#4977,.T.);
#2338=ORIENTED_EDGE('',*,*,#4992,.F.);
#2339=ORIENTED_EDGE('',*,*,#4838,.F.);
#2340=ORIENTED_EDGE('',*,*,#4993,.F.);
#2341=ORIENTED_EDGE('',*,*,#4975,.T.);
#2342=ORIENTED_EDGE('',*,*,#4994,.F.);
#2343=ORIENTED_EDGE('',*,*,#4840,.F.);
#2344=ORIENTED_EDGE('',*,*,#4976,.F.);
#2345=ORIENTED_EDGE('',*,*,#4993,.T.);
#2346=ORIENTED_EDGE('',*,*,#4839,.T.);
#2347=ORIENTED_EDGE('',*,*,#4992,.T.);
#2348=ORIENTED_EDGE('',*,*,#4995,.F.);
#2349=ORIENTED_EDGE('',*,*,#4981,.T.);
#2350=ORIENTED_EDGE('',*,*,#4996,.F.);
#2351=ORIENTED_EDGE('',*,*,#4842,.F.);
#2352=ORIENTED_EDGE('',*,*,#4982,.F.);
#2353=ORIENTED_EDGE('',*,*,#4995,.T.);
#2354=ORIENTED_EDGE('',*,*,#4841,.T.);
#2355=ORIENTED_EDGE('',*,*,#4994,.T.);
#2356=ORIENTED_EDGE('',*,*,#4997,.F.);
#2357=ORIENTED_EDGE('',*,*,#4979,.T.);
#2358=ORIENTED_EDGE('',*,*,#4998,.F.);
#2359=ORIENTED_EDGE('',*,*,#4844,.F.);
#2360=ORIENTED_EDGE('',*,*,#4980,.F.);
#2361=ORIENTED_EDGE('',*,*,#4997,.T.);
#2362=ORIENTED_EDGE('',*,*,#4843,.T.);
#2363=ORIENTED_EDGE('',*,*,#4996,.T.);
#2364=ORIENTED_EDGE('',*,*,#4978,.F.);
#2365=ORIENTED_EDGE('',*,*,#4991,.T.);
#2366=ORIENTED_EDGE('',*,*,#4837,.T.);
#2367=ORIENTED_EDGE('',*,*,#4998,.T.);
#2368=ORIENTED_EDGE('',*,*,#4999,.T.);
#2369=ORIENTED_EDGE('',*,*,#4942,.T.);
#2370=ORIENTED_EDGE('',*,*,#5000,.T.);
#2371=ORIENTED_EDGE('',*,*,#4990,.F.);
#2372=ORIENTED_EDGE('',*,*,#5001,.T.);
#2373=ORIENTED_EDGE('',*,*,#4940,.T.);
#2374=ORIENTED_EDGE('',*,*,#5002,.T.);
#2375=ORIENTED_EDGE('',*,*,#4984,.F.);
#2376=ORIENTED_EDGE('',*,*,#4983,.T.);
#2377=ORIENTED_EDGE('',*,*,#5000,.F.);
#2378=ORIENTED_EDGE('',*,*,#4941,.F.);
#2379=ORIENTED_EDGE('',*,*,#5001,.F.);
#2380=ORIENTED_EDGE('',*,*,#5003,.T.);
#2381=ORIENTED_EDGE('',*,*,#4938,.T.);
#2382=ORIENTED_EDGE('',*,*,#5004,.T.);
#2383=ORIENTED_EDGE('',*,*,#4986,.F.);
#2384=ORIENTED_EDGE('',*,*,#4985,.T.);
#2385=ORIENTED_EDGE('',*,*,#5002,.F.);
#2386=ORIENTED_EDGE('',*,*,#4939,.F.);
#2387=ORIENTED_EDGE('',*,*,#5003,.F.);
#2388=ORIENTED_EDGE('',*,*,#5005,.T.);
#2389=ORIENTED_EDGE('',*,*,#4936,.T.);
#2390=ORIENTED_EDGE('',*,*,#5006,.T.);
#2391=ORIENTED_EDGE('',*,*,#4988,.F.);
#2392=ORIENTED_EDGE('',*,*,#4987,.T.);
#2393=ORIENTED_EDGE('',*,*,#5004,.F.);
#2394=ORIENTED_EDGE('',*,*,#4937,.F.);
#2395=ORIENTED_EDGE('',*,*,#5005,.F.);
#2396=ORIENTED_EDGE('',*,*,#4989,.T.);
#2397=ORIENTED_EDGE('',*,*,#5006,.F.);
#2398=ORIENTED_EDGE('',*,*,#4935,.F.);
#2399=ORIENTED_EDGE('',*,*,#4999,.F.);
#2400=ORIENTED_EDGE('',*,*,#4943,.F.);
#2401=ORIENTED_EDGE('',*,*,#4845,.F.);
#2402=ORIENTED_EDGE('',*,*,#4944,.F.);
#2403=ORIENTED_EDGE('',*,*,#4846,.F.);
#2404=ORIENTED_EDGE('',*,*,#4945,.F.);
#2405=ORIENTED_EDGE('',*,*,#4847,.F.);
#2406=ORIENTED_EDGE('',*,*,#4946,.F.);
#2407=ORIENTED_EDGE('',*,*,#4848,.F.);
#2408=ORIENTED_EDGE('',*,*,#4947,.F.);
#2409=ORIENTED_EDGE('',*,*,#4849,.F.);
#2410=ORIENTED_EDGE('',*,*,#4948,.F.);
#2411=ORIENTED_EDGE('',*,*,#4850,.F.);
#2412=ORIENTED_EDGE('',*,*,#4949,.F.);
#2413=ORIENTED_EDGE('',*,*,#4851,.F.);
#2414=ORIENTED_EDGE('',*,*,#4950,.F.);
#2415=ORIENTED_EDGE('',*,*,#4852,.F.);
#2416=ORIENTED_EDGE('',*,*,#4951,.F.);
#2417=ORIENTED_EDGE('',*,*,#4853,.F.);
#2418=ORIENTED_EDGE('',*,*,#5007,.T.);
#2419=ORIENTED_EDGE('',*,*,#4854,.F.);
#2420=ORIENTED_EDGE('',*,*,#5008,.F.);
#2421=ORIENTED_EDGE('',*,*,#4972,.F.);
#2422=ORIENTED_EDGE('',*,*,#5009,.T.);
#2423=ORIENTED_EDGE('',*,*,#4855,.F.);
#2424=ORIENTED_EDGE('',*,*,#5007,.F.);
#2425=ORIENTED_EDGE('',*,*,#4971,.F.);
#2426=ORIENTED_EDGE('',*,*,#5010,.T.);
#2427=ORIENTED_EDGE('',*,*,#4856,.F.);
#2428=ORIENTED_EDGE('',*,*,#5009,.F.);
#2429=ORIENTED_EDGE('',*,*,#4974,.F.);
#2430=ORIENTED_EDGE('',*,*,#5008,.T.);
#2431=ORIENTED_EDGE('',*,*,#4857,.F.);
#2432=ORIENTED_EDGE('',*,*,#5010,.F.);
#2433=ORIENTED_EDGE('',*,*,#4973,.F.);
#2434=ORIENTED_EDGE('',*,*,#4954,.T.);
#2435=ORIENTED_EDGE('',*,*,#4963,.F.);
#2436=ORIENTED_EDGE('',*,*,#5011,.F.);
#2437=ORIENTED_EDGE('',*,*,#4959,.T.);
#2438=ORIENTED_EDGE('',*,*,#4967,.F.);
#2439=ORIENTED_EDGE('',*,*,#5012,.F.);
#2440=ORIENTED_EDGE('',*,*,#5013,.T.);
#2441=ORIENTED_EDGE('',*,*,#5014,.T.);
#2442=ORIENTED_EDGE('',*,*,#4970,.F.);
#2443=ORIENTED_EDGE('',*,*,#5015,.F.);
#2444=ORIENTED_EDGE('',*,*,#5016,.T.);
#2445=ORIENTED_EDGE('',*,*,#5012,.T.);
#2446=ORIENTED_EDGE('',*,*,#4969,.F.);
#2447=ORIENTED_EDGE('',*,*,#5017,.F.);
#2448=ORIENTED_EDGE('',*,*,#5018,.T.);
#2449=ORIENTED_EDGE('',*,*,#5015,.T.);
#2450=ORIENTED_EDGE('',*,*,#4968,.F.);
#2451=ORIENTED_EDGE('',*,*,#5014,.F.);
#2452=ORIENTED_EDGE('',*,*,#5019,.T.);
#2453=ORIENTED_EDGE('',*,*,#5017,.T.);
#2454=ORIENTED_EDGE('',*,*,#5013,.F.);
#2455=ORIENTED_EDGE('',*,*,#5016,.F.);
#2456=ORIENTED_EDGE('',*,*,#5018,.F.);
#2457=ORIENTED_EDGE('',*,*,#5019,.F.);
#2458=ORIENTED_EDGE('',*,*,#4962,.T.);
#2459=ORIENTED_EDGE('',*,*,#5020,.T.);
#2460=ORIENTED_EDGE('',*,*,#4966,.T.);
#2461=ORIENTED_EDGE('',*,*,#5021,.T.);
#2462=ORIENTED_EDGE('',*,*,#4960,.T.);
#2463=ORIENTED_EDGE('',*,*,#5011,.T.);
#2464=ORIENTED_EDGE('',*,*,#5022,.F.);
#2465=ORIENTED_EDGE('',*,*,#4956,.T.);
#2466=ORIENTED_EDGE('',*,*,#4958,.T.);
#2467=ORIENTED_EDGE('',*,*,#5021,.F.);
#2468=ORIENTED_EDGE('',*,*,#4965,.T.);
#2469=ORIENTED_EDGE('',*,*,#5022,.T.);
#2470=ORIENTED_EDGE('',*,*,#5023,.F.);
#2471=ORIENTED_EDGE('',*,*,#5020,.F.);
#2472=ORIENTED_EDGE('',*,*,#4961,.T.);
#2473=ORIENTED_EDGE('',*,*,#4952,.T.);
#2474=ORIENTED_EDGE('',*,*,#4964,.T.);
#2475=ORIENTED_EDGE('',*,*,#5023,.T.);
#2476=ORIENTED_EDGE('',*,*,#5024,.F.);
#2477=ORIENTED_EDGE('',*,*,#4934,.T.);
#2478=ORIENTED_EDGE('',*,*,#5024,.T.);
#2479=ORIENTED_EDGE('',*,*,#5025,.F.);
#2480=ORIENTED_EDGE('',*,*,#4933,.T.);
#2481=ORIENTED_EDGE('',*,*,#5025,.T.);
#2482=ORIENTED_EDGE('',*,*,#5026,.F.);
#2483=ORIENTED_EDGE('',*,*,#4932,.T.);
#2484=ORIENTED_EDGE('',*,*,#5026,.T.);
#2485=ORIENTED_EDGE('',*,*,#5027,.F.);
#2486=ORIENTED_EDGE('',*,*,#4931,.T.);
#2487=ORIENTED_EDGE('',*,*,#5027,.T.);
#2488=ORIENTED_EDGE('',*,*,#5028,.T.);
#2489=ORIENTED_EDGE('',*,*,#5029,.T.);
#2490=ORIENTED_EDGE('',*,*,#5030,.F.);
#2491=ORIENTED_EDGE('',*,*,#5031,.F.);
#2492=ORIENTED_EDGE('',*,*,#5032,.T.);
#2493=ORIENTED_EDGE('',*,*,#5033,.T.);
#2494=ORIENTED_EDGE('',*,*,#5034,.T.);
#2495=ORIENTED_EDGE('',*,*,#5035,.T.);
#2496=ORIENTED_EDGE('',*,*,#5036,.F.);
#2497=ORIENTED_EDGE('',*,*,#5037,.T.);
#2498=ORIENTED_EDGE('',*,*,#5038,.F.);
#2499=ORIENTED_EDGE('',*,*,#5039,.T.);
#2500=ORIENTED_EDGE('',*,*,#5040,.T.);
#2501=ORIENTED_EDGE('',*,*,#5041,.T.);
#2502=ORIENTED_EDGE('',*,*,#5042,.T.);
#2503=ORIENTED_EDGE('',*,*,#5043,.T.);
#2504=ORIENTED_EDGE('',*,*,#5044,.T.);
#2505=ORIENTED_EDGE('',*,*,#5045,.T.);
#2506=ORIENTED_EDGE('',*,*,#5046,.T.);
#2507=ORIENTED_EDGE('',*,*,#5047,.T.);
#2508=ORIENTED_EDGE('',*,*,#5048,.T.);
#2509=ORIENTED_EDGE('',*,*,#5049,.T.);
#2510=ORIENTED_EDGE('',*,*,#5050,.T.);
#2511=ORIENTED_EDGE('',*,*,#5051,.F.);
#2512=ORIENTED_EDGE('',*,*,#5052,.T.);
#2513=ORIENTED_EDGE('',*,*,#5053,.T.);
#2514=ORIENTED_EDGE('',*,*,#5054,.T.);
#2515=ORIENTED_EDGE('',*,*,#5031,.T.);
#2516=ORIENTED_EDGE('',*,*,#5055,.F.);
#2517=ORIENTED_EDGE('',*,*,#5056,.F.);
#2518=ORIENTED_EDGE('',*,*,#5057,.F.);
#2519=ORIENTED_EDGE('',*,*,#5058,.F.);
#2520=ORIENTED_EDGE('',*,*,#5059,.F.);
#2521=ORIENTED_EDGE('',*,*,#5060,.F.);
#2522=ORIENTED_EDGE('',*,*,#5061,.F.);
#2523=ORIENTED_EDGE('',*,*,#5062,.F.);
#2524=ORIENTED_EDGE('',*,*,#5063,.F.);
#2525=ORIENTED_EDGE('',*,*,#5064,.F.);
#2526=ORIENTED_EDGE('',*,*,#5065,.F.);
#2527=ORIENTED_EDGE('',*,*,#5066,.F.);
#2528=ORIENTED_EDGE('',*,*,#5067,.F.);
#2529=ORIENTED_EDGE('',*,*,#5068,.F.);
#2530=ORIENTED_EDGE('',*,*,#5069,.F.);
#2531=ORIENTED_EDGE('',*,*,#5070,.F.);
#2532=ORIENTED_EDGE('',*,*,#5071,.F.);
#2533=ORIENTED_EDGE('',*,*,#5072,.F.);
#2534=ORIENTED_EDGE('',*,*,#5073,.F.);
#2535=ORIENTED_EDGE('',*,*,#5074,.F.);
#2536=ORIENTED_EDGE('',*,*,#5075,.F.);
#2537=ORIENTED_EDGE('',*,*,#5076,.F.);
#2538=ORIENTED_EDGE('',*,*,#5077,.F.);
#2539=ORIENTED_EDGE('',*,*,#5078,.F.);
#2540=ORIENTED_EDGE('',*,*,#5079,.F.);
#2541=ORIENTED_EDGE('',*,*,#4813,.F.);
#2542=ORIENTED_EDGE('',*,*,#5080,.F.);
#2543=ORIENTED_EDGE('',*,*,#5055,.T.);
#2544=ORIENTED_EDGE('',*,*,#5081,.F.);
#2545=ORIENTED_EDGE('',*,*,#5082,.T.);
#2546=ORIENTED_EDGE('',*,*,#5056,.T.);
#2547=ORIENTED_EDGE('',*,*,#5080,.T.);
#2548=ORIENTED_EDGE('',*,*,#4812,.T.);
#2549=ORIENTED_EDGE('',*,*,#5054,.F.);
#2550=ORIENTED_EDGE('',*,*,#5083,.F.);
#2551=ORIENTED_EDGE('',*,*,#5084,.T.);
#2552=ORIENTED_EDGE('',*,*,#5028,.F.);
#2553=ORIENTED_EDGE('',*,*,#4814,.F.);
#2554=ORIENTED_EDGE('',*,*,#5081,.T.);
#2555=ORIENTED_EDGE('',*,*,#5079,.T.);
#2556=ORIENTED_EDGE('',*,*,#5085,.F.);
#2557=ORIENTED_EDGE('',*,*,#5032,.F.);
#2558=ORIENTED_EDGE('',*,*,#5030,.T.);
#2559=ORIENTED_EDGE('',*,*,#5086,.T.);
#2560=ORIENTED_EDGE('',*,*,#5087,.F.);
#2561=ORIENTED_EDGE('',*,*,#4815,.F.);
#2562=ORIENTED_EDGE('',*,*,#5085,.T.);
#2563=ORIENTED_EDGE('',*,*,#5078,.T.);
#2564=ORIENTED_EDGE('',*,*,#5088,.F.);
#2565=ORIENTED_EDGE('',*,*,#5033,.F.);
#2566=ORIENTED_EDGE('',*,*,#5087,.T.);
#2567=ORIENTED_EDGE('',*,*,#5089,.T.);
#2568=ORIENTED_EDGE('',*,*,#5090,.F.);
#2569=ORIENTED_EDGE('',*,*,#4816,.F.);
#2570=ORIENTED_EDGE('',*,*,#5088,.T.);
#2571=ORIENTED_EDGE('',*,*,#5077,.T.);
#2572=ORIENTED_EDGE('',*,*,#5091,.F.);
#2573=ORIENTED_EDGE('',*,*,#5034,.F.);
#2574=ORIENTED_EDGE('',*,*,#5090,.T.);
#2575=ORIENTED_EDGE('',*,*,#5092,.T.);
#2576=ORIENTED_EDGE('',*,*,#5093,.F.);
#2577=ORIENTED_EDGE('',*,*,#5094,.T.);
#2578=ORIENTED_EDGE('',*,*,#4817,.F.);
#2579=ORIENTED_EDGE('',*,*,#5091,.T.);
#2580=ORIENTED_EDGE('',*,*,#5076,.T.);
#2581=ORIENTED_EDGE('',*,*,#5035,.F.);
#2582=ORIENTED_EDGE('',*,*,#5093,.T.);
#2583=ORIENTED_EDGE('',*,*,#5095,.T.);
#2584=ORIENTED_EDGE('',*,*,#5096,.F.);
#2585=ORIENTED_EDGE('',*,*,#5097,.T.);
#2586=ORIENTED_EDGE('',*,*,#5036,.T.);
#2587=ORIENTED_EDGE('',*,*,#5096,.T.);
#2588=ORIENTED_EDGE('',*,*,#5098,.T.);
#2589=ORIENTED_EDGE('',*,*,#5037,.F.);
#2590=ORIENTED_EDGE('',*,*,#5097,.F.);
#2591=ORIENTED_EDGE('',*,*,#5099,.T.);
#2592=ORIENTED_EDGE('',*,*,#5100,.F.);
#2593=ORIENTED_EDGE('',*,*,#5101,.T.);
#2594=ORIENTED_EDGE('',*,*,#5038,.T.);
#2595=ORIENTED_EDGE('',*,*,#5100,.T.);
#2596=ORIENTED_EDGE('',*,*,#5102,.T.);
#2597=ORIENTED_EDGE('',*,*,#5075,.T.);
#2598=ORIENTED_EDGE('',*,*,#5103,.F.);
#2599=ORIENTED_EDGE('',*,*,#4818,.F.);
#2600=ORIENTED_EDGE('',*,*,#5094,.F.);
#2601=ORIENTED_EDGE('',*,*,#5039,.F.);
#2602=ORIENTED_EDGE('',*,*,#5101,.F.);
#2603=ORIENTED_EDGE('',*,*,#5104,.T.);
#2604=ORIENTED_EDGE('',*,*,#5105,.F.);
#2605=ORIENTED_EDGE('',*,*,#4819,.F.);
#2606=ORIENTED_EDGE('',*,*,#5103,.T.);
#2607=ORIENTED_EDGE('',*,*,#5074,.T.);
#2608=ORIENTED_EDGE('',*,*,#5106,.F.);
#2609=ORIENTED_EDGE('',*,*,#5040,.F.);
#2610=ORIENTED_EDGE('',*,*,#5105,.T.);
#2611=ORIENTED_EDGE('',*,*,#5107,.T.);
#2612=ORIENTED_EDGE('',*,*,#5108,.F.);
#2613=ORIENTED_EDGE('',*,*,#4820,.F.);
#2614=ORIENTED_EDGE('',*,*,#5106,.T.);
#2615=ORIENTED_EDGE('',*,*,#5073,.T.);
#2616=ORIENTED_EDGE('',*,*,#5109,.F.);
#2617=ORIENTED_EDGE('',*,*,#5041,.F.);
#2618=ORIENTED_EDGE('',*,*,#5108,.T.);
#2619=ORIENTED_EDGE('',*,*,#5110,.T.);
#2620=ORIENTED_EDGE('',*,*,#5111,.F.);
#2621=ORIENTED_EDGE('',*,*,#5112,.T.);
#2622=ORIENTED_EDGE('',*,*,#5043,.F.);
#2623=ORIENTED_EDGE('',*,*,#5113,.T.);
#2624=ORIENTED_EDGE('',*,*,#5114,.T.);
#2625=ORIENTED_EDGE('',*,*,#4821,.F.);
#2626=ORIENTED_EDGE('',*,*,#5109,.T.);
#2627=ORIENTED_EDGE('',*,*,#5072,.T.);
#2628=ORIENTED_EDGE('',*,*,#5115,.F.);
#2629=ORIENTED_EDGE('',*,*,#5042,.F.);
#2630=ORIENTED_EDGE('',*,*,#5111,.T.);
#2631=ORIENTED_EDGE('',*,*,#5116,.T.);
#2632=ORIENTED_EDGE('',*,*,#5113,.F.);
#2633=ORIENTED_EDGE('',*,*,#4822,.F.);
#2634=ORIENTED_EDGE('',*,*,#5115,.T.);
#2635=ORIENTED_EDGE('',*,*,#5071,.T.);
#2636=ORIENTED_EDGE('',*,*,#5117,.F.);
#2637=ORIENTED_EDGE('',*,*,#5118,.T.);
#2638=ORIENTED_EDGE('',*,*,#4823,.T.);
#2639=ORIENTED_EDGE('',*,*,#5117,.T.);
#2640=ORIENTED_EDGE('',*,*,#5070,.T.);
#2641=ORIENTED_EDGE('',*,*,#5119,.T.);
#2642=ORIENTED_EDGE('',*,*,#5120,.T.);
#2643=ORIENTED_EDGE('',*,*,#5044,.F.);
#2644=ORIENTED_EDGE('',*,*,#5112,.F.);
#2645=ORIENTED_EDGE('',*,*,#4824,.F.);
#2646=ORIENTED_EDGE('',*,*,#5118,.F.);
#2647=ORIENTED_EDGE('',*,*,#5069,.T.);
#2648=ORIENTED_EDGE('',*,*,#5121,.F.);
#2649=ORIENTED_EDGE('',*,*,#5122,.T.);
#2650=ORIENTED_EDGE('',*,*,#4825,.T.);
#2651=ORIENTED_EDGE('',*,*,#5121,.T.);
#2652=ORIENTED_EDGE('',*,*,#5068,.T.);
#2653=ORIENTED_EDGE('',*,*,#5123,.T.);
#2654=ORIENTED_EDGE('',*,*,#5124,.F.);
#2655=ORIENTED_EDGE('',*,*,#5045,.F.);
#2656=ORIENTED_EDGE('',*,*,#5120,.F.);
#2657=ORIENTED_EDGE('',*,*,#4826,.F.);
#2658=ORIENTED_EDGE('',*,*,#5122,.F.);
#2659=ORIENTED_EDGE('',*,*,#5067,.T.);
#2660=ORIENTED_EDGE('',*,*,#5125,.F.);
#2661=ORIENTED_EDGE('',*,*,#4827,.F.);
#2662=ORIENTED_EDGE('',*,*,#5125,.T.);
#2663=ORIENTED_EDGE('',*,*,#5066,.T.);
#2664=ORIENTED_EDGE('',*,*,#5126,.F.);
#2665=ORIENTED_EDGE('',*,*,#5046,.F.);
#2666=ORIENTED_EDGE('',*,*,#5124,.T.);
#2667=ORIENTED_EDGE('',*,*,#5127,.T.);
#2668=ORIENTED_EDGE('',*,*,#5128,.F.);
#2669=ORIENTED_EDGE('',*,*,#4828,.F.);
#2670=ORIENTED_EDGE('',*,*,#5126,.T.);
#2671=ORIENTED_EDGE('',*,*,#5065,.T.);
#2672=ORIENTED_EDGE('',*,*,#5129,.F.);
#2673=ORIENTED_EDGE('',*,*,#5047,.F.);
#2674=ORIENTED_EDGE('',*,*,#5128,.T.);
#2675=ORIENTED_EDGE('',*,*,#5130,.T.);
#2676=ORIENTED_EDGE('',*,*,#5131,.F.);
#2677=ORIENTED_EDGE('',*,*,#4829,.F.);
#2678=ORIENTED_EDGE('',*,*,#5129,.T.);
#2679=ORIENTED_EDGE('',*,*,#5064,.T.);
#2680=ORIENTED_EDGE('',*,*,#5132,.F.);
#2681=ORIENTED_EDGE('',*,*,#5048,.F.);
#2682=ORIENTED_EDGE('',*,*,#5131,.T.);
#2683=ORIENTED_EDGE('',*,*,#5133,.T.);
#2684=ORIENTED_EDGE('',*,*,#5134,.F.);
#2685=ORIENTED_EDGE('',*,*,#4830,.F.);
#2686=ORIENTED_EDGE('',*,*,#5132,.T.);
#2687=ORIENTED_EDGE('',*,*,#5063,.T.);
#2688=ORIENTED_EDGE('',*,*,#5135,.F.);
#2689=ORIENTED_EDGE('',*,*,#5049,.F.);
#2690=ORIENTED_EDGE('',*,*,#5134,.T.);
#2691=ORIENTED_EDGE('',*,*,#5136,.T.);
#2692=ORIENTED_EDGE('',*,*,#5137,.F.);
#2693=ORIENTED_EDGE('',*,*,#5138,.T.);
#2694=ORIENTED_EDGE('',*,*,#5052,.F.);
#2695=ORIENTED_EDGE('',*,*,#5139,.F.);
#2696=ORIENTED_EDGE('',*,*,#5140,.T.);
#2697=ORIENTED_EDGE('',*,*,#5141,.T.);
#2698=ORIENTED_EDGE('',*,*,#4831,.F.);
#2699=ORIENTED_EDGE('',*,*,#5135,.T.);
#2700=ORIENTED_EDGE('',*,*,#5062,.T.);
#2701=ORIENTED_EDGE('',*,*,#5050,.F.);
#2702=ORIENTED_EDGE('',*,*,#5137,.T.);
#2703=ORIENTED_EDGE('',*,*,#5142,.T.);
#2704=ORIENTED_EDGE('',*,*,#5143,.F.);
#2705=ORIENTED_EDGE('',*,*,#5139,.T.);
#2706=ORIENTED_EDGE('',*,*,#5051,.T.);
#2707=ORIENTED_EDGE('',*,*,#5143,.T.);
#2708=ORIENTED_EDGE('',*,*,#5144,.T.);
#2709=ORIENTED_EDGE('',*,*,#5061,.T.);
#2710=ORIENTED_EDGE('',*,*,#5145,.F.);
#2711=ORIENTED_EDGE('',*,*,#4832,.F.);
#2712=ORIENTED_EDGE('',*,*,#5141,.F.);
#2713=ORIENTED_EDGE('',*,*,#5146,.T.);
#2714=ORIENTED_EDGE('',*,*,#4833,.T.);
#2715=ORIENTED_EDGE('',*,*,#5145,.T.);
#2716=ORIENTED_EDGE('',*,*,#5060,.T.);
#2717=ORIENTED_EDGE('',*,*,#5147,.T.);
#2718=ORIENTED_EDGE('',*,*,#5083,.T.);
#2719=ORIENTED_EDGE('',*,*,#5053,.F.);
#2720=ORIENTED_EDGE('',*,*,#5138,.F.);
#2721=ORIENTED_EDGE('',*,*,#4834,.F.);
#2722=ORIENTED_EDGE('',*,*,#5146,.F.);
#2723=ORIENTED_EDGE('',*,*,#5059,.T.);
#2724=ORIENTED_EDGE('',*,*,#5148,.F.);
#2725=ORIENTED_EDGE('',*,*,#5149,.T.);
#2726=ORIENTED_EDGE('',*,*,#4835,.T.);
#2727=ORIENTED_EDGE('',*,*,#5148,.T.);
#2728=ORIENTED_EDGE('',*,*,#5058,.T.);
#2729=ORIENTED_EDGE('',*,*,#4836,.F.);
#2730=ORIENTED_EDGE('',*,*,#5149,.F.);
#2731=ORIENTED_EDGE('',*,*,#5057,.T.);
#2732=ORIENTED_EDGE('',*,*,#5082,.F.);
#2733=ORIENTED_EDGE('',*,*,#5114,.F.);
#2734=ORIENTED_EDGE('',*,*,#5116,.F.);
#2735=ORIENTED_EDGE('',*,*,#5110,.F.);
#2736=ORIENTED_EDGE('',*,*,#5107,.F.);
#2737=ORIENTED_EDGE('',*,*,#5104,.F.);
#2738=ORIENTED_EDGE('',*,*,#5102,.F.);
#2739=ORIENTED_EDGE('',*,*,#5099,.F.);
#2740=ORIENTED_EDGE('',*,*,#5098,.F.);
#2741=ORIENTED_EDGE('',*,*,#5095,.F.);
#2742=ORIENTED_EDGE('',*,*,#5092,.F.);
#2743=ORIENTED_EDGE('',*,*,#5089,.F.);
#2744=ORIENTED_EDGE('',*,*,#5086,.F.);
#2745=ORIENTED_EDGE('',*,*,#5029,.F.);
#2746=ORIENTED_EDGE('',*,*,#5084,.F.);
#2747=ORIENTED_EDGE('',*,*,#5147,.F.);
#2748=ORIENTED_EDGE('',*,*,#5140,.F.);
#2749=ORIENTED_EDGE('',*,*,#5144,.F.);
#2750=ORIENTED_EDGE('',*,*,#5142,.F.);
#2751=ORIENTED_EDGE('',*,*,#5136,.F.);
#2752=ORIENTED_EDGE('',*,*,#5133,.F.);
#2753=ORIENTED_EDGE('',*,*,#5130,.F.);
#2754=ORIENTED_EDGE('',*,*,#5127,.F.);
#2755=ORIENTED_EDGE('',*,*,#5123,.F.);
#2756=ORIENTED_EDGE('',*,*,#5119,.F.);
#2757=ORIENTED_EDGE('',*,*,#5150,.F.);
#2758=ORIENTED_EDGE('',*,*,#5151,.F.);
#2759=ORIENTED_EDGE('',*,*,#5152,.F.);
#2760=ORIENTED_EDGE('',*,*,#5153,.F.);
#2761=ORIENTED_EDGE('',*,*,#5154,.F.);
#2762=ORIENTED_EDGE('',*,*,#5155,.F.);
#2763=ORIENTED_EDGE('',*,*,#5156,.F.);
#2764=ORIENTED_EDGE('',*,*,#5157,.F.);
#2765=ORIENTED_EDGE('',*,*,#5158,.F.);
#2766=ORIENTED_EDGE('',*,*,#5159,.F.);
#2767=ORIENTED_EDGE('',*,*,#5160,.T.);
#2768=ORIENTED_EDGE('',*,*,#5161,.T.);
#2769=ORIENTED_EDGE('',*,*,#5162,.F.);
#2770=ORIENTED_EDGE('',*,*,#5163,.F.);
#2771=ORIENTED_EDGE('',*,*,#5164,.T.);
#2772=ORIENTED_EDGE('',*,*,#5165,.T.);
#2773=ORIENTED_EDGE('',*,*,#5166,.F.);
#2774=ORIENTED_EDGE('',*,*,#5167,.T.);
#2775=ORIENTED_EDGE('',*,*,#5168,.T.);
#2776=ORIENTED_EDGE('',*,*,#5169,.T.);
#2777=ORIENTED_EDGE('',*,*,#5163,.T.);
#2778=ORIENTED_EDGE('',*,*,#5170,.T.);
#2779=ORIENTED_EDGE('',*,*,#5171,.T.);
#2780=ORIENTED_EDGE('',*,*,#5172,.T.);
#2781=ORIENTED_EDGE('',*,*,#5173,.T.);
#2782=ORIENTED_EDGE('',*,*,#5174,.F.);
#2783=ORIENTED_EDGE('',*,*,#5175,.T.);
#2784=ORIENTED_EDGE('',*,*,#5176,.F.);
#2785=ORIENTED_EDGE('',*,*,#5177,.T.);
#2786=ORIENTED_EDGE('',*,*,#5178,.T.);
#2787=ORIENTED_EDGE('',*,*,#5179,.T.);
#2788=ORIENTED_EDGE('',*,*,#5180,.T.);
#2789=ORIENTED_EDGE('',*,*,#5181,.T.);
#2790=ORIENTED_EDGE('',*,*,#5182,.T.);
#2791=ORIENTED_EDGE('',*,*,#5183,.T.);
#2792=ORIENTED_EDGE('',*,*,#5184,.T.);
#2793=ORIENTED_EDGE('',*,*,#5185,.T.);
#2794=ORIENTED_EDGE('',*,*,#5186,.T.);
#2795=ORIENTED_EDGE('',*,*,#5187,.F.);
#2796=ORIENTED_EDGE('',*,*,#5188,.F.);
#2797=ORIENTED_EDGE('',*,*,#5189,.F.);
#2798=ORIENTED_EDGE('',*,*,#5190,.F.);
#2799=ORIENTED_EDGE('',*,*,#5191,.F.);
#2800=ORIENTED_EDGE('',*,*,#5192,.F.);
#2801=ORIENTED_EDGE('',*,*,#5193,.F.);
#2802=ORIENTED_EDGE('',*,*,#5194,.F.);
#2803=ORIENTED_EDGE('',*,*,#5195,.F.);
#2804=ORIENTED_EDGE('',*,*,#5196,.F.);
#2805=ORIENTED_EDGE('',*,*,#5197,.F.);
#2806=ORIENTED_EDGE('',*,*,#5198,.F.);
#2807=ORIENTED_EDGE('',*,*,#5199,.F.);
#2808=ORIENTED_EDGE('',*,*,#5200,.F.);
#2809=ORIENTED_EDGE('',*,*,#5201,.F.);
#2810=ORIENTED_EDGE('',*,*,#5202,.F.);
#2811=ORIENTED_EDGE('',*,*,#5203,.F.);
#2812=ORIENTED_EDGE('',*,*,#5204,.F.);
#2813=ORIENTED_EDGE('',*,*,#5205,.F.);
#2814=ORIENTED_EDGE('',*,*,#5206,.F.);
#2815=ORIENTED_EDGE('',*,*,#5207,.F.);
#2816=ORIENTED_EDGE('',*,*,#5208,.F.);
#2817=ORIENTED_EDGE('',*,*,#5209,.F.);
#2818=ORIENTED_EDGE('',*,*,#5210,.F.);
#2819=ORIENTED_EDGE('',*,*,#5211,.F.);
#2820=ORIENTED_EDGE('',*,*,#4859,.F.);
#2821=ORIENTED_EDGE('',*,*,#5212,.F.);
#2822=ORIENTED_EDGE('',*,*,#5203,.T.);
#2823=ORIENTED_EDGE('',*,*,#5213,.F.);
#2824=ORIENTED_EDGE('',*,*,#5214,.T.);
#2825=ORIENTED_EDGE('',*,*,#5204,.T.);
#2826=ORIENTED_EDGE('',*,*,#5212,.T.);
#2827=ORIENTED_EDGE('',*,*,#4858,.T.);
#2828=ORIENTED_EDGE('',*,*,#4860,.F.);
#2829=ORIENTED_EDGE('',*,*,#5213,.T.);
#2830=ORIENTED_EDGE('',*,*,#5202,.T.);
#2831=ORIENTED_EDGE('',*,*,#5215,.F.);
#2832=ORIENTED_EDGE('',*,*,#5170,.F.);
#2833=ORIENTED_EDGE('',*,*,#5162,.T.);
#2834=ORIENTED_EDGE('',*,*,#5216,.T.);
#2835=ORIENTED_EDGE('',*,*,#5217,.F.);
#2836=ORIENTED_EDGE('',*,*,#4861,.F.);
#2837=ORIENTED_EDGE('',*,*,#5215,.T.);
#2838=ORIENTED_EDGE('',*,*,#5201,.T.);
#2839=ORIENTED_EDGE('',*,*,#5218,.F.);
#2840=ORIENTED_EDGE('',*,*,#5171,.F.);
#2841=ORIENTED_EDGE('',*,*,#5217,.T.);
#2842=ORIENTED_EDGE('',*,*,#5219,.T.);
#2843=ORIENTED_EDGE('',*,*,#5220,.F.);
#2844=ORIENTED_EDGE('',*,*,#4862,.F.);
#2845=ORIENTED_EDGE('',*,*,#5218,.T.);
#2846=ORIENTED_EDGE('',*,*,#5200,.T.);
#2847=ORIENTED_EDGE('',*,*,#5221,.F.);
#2848=ORIENTED_EDGE('',*,*,#5172,.F.);
#2849=ORIENTED_EDGE('',*,*,#5220,.T.);
#2850=ORIENTED_EDGE('',*,*,#5222,.T.);
#2851=ORIENTED_EDGE('',*,*,#5223,.F.);
#2852=ORIENTED_EDGE('',*,*,#5224,.T.);
#2853=ORIENTED_EDGE('',*,*,#4863,.F.);
#2854=ORIENTED_EDGE('',*,*,#5221,.T.);
#2855=ORIENTED_EDGE('',*,*,#5199,.T.);
#2856=ORIENTED_EDGE('',*,*,#5173,.F.);
#2857=ORIENTED_EDGE('',*,*,#5223,.T.);
#2858=ORIENTED_EDGE('',*,*,#5225,.T.);
#2859=ORIENTED_EDGE('',*,*,#5226,.F.);
#2860=ORIENTED_EDGE('',*,*,#5227,.T.);
#2861=ORIENTED_EDGE('',*,*,#5174,.T.);
#2862=ORIENTED_EDGE('',*,*,#5226,.T.);
#2863=ORIENTED_EDGE('',*,*,#5228,.T.);
#2864=ORIENTED_EDGE('',*,*,#5175,.F.);
#2865=ORIENTED_EDGE('',*,*,#5227,.F.);
#2866=ORIENTED_EDGE('',*,*,#5229,.T.);
#2867=ORIENTED_EDGE('',*,*,#5230,.F.);
#2868=ORIENTED_EDGE('',*,*,#5231,.T.);
#2869=ORIENTED_EDGE('',*,*,#5176,.T.);
#2870=ORIENTED_EDGE('',*,*,#5230,.T.);
#2871=ORIENTED_EDGE('',*,*,#5232,.T.);
#2872=ORIENTED_EDGE('',*,*,#5198,.T.);
#2873=ORIENTED_EDGE('',*,*,#5233,.F.);
#2874=ORIENTED_EDGE('',*,*,#4864,.F.);
#2875=ORIENTED_EDGE('',*,*,#5224,.F.);
#2876=ORIENTED_EDGE('',*,*,#5177,.F.);
#2877=ORIENTED_EDGE('',*,*,#5231,.F.);
#2878=ORIENTED_EDGE('',*,*,#5234,.T.);
#2879=ORIENTED_EDGE('',*,*,#5235,.F.);
#2880=ORIENTED_EDGE('',*,*,#4865,.F.);
#2881=ORIENTED_EDGE('',*,*,#5233,.T.);
#2882=ORIENTED_EDGE('',*,*,#5197,.T.);
#2883=ORIENTED_EDGE('',*,*,#5236,.F.);
#2884=ORIENTED_EDGE('',*,*,#5178,.F.);
#2885=ORIENTED_EDGE('',*,*,#5235,.T.);
#2886=ORIENTED_EDGE('',*,*,#5237,.T.);
#2887=ORIENTED_EDGE('',*,*,#5238,.F.);
#2888=ORIENTED_EDGE('',*,*,#5239,.T.);
#2889=ORIENTED_EDGE('',*,*,#5182,.F.);
#2890=ORIENTED_EDGE('',*,*,#5240,.F.);
#2891=ORIENTED_EDGE('',*,*,#5241,.T.);
#2892=ORIENTED_EDGE('',*,*,#4866,.F.);
#2893=ORIENTED_EDGE('',*,*,#5236,.T.);
#2894=ORIENTED_EDGE('',*,*,#5196,.T.);
#2895=ORIENTED_EDGE('',*,*,#5242,.F.);
#2896=ORIENTED_EDGE('',*,*,#5179,.F.);
#2897=ORIENTED_EDGE('',*,*,#5238,.T.);
#2898=ORIENTED_EDGE('',*,*,#5243,.T.);
#2899=ORIENTED_EDGE('',*,*,#5244,.F.);
#2900=ORIENTED_EDGE('',*,*,#4867,.F.);
#2901=ORIENTED_EDGE('',*,*,#5242,.T.);
#2902=ORIENTED_EDGE('',*,*,#5195,.T.);
#2903=ORIENTED_EDGE('',*,*,#5245,.F.);
#2904=ORIENTED_EDGE('',*,*,#5180,.F.);
#2905=ORIENTED_EDGE('',*,*,#5244,.T.);
#2906=ORIENTED_EDGE('',*,*,#5246,.T.);
#2907=ORIENTED_EDGE('',*,*,#5247,.F.);
#2908=ORIENTED_EDGE('',*,*,#5240,.T.);
#2909=ORIENTED_EDGE('',*,*,#5181,.F.);
#2910=ORIENTED_EDGE('',*,*,#5247,.T.);
#2911=ORIENTED_EDGE('',*,*,#5248,.T.);
#2912=ORIENTED_EDGE('',*,*,#4868,.F.);
#2913=ORIENTED_EDGE('',*,*,#5245,.T.);
#2914=ORIENTED_EDGE('',*,*,#5194,.T.);
#2915=ORIENTED_EDGE('',*,*,#5249,.F.);
#2916=ORIENTED_EDGE('',*,*,#5250,.T.);
#2917=ORIENTED_EDGE('',*,*,#4869,.T.);
#2918=ORIENTED_EDGE('',*,*,#5249,.T.);
#2919=ORIENTED_EDGE('',*,*,#5193,.T.);
#2920=ORIENTED_EDGE('',*,*,#4870,.F.);
#2921=ORIENTED_EDGE('',*,*,#5250,.F.);
#2922=ORIENTED_EDGE('',*,*,#5192,.T.);
#2923=ORIENTED_EDGE('',*,*,#5251,.F.);
#2924=ORIENTED_EDGE('',*,*,#5252,.T.);
#2925=ORIENTED_EDGE('',*,*,#4871,.T.);
#2926=ORIENTED_EDGE('',*,*,#5251,.T.);
#2927=ORIENTED_EDGE('',*,*,#5191,.T.);
#2928=ORIENTED_EDGE('',*,*,#5253,.T.);
#2929=ORIENTED_EDGE('',*,*,#5254,.F.);
#2930=ORIENTED_EDGE('',*,*,#5183,.F.);
#2931=ORIENTED_EDGE('',*,*,#5239,.F.);
#2932=ORIENTED_EDGE('',*,*,#4872,.F.);
#2933=ORIENTED_EDGE('',*,*,#5252,.F.);
#2934=ORIENTED_EDGE('',*,*,#5190,.T.);
#2935=ORIENTED_EDGE('',*,*,#5255,.F.);
#2936=ORIENTED_EDGE('',*,*,#4873,.F.);
#2937=ORIENTED_EDGE('',*,*,#5255,.T.);
#2938=ORIENTED_EDGE('',*,*,#5189,.T.);
#2939=ORIENTED_EDGE('',*,*,#5256,.F.);
#2940=ORIENTED_EDGE('',*,*,#5184,.F.);
#2941=ORIENTED_EDGE('',*,*,#5254,.T.);
#2942=ORIENTED_EDGE('',*,*,#5257,.T.);
#2943=ORIENTED_EDGE('',*,*,#5258,.F.);
#2944=ORIENTED_EDGE('',*,*,#4874,.F.);
#2945=ORIENTED_EDGE('',*,*,#5256,.T.);
#2946=ORIENTED_EDGE('',*,*,#5188,.T.);
#2947=ORIENTED_EDGE('',*,*,#5259,.F.);
#2948=ORIENTED_EDGE('',*,*,#5185,.F.);
#2949=ORIENTED_EDGE('',*,*,#5258,.T.);
#2950=ORIENTED_EDGE('',*,*,#5260,.T.);
#2951=ORIENTED_EDGE('',*,*,#5261,.F.);
#2952=ORIENTED_EDGE('',*,*,#4875,.F.);
#2953=ORIENTED_EDGE('',*,*,#5259,.T.);
#2954=ORIENTED_EDGE('',*,*,#5187,.T.);
#2955=ORIENTED_EDGE('',*,*,#5262,.F.);
#2956=ORIENTED_EDGE('',*,*,#5186,.F.);
#2957=ORIENTED_EDGE('',*,*,#5261,.T.);
#2958=ORIENTED_EDGE('',*,*,#5263,.T.);
#2959=ORIENTED_EDGE('',*,*,#5264,.F.);
#2960=ORIENTED_EDGE('',*,*,#5169,.F.);
#2961=ORIENTED_EDGE('',*,*,#5265,.F.);
#2962=ORIENTED_EDGE('',*,*,#5266,.T.);
#2963=ORIENTED_EDGE('',*,*,#5160,.F.);
#2964=ORIENTED_EDGE('',*,*,#5265,.T.);
#2965=ORIENTED_EDGE('',*,*,#5168,.F.);
#2966=ORIENTED_EDGE('',*,*,#5267,.F.);
#2967=ORIENTED_EDGE('',*,*,#5268,.T.);
#2968=ORIENTED_EDGE('',*,*,#4876,.F.);
#2969=ORIENTED_EDGE('',*,*,#5262,.T.);
#2970=ORIENTED_EDGE('',*,*,#5211,.T.);
#2971=ORIENTED_EDGE('',*,*,#5269,.F.);
#2972=ORIENTED_EDGE('',*,*,#5164,.F.);
#2973=ORIENTED_EDGE('',*,*,#5264,.T.);
#2974=ORIENTED_EDGE('',*,*,#5270,.T.);
#2975=ORIENTED_EDGE('',*,*,#5271,.F.);
#2976=ORIENTED_EDGE('',*,*,#5272,.T.);
#2977=ORIENTED_EDGE('',*,*,#4877,.F.);
#2978=ORIENTED_EDGE('',*,*,#5269,.T.);
#2979=ORIENTED_EDGE('',*,*,#5210,.T.);
#2980=ORIENTED_EDGE('',*,*,#5165,.F.);
#2981=ORIENTED_EDGE('',*,*,#5271,.T.);
#2982=ORIENTED_EDGE('',*,*,#5273,.T.);
#2983=ORIENTED_EDGE('',*,*,#5274,.F.);
#2984=ORIENTED_EDGE('',*,*,#5275,.T.);
#2985=ORIENTED_EDGE('',*,*,#5166,.T.);
#2986=ORIENTED_EDGE('',*,*,#5274,.T.);
#2987=ORIENTED_EDGE('',*,*,#5276,.T.);
#2988=ORIENTED_EDGE('',*,*,#5267,.T.);
#2989=ORIENTED_EDGE('',*,*,#5167,.F.);
#2990=ORIENTED_EDGE('',*,*,#5275,.F.);
#2991=ORIENTED_EDGE('',*,*,#5277,.T.);
#2992=ORIENTED_EDGE('',*,*,#5209,.T.);
#2993=ORIENTED_EDGE('',*,*,#5278,.F.);
#2994=ORIENTED_EDGE('',*,*,#4878,.F.);
#2995=ORIENTED_EDGE('',*,*,#5272,.F.);
#2996=ORIENTED_EDGE('',*,*,#5279,.T.);
#2997=ORIENTED_EDGE('',*,*,#4879,.T.);
#2998=ORIENTED_EDGE('',*,*,#5278,.T.);
#2999=ORIENTED_EDGE('',*,*,#5208,.T.);
#3000=ORIENTED_EDGE('',*,*,#4880,.F.);
#3001=ORIENTED_EDGE('',*,*,#5279,.F.);
#3002=ORIENTED_EDGE('',*,*,#5207,.T.);
#3003=ORIENTED_EDGE('',*,*,#5280,.F.);
#3004=ORIENTED_EDGE('',*,*,#5281,.T.);
#3005=ORIENTED_EDGE('',*,*,#4881,.T.);
#3006=ORIENTED_EDGE('',*,*,#5280,.T.);
#3007=ORIENTED_EDGE('',*,*,#5206,.T.);
#3008=ORIENTED_EDGE('',*,*,#4882,.F.);
#3009=ORIENTED_EDGE('',*,*,#5281,.F.);
#3010=ORIENTED_EDGE('',*,*,#5205,.T.);
#3011=ORIENTED_EDGE('',*,*,#5214,.F.);
#3012=ORIENTED_EDGE('',*,*,#5248,.F.);
#3013=ORIENTED_EDGE('',*,*,#5246,.F.);
#3014=ORIENTED_EDGE('',*,*,#5243,.F.);
#3015=ORIENTED_EDGE('',*,*,#5237,.F.);
#3016=ORIENTED_EDGE('',*,*,#5234,.F.);
#3017=ORIENTED_EDGE('',*,*,#5232,.F.);
#3018=ORIENTED_EDGE('',*,*,#5229,.F.);
#3019=ORIENTED_EDGE('',*,*,#5228,.F.);
#3020=ORIENTED_EDGE('',*,*,#5225,.F.);
#3021=ORIENTED_EDGE('',*,*,#5222,.F.);
#3022=ORIENTED_EDGE('',*,*,#5219,.F.);
#3023=ORIENTED_EDGE('',*,*,#5216,.F.);
#3024=ORIENTED_EDGE('',*,*,#5161,.F.);
#3025=ORIENTED_EDGE('',*,*,#5266,.F.);
#3026=ORIENTED_EDGE('',*,*,#5268,.F.);
#3027=ORIENTED_EDGE('',*,*,#5277,.F.);
#3028=ORIENTED_EDGE('',*,*,#5276,.F.);
#3029=ORIENTED_EDGE('',*,*,#5273,.F.);
#3030=ORIENTED_EDGE('',*,*,#5270,.F.);
#3031=ORIENTED_EDGE('',*,*,#5263,.F.);
#3032=ORIENTED_EDGE('',*,*,#5260,.F.);
#3033=ORIENTED_EDGE('',*,*,#5257,.F.);
#3034=ORIENTED_EDGE('',*,*,#5253,.F.);
#3035=ORIENTED_EDGE('',*,*,#5241,.F.);
#3036=ORIENTED_EDGE('',*,*,#5282,.F.);
#3037=ORIENTED_EDGE('',*,*,#5283,.F.);
#3038=ORIENTED_EDGE('',*,*,#5284,.F.);
#3039=ORIENTED_EDGE('',*,*,#5285,.F.);
#3040=ORIENTED_EDGE('',*,*,#5286,.F.);
#3041=ORIENTED_EDGE('',*,*,#5287,.F.);
#3042=ORIENTED_EDGE('',*,*,#5288,.F.);
#3043=ORIENTED_EDGE('',*,*,#5289,.F.);
#3044=ORIENTED_EDGE('',*,*,#5290,.F.);
#3045=ORIENTED_EDGE('',*,*,#5291,.F.);
#3046=ORIENTED_EDGE('',*,*,#5292,.T.);
#3047=ORIENTED_EDGE('',*,*,#5293,.F.);
#3048=ORIENTED_EDGE('',*,*,#5294,.F.);
#3049=ORIENTED_EDGE('',*,*,#5295,.T.);
#3050=ORIENTED_EDGE('',*,*,#5296,.T.);
#3051=ORIENTED_EDGE('',*,*,#5297,.F.);
#3052=ORIENTED_EDGE('',*,*,#5298,.F.);
#3053=ORIENTED_EDGE('',*,*,#5299,.T.);
#3054=ORIENTED_EDGE('',*,*,#5298,.T.);
#3055=ORIENTED_EDGE('',*,*,#5300,.F.);
#3056=ORIENTED_EDGE('',*,*,#5301,.F.);
#3057=ORIENTED_EDGE('',*,*,#5302,.T.);
#3058=ORIENTED_EDGE('',*,*,#5303,.F.);
#3059=ORIENTED_EDGE('',*,*,#5304,.F.);
#3060=ORIENTED_EDGE('',*,*,#5305,.F.);
#3061=ORIENTED_EDGE('',*,*,#5306,.F.);
#3062=ORIENTED_EDGE('',*,*,#5307,.F.);
#3063=ORIENTED_EDGE('',*,*,#5308,.F.);
#3064=ORIENTED_EDGE('',*,*,#5309,.F.);
#3065=ORIENTED_EDGE('',*,*,#5310,.F.);
#3066=ORIENTED_EDGE('',*,*,#5311,.F.);
#3067=ORIENTED_EDGE('',*,*,#5312,.F.);
#3068=ORIENTED_EDGE('',*,*,#5313,.F.);
#3069=ORIENTED_EDGE('',*,*,#5314,.F.);
#3070=ORIENTED_EDGE('',*,*,#5315,.F.);
#3071=ORIENTED_EDGE('',*,*,#5316,.F.);
#3072=ORIENTED_EDGE('',*,*,#5317,.T.);
#3073=ORIENTED_EDGE('',*,*,#5318,.F.);
#3074=ORIENTED_EDGE('',*,*,#5319,.T.);
#3075=ORIENTED_EDGE('',*,*,#5320,.T.);
#3076=ORIENTED_EDGE('',*,*,#5321,.T.);
#3077=ORIENTED_EDGE('',*,*,#5322,.F.);
#3078=ORIENTED_EDGE('',*,*,#5300,.T.);
#3079=ORIENTED_EDGE('',*,*,#5297,.T.);
#3080=ORIENTED_EDGE('',*,*,#5323,.T.);
#3081=ORIENTED_EDGE('',*,*,#5293,.T.);
#3082=ORIENTED_EDGE('',*,*,#5324,.T.);
#3083=ORIENTED_EDGE('',*,*,#5316,.T.);
#3084=ORIENTED_EDGE('',*,*,#5325,.F.);
#3085=ORIENTED_EDGE('',*,*,#4884,.F.);
#3086=ORIENTED_EDGE('',*,*,#5326,.T.);
#3087=ORIENTED_EDGE('',*,*,#4885,.T.);
#3088=ORIENTED_EDGE('',*,*,#5325,.T.);
#3089=ORIENTED_EDGE('',*,*,#5315,.T.);
#3090=ORIENTED_EDGE('',*,*,#5327,.T.);
#3091=ORIENTED_EDGE('',*,*,#5328,.T.);
#3092=ORIENTED_EDGE('',*,*,#5301,.T.);
#3093=ORIENTED_EDGE('',*,*,#5322,.T.);
#3094=ORIENTED_EDGE('',*,*,#4886,.F.);
#3095=ORIENTED_EDGE('',*,*,#5326,.F.);
#3096=ORIENTED_EDGE('',*,*,#5314,.T.);
#3097=ORIENTED_EDGE('',*,*,#5329,.F.);
#3098=ORIENTED_EDGE('',*,*,#5330,.T.);
#3099=ORIENTED_EDGE('',*,*,#4887,.T.);
#3100=ORIENTED_EDGE('',*,*,#5329,.T.);
#3101=ORIENTED_EDGE('',*,*,#5313,.T.);
#3102=ORIENTED_EDGE('',*,*,#5331,.T.);
#3103=ORIENTED_EDGE('',*,*,#5294,.T.);
#3104=ORIENTED_EDGE('',*,*,#5323,.F.);
#3105=ORIENTED_EDGE('',*,*,#5296,.F.);
#3106=ORIENTED_EDGE('',*,*,#4888,.F.);
#3107=ORIENTED_EDGE('',*,*,#5330,.F.);
#3108=ORIENTED_EDGE('',*,*,#5312,.T.);
#3109=ORIENTED_EDGE('',*,*,#5332,.F.);
#3110=ORIENTED_EDGE('',*,*,#5333,.T.);
#3111=ORIENTED_EDGE('',*,*,#4889,.T.);
#3112=ORIENTED_EDGE('',*,*,#5332,.T.);
#3113=ORIENTED_EDGE('',*,*,#5311,.T.);
#3114=ORIENTED_EDGE('',*,*,#4890,.F.);
#3115=ORIENTED_EDGE('',*,*,#5333,.F.);
#3116=ORIENTED_EDGE('',*,*,#5310,.T.);
#3117=ORIENTED_EDGE('',*,*,#5334,.F.);
#3118=ORIENTED_EDGE('',*,*,#5335,.T.);
#3119=ORIENTED_EDGE('',*,*,#4891,.T.);
#3120=ORIENTED_EDGE('',*,*,#5334,.T.);
#3121=ORIENTED_EDGE('',*,*,#5309,.T.);
#3122=ORIENTED_EDGE('',*,*,#5336,.T.);
#3123=ORIENTED_EDGE('',*,*,#5337,.F.);
#3124=ORIENTED_EDGE('',*,*,#5317,.F.);
#3125=ORIENTED_EDGE('',*,*,#5292,.F.);
#3126=ORIENTED_EDGE('',*,*,#5338,.T.);
#3127=ORIENTED_EDGE('',*,*,#5319,.F.);
#3128=ORIENTED_EDGE('',*,*,#5339,.F.);
#3129=ORIENTED_EDGE('',*,*,#5340,.T.);
#3130=ORIENTED_EDGE('',*,*,#5341,.T.);
#3131=ORIENTED_EDGE('',*,*,#4892,.F.);
#3132=ORIENTED_EDGE('',*,*,#5335,.F.);
#3133=ORIENTED_EDGE('',*,*,#5308,.T.);
#3134=ORIENTED_EDGE('',*,*,#5339,.T.);
#3135=ORIENTED_EDGE('',*,*,#5318,.T.);
#3136=ORIENTED_EDGE('',*,*,#5337,.T.);
#3137=ORIENTED_EDGE('',*,*,#5342,.T.);
#3138=ORIENTED_EDGE('',*,*,#5307,.T.);
#3139=ORIENTED_EDGE('',*,*,#5343,.F.);
#3140=ORIENTED_EDGE('',*,*,#4893,.F.);
#3141=ORIENTED_EDGE('',*,*,#5341,.F.);
#3142=ORIENTED_EDGE('',*,*,#5344,.T.);
#3143=ORIENTED_EDGE('',*,*,#4894,.T.);
#3144=ORIENTED_EDGE('',*,*,#5343,.T.);
#3145=ORIENTED_EDGE('',*,*,#5306,.T.);
#3146=ORIENTED_EDGE('',*,*,#5345,.T.);
#3147=ORIENTED_EDGE('',*,*,#5346,.T.);
#3148=ORIENTED_EDGE('',*,*,#5320,.F.);
#3149=ORIENTED_EDGE('',*,*,#5338,.F.);
#3150=ORIENTED_EDGE('',*,*,#4895,.F.);
#3151=ORIENTED_EDGE('',*,*,#5344,.F.);
#3152=ORIENTED_EDGE('',*,*,#5305,.T.);
#3153=ORIENTED_EDGE('',*,*,#5347,.F.);
#3154=ORIENTED_EDGE('',*,*,#5348,.T.);
#3155=ORIENTED_EDGE('',*,*,#4896,.T.);
#3156=ORIENTED_EDGE('',*,*,#5347,.T.);
#3157=ORIENTED_EDGE('',*,*,#5304,.T.);
#3158=ORIENTED_EDGE('',*,*,#5349,.T.);
#3159=ORIENTED_EDGE('',*,*,#5327,.F.);
#3160=ORIENTED_EDGE('',*,*,#5321,.F.);
#3161=ORIENTED_EDGE('',*,*,#5346,.F.);
#3162=ORIENTED_EDGE('',*,*,#4883,.F.);
#3163=ORIENTED_EDGE('',*,*,#5348,.F.);
#3164=ORIENTED_EDGE('',*,*,#5303,.T.);
#3165=ORIENTED_EDGE('',*,*,#5324,.F.);
#3166=ORIENTED_EDGE('',*,*,#5295,.F.);
#3167=ORIENTED_EDGE('',*,*,#5331,.F.);
#3168=ORIENTED_EDGE('',*,*,#5299,.F.);
#3169=ORIENTED_EDGE('',*,*,#5302,.F.);
#3170=ORIENTED_EDGE('',*,*,#5328,.F.);
#3171=ORIENTED_EDGE('',*,*,#5349,.F.);
#3172=ORIENTED_EDGE('',*,*,#5345,.F.);
#3173=ORIENTED_EDGE('',*,*,#5340,.F.);
#3174=ORIENTED_EDGE('',*,*,#5342,.F.);
#3175=ORIENTED_EDGE('',*,*,#5336,.F.);
#3176=ORIENTED_EDGE('',*,*,#5350,.T.);
#3177=ORIENTED_EDGE('',*,*,#5351,.T.);
#3178=ORIENTED_EDGE('',*,*,#5352,.T.);
#3179=ORIENTED_EDGE('',*,*,#5353,.F.);
#3180=ORIENTED_EDGE('',*,*,#5354,.T.);
#3181=ORIENTED_EDGE('',*,*,#5355,.F.);
#3182=ORIENTED_EDGE('',*,*,#5352,.F.);
#3183=ORIENTED_EDGE('',*,*,#5356,.T.);
#3184=ORIENTED_EDGE('',*,*,#5353,.T.);
#3185=ORIENTED_EDGE('',*,*,#5355,.T.);
#3186=ORIENTED_EDGE('',*,*,#5357,.T.);
#3187=ORIENTED_EDGE('',*,*,#5358,.F.);
#3188=ORIENTED_EDGE('',*,*,#5359,.T.);
#3189=ORIENTED_EDGE('',*,*,#5360,.F.);
#3190=ORIENTED_EDGE('',*,*,#5361,.T.);
#3191=ORIENTED_EDGE('',*,*,#5362,.T.);
#3192=ORIENTED_EDGE('',*,*,#5363,.T.);
#3193=ORIENTED_EDGE('',*,*,#5364,.F.);
#3194=ORIENTED_EDGE('',*,*,#5365,.T.);
#3195=ORIENTED_EDGE('',*,*,#5366,.F.);
#3196=ORIENTED_EDGE('',*,*,#5367,.T.);
#3197=ORIENTED_EDGE('',*,*,#5368,.T.);
#3198=ORIENTED_EDGE('',*,*,#5369,.T.);
#3199=ORIENTED_EDGE('',*,*,#5370,.T.);
#3200=ORIENTED_EDGE('',*,*,#5371,.F.);
#3201=ORIENTED_EDGE('',*,*,#5372,.F.);
#3202=ORIENTED_EDGE('',*,*,#5373,.F.);
#3203=ORIENTED_EDGE('',*,*,#5374,.F.);
#3204=ORIENTED_EDGE('',*,*,#5375,.F.);
#3205=ORIENTED_EDGE('',*,*,#5376,.F.);
#3206=ORIENTED_EDGE('',*,*,#5377,.F.);
#3207=ORIENTED_EDGE('',*,*,#5378,.F.);
#3208=ORIENTED_EDGE('',*,*,#5379,.F.);
#3209=ORIENTED_EDGE('',*,*,#5380,.F.);
#3210=ORIENTED_EDGE('',*,*,#5381,.F.);
#3211=ORIENTED_EDGE('',*,*,#5382,.F.);
#3212=ORIENTED_EDGE('',*,*,#5383,.F.);
#3213=ORIENTED_EDGE('',*,*,#5384,.F.);
#3214=ORIENTED_EDGE('',*,*,#5385,.F.);
#3215=ORIENTED_EDGE('',*,*,#5386,.F.);
#3216=ORIENTED_EDGE('',*,*,#5387,.F.);
#3217=ORIENTED_EDGE('',*,*,#5388,.F.);
#3218=ORIENTED_EDGE('',*,*,#5389,.F.);
#3219=ORIENTED_EDGE('',*,*,#5390,.F.);
#3220=ORIENTED_EDGE('',*,*,#4898,.F.);
#3221=ORIENTED_EDGE('',*,*,#5391,.F.);
#3222=ORIENTED_EDGE('',*,*,#5376,.T.);
#3223=ORIENTED_EDGE('',*,*,#5392,.F.);
#3224=ORIENTED_EDGE('',*,*,#5393,.T.);
#3225=ORIENTED_EDGE('',*,*,#4899,.T.);
#3226=ORIENTED_EDGE('',*,*,#5392,.T.);
#3227=ORIENTED_EDGE('',*,*,#5375,.T.);
#3228=ORIENTED_EDGE('',*,*,#5394,.T.);
#3229=ORIENTED_EDGE('',*,*,#5377,.T.);
#3230=ORIENTED_EDGE('',*,*,#5391,.T.);
#3231=ORIENTED_EDGE('',*,*,#4897,.T.);
#3232=ORIENTED_EDGE('',*,*,#4900,.F.);
#3233=ORIENTED_EDGE('',*,*,#5393,.F.);
#3234=ORIENTED_EDGE('',*,*,#5374,.T.);
#3235=ORIENTED_EDGE('',*,*,#5395,.F.);
#3236=ORIENTED_EDGE('',*,*,#5396,.T.);
#3237=ORIENTED_EDGE('',*,*,#4901,.T.);
#3238=ORIENTED_EDGE('',*,*,#5395,.T.);
#3239=ORIENTED_EDGE('',*,*,#5373,.T.);
#3240=ORIENTED_EDGE('',*,*,#5397,.T.);
#3241=ORIENTED_EDGE('',*,*,#5398,.F.);
#3242=ORIENTED_EDGE('',*,*,#5357,.F.);
#3243=ORIENTED_EDGE('',*,*,#5354,.F.);
#3244=ORIENTED_EDGE('',*,*,#5399,.T.);
#3245=ORIENTED_EDGE('',*,*,#4902,.F.);
#3246=ORIENTED_EDGE('',*,*,#5396,.F.);
#3247=ORIENTED_EDGE('',*,*,#5372,.T.);
#3248=ORIENTED_EDGE('',*,*,#5400,.T.);
#3249=ORIENTED_EDGE('',*,*,#5358,.T.);
#3250=ORIENTED_EDGE('',*,*,#5398,.T.);
#3251=ORIENTED_EDGE('',*,*,#5401,.T.);
#3252=ORIENTED_EDGE('',*,*,#5402,.T.);
#3253=ORIENTED_EDGE('',*,*,#4903,.F.);
#3254=ORIENTED_EDGE('',*,*,#5399,.F.);
#3255=ORIENTED_EDGE('',*,*,#5371,.T.);
#3256=ORIENTED_EDGE('',*,*,#5359,.F.);
#3257=ORIENTED_EDGE('',*,*,#5400,.F.);
#3258=ORIENTED_EDGE('',*,*,#5403,.T.);
#3259=ORIENTED_EDGE('',*,*,#5404,.F.);
#3260=ORIENTED_EDGE('',*,*,#5405,.T.);
#3261=ORIENTED_EDGE('',*,*,#5360,.T.);
#3262=ORIENTED_EDGE('',*,*,#5404,.T.);
#3263=ORIENTED_EDGE('',*,*,#5406,.T.);
#3264=ORIENTED_EDGE('',*,*,#5370,.F.);
#3265=ORIENTED_EDGE('',*,*,#5407,.F.);
#3266=ORIENTED_EDGE('',*,*,#5408,.T.);
#3267=ORIENTED_EDGE('',*,*,#5350,.F.);
#3268=ORIENTED_EDGE('',*,*,#5409,.T.);
#3269=ORIENTED_EDGE('',*,*,#5362,.F.);
#3270=ORIENTED_EDGE('',*,*,#5410,.F.);
#3271=ORIENTED_EDGE('',*,*,#5411,.T.);
#3272=ORIENTED_EDGE('',*,*,#5410,.T.);
#3273=ORIENTED_EDGE('',*,*,#5361,.F.);
#3274=ORIENTED_EDGE('',*,*,#5405,.F.);
#3275=ORIENTED_EDGE('',*,*,#5412,.T.);
#3276=ORIENTED_EDGE('',*,*,#5390,.T.);
#3277=ORIENTED_EDGE('',*,*,#5413,.F.);
#3278=ORIENTED_EDGE('',*,*,#4904,.F.);
#3279=ORIENTED_EDGE('',*,*,#5402,.F.);
#3280=ORIENTED_EDGE('',*,*,#5414,.T.);
#3281=ORIENTED_EDGE('',*,*,#4905,.T.);
#3282=ORIENTED_EDGE('',*,*,#5413,.T.);
#3283=ORIENTED_EDGE('',*,*,#5389,.T.);
#3284=ORIENTED_EDGE('',*,*,#4906,.F.);
#3285=ORIENTED_EDGE('',*,*,#5414,.F.);
#3286=ORIENTED_EDGE('',*,*,#5388,.T.);
#3287=ORIENTED_EDGE('',*,*,#5415,.F.);
#3288=ORIENTED_EDGE('',*,*,#5416,.T.);
#3289=ORIENTED_EDGE('',*,*,#4907,.T.);
#3290=ORIENTED_EDGE('',*,*,#5415,.T.);
#3291=ORIENTED_EDGE('',*,*,#5387,.T.);
#3292=ORIENTED_EDGE('',*,*,#5417,.T.);
#3293=ORIENTED_EDGE('',*,*,#5418,.F.);
#3294=ORIENTED_EDGE('',*,*,#5363,.F.);
#3295=ORIENTED_EDGE('',*,*,#5409,.F.);
#3296=ORIENTED_EDGE('',*,*,#5419,.T.);
#3297=ORIENTED_EDGE('',*,*,#4908,.F.);
#3298=ORIENTED_EDGE('',*,*,#5416,.F.);
#3299=ORIENTED_EDGE('',*,*,#5386,.T.);
#3300=ORIENTED_EDGE('',*,*,#5420,.T.);
#3301=ORIENTED_EDGE('',*,*,#5364,.T.);
#3302=ORIENTED_EDGE('',*,*,#5418,.T.);
#3303=ORIENTED_EDGE('',*,*,#5421,.T.);
#3304=ORIENTED_EDGE('',*,*,#5422,.T.);
#3305=ORIENTED_EDGE('',*,*,#4909,.F.);
#3306=ORIENTED_EDGE('',*,*,#5419,.F.);
#3307=ORIENTED_EDGE('',*,*,#5385,.T.);
#3308=ORIENTED_EDGE('',*,*,#5365,.F.);
#3309=ORIENTED_EDGE('',*,*,#5420,.F.);
#3310=ORIENTED_EDGE('',*,*,#5423,.T.);
#3311=ORIENTED_EDGE('',*,*,#5424,.F.);
#3312=ORIENTED_EDGE('',*,*,#5425,.T.);
#3313=ORIENTED_EDGE('',*,*,#5366,.T.);
#3314=ORIENTED_EDGE('',*,*,#5424,.T.);
#3315=ORIENTED_EDGE('',*,*,#5426,.T.);
#3316=ORIENTED_EDGE('',*,*,#5427,.T.);
#3317=ORIENTED_EDGE('',*,*,#5368,.F.);
#3318=ORIENTED_EDGE('',*,*,#5428,.F.);
#3319=ORIENTED_EDGE('',*,*,#5429,.T.);
#3320=ORIENTED_EDGE('',*,*,#5428,.T.);
#3321=ORIENTED_EDGE('',*,*,#5367,.F.);
#3322=ORIENTED_EDGE('',*,*,#5425,.F.);
#3323=ORIENTED_EDGE('',*,*,#5430,.T.);
#3324=ORIENTED_EDGE('',*,*,#5384,.T.);
#3325=ORIENTED_EDGE('',*,*,#5431,.F.);
#3326=ORIENTED_EDGE('',*,*,#4910,.F.);
#3327=ORIENTED_EDGE('',*,*,#5422,.F.);
#3328=ORIENTED_EDGE('',*,*,#5432,.T.);
#3329=ORIENTED_EDGE('',*,*,#4911,.T.);
#3330=ORIENTED_EDGE('',*,*,#5431,.T.);
#3331=ORIENTED_EDGE('',*,*,#5383,.T.);
#3332=ORIENTED_EDGE('',*,*,#4912,.F.);
#3333=ORIENTED_EDGE('',*,*,#5432,.F.);
#3334=ORIENTED_EDGE('',*,*,#5382,.T.);
#3335=ORIENTED_EDGE('',*,*,#5433,.F.);
#3336=ORIENTED_EDGE('',*,*,#5434,.T.);
#3337=ORIENTED_EDGE('',*,*,#4913,.T.);
#3338=ORIENTED_EDGE('',*,*,#5433,.T.);
#3339=ORIENTED_EDGE('',*,*,#5381,.T.);
#3340=ORIENTED_EDGE('',*,*,#5435,.T.);
#3341=ORIENTED_EDGE('',*,*,#5407,.T.);
#3342=ORIENTED_EDGE('',*,*,#5369,.F.);
#3343=ORIENTED_EDGE('',*,*,#5427,.F.);
#3344=ORIENTED_EDGE('',*,*,#4914,.F.);
#3345=ORIENTED_EDGE('',*,*,#5434,.F.);
#3346=ORIENTED_EDGE('',*,*,#5380,.T.);
#3347=ORIENTED_EDGE('',*,*,#5436,.F.);
#3348=ORIENTED_EDGE('',*,*,#5437,.T.);
#3349=ORIENTED_EDGE('',*,*,#4915,.T.);
#3350=ORIENTED_EDGE('',*,*,#5436,.T.);
#3351=ORIENTED_EDGE('',*,*,#5379,.T.);
#3352=ORIENTED_EDGE('',*,*,#4916,.F.);
#3353=ORIENTED_EDGE('',*,*,#5437,.F.);
#3354=ORIENTED_EDGE('',*,*,#5378,.T.);
#3355=ORIENTED_EDGE('',*,*,#5394,.F.);
#3356=ORIENTED_EDGE('',*,*,#5430,.F.);
#3357=ORIENTED_EDGE('',*,*,#5426,.F.);
#3358=ORIENTED_EDGE('',*,*,#5423,.F.);
#3359=ORIENTED_EDGE('',*,*,#5421,.F.);
#3360=ORIENTED_EDGE('',*,*,#5417,.F.);
#3361=ORIENTED_EDGE('',*,*,#5411,.F.);
#3362=ORIENTED_EDGE('',*,*,#5412,.F.);
#3363=ORIENTED_EDGE('',*,*,#5406,.F.);
#3364=ORIENTED_EDGE('',*,*,#5403,.F.);
#3365=ORIENTED_EDGE('',*,*,#5401,.F.);
#3366=ORIENTED_EDGE('',*,*,#5397,.F.);
#3367=ORIENTED_EDGE('',*,*,#5356,.F.);
#3368=ORIENTED_EDGE('',*,*,#5351,.F.);
#3369=ORIENTED_EDGE('',*,*,#5408,.F.);
#3370=ORIENTED_EDGE('',*,*,#5435,.F.);
#3371=ORIENTED_EDGE('',*,*,#5429,.F.);
#3372=ORIENTED_EDGE('',*,*,#5438,.T.);
#3373=ORIENTED_EDGE('',*,*,#5439,.T.);
#3374=ORIENTED_EDGE('',*,*,#5440,.F.);
#3375=ORIENTED_EDGE('',*,*,#5441,.T.);
#3376=ORIENTED_EDGE('',*,*,#5442,.F.);
#3377=ORIENTED_EDGE('',*,*,#5443,.T.);
#3378=ORIENTED_EDGE('',*,*,#5444,.T.);
#3379=ORIENTED_EDGE('',*,*,#5445,.T.);
#3380=ORIENTED_EDGE('',*,*,#5446,.T.);
#3381=ORIENTED_EDGE('',*,*,#5447,.T.);
#3382=ORIENTED_EDGE('',*,*,#5448,.F.);
#3383=ORIENTED_EDGE('',*,*,#5449,.F.);
#3384=ORIENTED_EDGE('',*,*,#5450,.F.);
#3385=ORIENTED_EDGE('',*,*,#5451,.F.);
#3386=ORIENTED_EDGE('',*,*,#5452,.F.);
#3387=ORIENTED_EDGE('',*,*,#5453,.F.);
#3388=ORIENTED_EDGE('',*,*,#5454,.F.);
#3389=ORIENTED_EDGE('',*,*,#5455,.F.);
#3390=ORIENTED_EDGE('',*,*,#5456,.F.);
#3391=ORIENTED_EDGE('',*,*,#5457,.F.);
#3392=ORIENTED_EDGE('',*,*,#5451,.T.);
#3393=ORIENTED_EDGE('',*,*,#5458,.F.);
#3394=ORIENTED_EDGE('',*,*,#5444,.F.);
#3395=ORIENTED_EDGE('',*,*,#5459,.F.);
#3396=ORIENTED_EDGE('',*,*,#5150,.T.);
#3397=ORIENTED_EDGE('',*,*,#5460,.F.);
#3398=ORIENTED_EDGE('',*,*,#5461,.F.);
#3399=ORIENTED_EDGE('',*,*,#5458,.T.);
#3400=ORIENTED_EDGE('',*,*,#5450,.T.);
#3401=ORIENTED_EDGE('',*,*,#5462,.F.);
#3402=ORIENTED_EDGE('',*,*,#5445,.F.);
#3403=ORIENTED_EDGE('',*,*,#5460,.T.);
#3404=ORIENTED_EDGE('',*,*,#5159,.T.);
#3405=ORIENTED_EDGE('',*,*,#5463,.F.);
#3406=ORIENTED_EDGE('',*,*,#5464,.F.);
#3407=ORIENTED_EDGE('',*,*,#5462,.T.);
#3408=ORIENTED_EDGE('',*,*,#5449,.T.);
#3409=ORIENTED_EDGE('',*,*,#5465,.F.);
#3410=ORIENTED_EDGE('',*,*,#5446,.F.);
#3411=ORIENTED_EDGE('',*,*,#5463,.T.);
#3412=ORIENTED_EDGE('',*,*,#5158,.T.);
#3413=ORIENTED_EDGE('',*,*,#5466,.F.);
#3414=ORIENTED_EDGE('',*,*,#5467,.F.);
#3415=ORIENTED_EDGE('',*,*,#5465,.T.);
#3416=ORIENTED_EDGE('',*,*,#5448,.T.);
#3417=ORIENTED_EDGE('',*,*,#5468,.F.);
#3418=ORIENTED_EDGE('',*,*,#5447,.F.);
#3419=ORIENTED_EDGE('',*,*,#5466,.T.);
#3420=ORIENTED_EDGE('',*,*,#5157,.T.);
#3421=ORIENTED_EDGE('',*,*,#5469,.F.);
#3422=ORIENTED_EDGE('',*,*,#5470,.F.);
#3423=ORIENTED_EDGE('',*,*,#5468,.T.);
#3424=ORIENTED_EDGE('',*,*,#5455,.T.);
#3425=ORIENTED_EDGE('',*,*,#5471,.F.);
#3426=ORIENTED_EDGE('',*,*,#5438,.F.);
#3427=ORIENTED_EDGE('',*,*,#5469,.T.);
#3428=ORIENTED_EDGE('',*,*,#5156,.T.);
#3429=ORIENTED_EDGE('',*,*,#5472,.F.);
#3430=ORIENTED_EDGE('',*,*,#5473,.T.);
#3431=ORIENTED_EDGE('',*,*,#5474,.F.);
#3432=ORIENTED_EDGE('',*,*,#5471,.T.);
#3433=ORIENTED_EDGE('',*,*,#5454,.T.);
#3434=ORIENTED_EDGE('',*,*,#5439,.F.);
#3435=ORIENTED_EDGE('',*,*,#5472,.T.);
#3436=ORIENTED_EDGE('',*,*,#5155,.T.);
#3437=ORIENTED_EDGE('',*,*,#5475,.F.);
#3438=ORIENTED_EDGE('',*,*,#5476,.T.);
#3439=ORIENTED_EDGE('',*,*,#5440,.T.);
#3440=ORIENTED_EDGE('',*,*,#5475,.T.);
#3441=ORIENTED_EDGE('',*,*,#5154,.T.);
#3442=ORIENTED_EDGE('',*,*,#5453,.T.);
#3443=ORIENTED_EDGE('',*,*,#5477,.T.);
#3444=ORIENTED_EDGE('',*,*,#5478,.F.);
#3445=ORIENTED_EDGE('',*,*,#5473,.F.);
#3446=ORIENTED_EDGE('',*,*,#5441,.F.);
#3447=ORIENTED_EDGE('',*,*,#5476,.F.);
#3448=ORIENTED_EDGE('',*,*,#5153,.T.);
#3449=ORIENTED_EDGE('',*,*,#5479,.F.);
#3450=ORIENTED_EDGE('',*,*,#5480,.T.);
#3451=ORIENTED_EDGE('',*,*,#5442,.T.);
#3452=ORIENTED_EDGE('',*,*,#5479,.T.);
#3453=ORIENTED_EDGE('',*,*,#5152,.T.);
#3454=ORIENTED_EDGE('',*,*,#5452,.T.);
#3455=ORIENTED_EDGE('',*,*,#5457,.T.);
#3456=ORIENTED_EDGE('',*,*,#5481,.F.);
#3457=ORIENTED_EDGE('',*,*,#5477,.F.);
#3458=ORIENTED_EDGE('',*,*,#5443,.F.);
#3459=ORIENTED_EDGE('',*,*,#5480,.F.);
#3460=ORIENTED_EDGE('',*,*,#5151,.T.);
#3461=ORIENTED_EDGE('',*,*,#5459,.T.);
#3462=ORIENTED_EDGE('',*,*,#5481,.T.);
#3463=ORIENTED_EDGE('',*,*,#5456,.T.);
#3464=ORIENTED_EDGE('',*,*,#5461,.T.);
#3465=ORIENTED_EDGE('',*,*,#5464,.T.);
#3466=ORIENTED_EDGE('',*,*,#5467,.T.);
#3467=ORIENTED_EDGE('',*,*,#5470,.T.);
#3468=ORIENTED_EDGE('',*,*,#5474,.T.);
#3469=ORIENTED_EDGE('',*,*,#5478,.T.);
#3470=ORIENTED_EDGE('',*,*,#5482,.T.);
#3471=ORIENTED_EDGE('',*,*,#5483,.F.);
#3472=ORIENTED_EDGE('',*,*,#5484,.T.);
#3473=ORIENTED_EDGE('',*,*,#5485,.T.);
#3474=ORIENTED_EDGE('',*,*,#5483,.T.);
#3475=ORIENTED_EDGE('',*,*,#5486,.T.);
#3476=ORIENTED_EDGE('',*,*,#5487,.T.);
#3477=ORIENTED_EDGE('',*,*,#5488,.T.);
#3478=ORIENTED_EDGE('',*,*,#5489,.F.);
#3479=ORIENTED_EDGE('',*,*,#5490,.T.);
#3480=ORIENTED_EDGE('',*,*,#5491,.F.);
#3481=ORIENTED_EDGE('',*,*,#5492,.T.);
#3482=ORIENTED_EDGE('',*,*,#5493,.T.);
#3483=ORIENTED_EDGE('',*,*,#5494,.T.);
#3484=ORIENTED_EDGE('',*,*,#5495,.F.);
#3485=ORIENTED_EDGE('',*,*,#5496,.F.);
#3486=ORIENTED_EDGE('',*,*,#5497,.F.);
#3487=ORIENTED_EDGE('',*,*,#5498,.F.);
#3488=ORIENTED_EDGE('',*,*,#5499,.F.);
#3489=ORIENTED_EDGE('',*,*,#5500,.F.);
#3490=ORIENTED_EDGE('',*,*,#5501,.F.);
#3491=ORIENTED_EDGE('',*,*,#5502,.F.);
#3492=ORIENTED_EDGE('',*,*,#5503,.F.);
#3493=ORIENTED_EDGE('',*,*,#5504,.F.);
#3494=ORIENTED_EDGE('',*,*,#5505,.F.);
#3495=ORIENTED_EDGE('',*,*,#5506,.F.);
#3496=ORIENTED_EDGE('',*,*,#5507,.F.);
#3497=ORIENTED_EDGE('',*,*,#5508,.F.);
#3498=ORIENTED_EDGE('',*,*,#4918,.F.);
#3499=ORIENTED_EDGE('',*,*,#5509,.F.);
#3500=ORIENTED_EDGE('',*,*,#5495,.T.);
#3501=ORIENTED_EDGE('',*,*,#5510,.F.);
#3502=ORIENTED_EDGE('',*,*,#5511,.T.);
#3503=ORIENTED_EDGE('',*,*,#4919,.T.);
#3504=ORIENTED_EDGE('',*,*,#5510,.T.);
#3505=ORIENTED_EDGE('',*,*,#5508,.T.);
#3506=ORIENTED_EDGE('',*,*,#5512,.T.);
#3507=ORIENTED_EDGE('',*,*,#5496,.T.);
#3508=ORIENTED_EDGE('',*,*,#5509,.T.);
#3509=ORIENTED_EDGE('',*,*,#4917,.T.);
#3510=ORIENTED_EDGE('',*,*,#5513,.T.);
#3511=ORIENTED_EDGE('',*,*,#5514,.T.);
#3512=ORIENTED_EDGE('',*,*,#5486,.F.);
#3513=ORIENTED_EDGE('',*,*,#5482,.F.);
#3514=ORIENTED_EDGE('',*,*,#5494,.F.);
#3515=ORIENTED_EDGE('',*,*,#5515,.F.);
#3516=ORIENTED_EDGE('',*,*,#5516,.T.);
#3517=ORIENTED_EDGE('',*,*,#5484,.F.);
#3518=ORIENTED_EDGE('',*,*,#5489,.T.);
#3519=ORIENTED_EDGE('',*,*,#5517,.T.);
#3520=ORIENTED_EDGE('',*,*,#5518,.T.);
#3521=ORIENTED_EDGE('',*,*,#5519,.F.);
#3522=ORIENTED_EDGE('',*,*,#5520,.T.);
#3523=ORIENTED_EDGE('',*,*,#5487,.F.);
#3524=ORIENTED_EDGE('',*,*,#5514,.F.);
#3525=ORIENTED_EDGE('',*,*,#5521,.T.);
#3526=ORIENTED_EDGE('',*,*,#4920,.F.);
#3527=ORIENTED_EDGE('',*,*,#5511,.F.);
#3528=ORIENTED_EDGE('',*,*,#5507,.T.);
#3529=ORIENTED_EDGE('',*,*,#5522,.F.);
#3530=ORIENTED_EDGE('',*,*,#5523,.T.);
#3531=ORIENTED_EDGE('',*,*,#4921,.T.);
#3532=ORIENTED_EDGE('',*,*,#5522,.T.);
#3533=ORIENTED_EDGE('',*,*,#5506,.T.);
#3534=ORIENTED_EDGE('',*,*,#4922,.F.);
#3535=ORIENTED_EDGE('',*,*,#5523,.F.);
#3536=ORIENTED_EDGE('',*,*,#5505,.T.);
#3537=ORIENTED_EDGE('',*,*,#5524,.F.);
#3538=ORIENTED_EDGE('',*,*,#5525,.T.);
#3539=ORIENTED_EDGE('',*,*,#4923,.T.);
#3540=ORIENTED_EDGE('',*,*,#5524,.T.);
#3541=ORIENTED_EDGE('',*,*,#5504,.T.);
#3542=ORIENTED_EDGE('',*,*,#5526,.T.);
#3543=ORIENTED_EDGE('',*,*,#5517,.F.);
#3544=ORIENTED_EDGE('',*,*,#5488,.F.);
#3545=ORIENTED_EDGE('',*,*,#5520,.F.);
#3546=ORIENTED_EDGE('',*,*,#5527,.T.);
#3547=ORIENTED_EDGE('',*,*,#4924,.F.);
#3548=ORIENTED_EDGE('',*,*,#5525,.F.);
#3549=ORIENTED_EDGE('',*,*,#5503,.T.);
#3550=ORIENTED_EDGE('',*,*,#5528,.T.);
#3551=ORIENTED_EDGE('',*,*,#5492,.F.);
#3552=ORIENTED_EDGE('',*,*,#5529,.F.);
#3553=ORIENTED_EDGE('',*,*,#5530,.T.);
#3554=ORIENTED_EDGE('',*,*,#5502,.T.);
#3555=ORIENTED_EDGE('',*,*,#5531,.T.);
#3556=ORIENTED_EDGE('',*,*,#4925,.F.);
#3557=ORIENTED_EDGE('',*,*,#5527,.F.);
#3558=ORIENTED_EDGE('',*,*,#5519,.T.);
#3559=ORIENTED_EDGE('',*,*,#5532,.T.);
#3560=ORIENTED_EDGE('',*,*,#5533,.F.);
#3561=ORIENTED_EDGE('',*,*,#5490,.F.);
#3562=ORIENTED_EDGE('',*,*,#5529,.T.);
#3563=ORIENTED_EDGE('',*,*,#5491,.T.);
#3564=ORIENTED_EDGE('',*,*,#5533,.T.);
#3565=ORIENTED_EDGE('',*,*,#5534,.T.);
#3566=ORIENTED_EDGE('',*,*,#5501,.T.);
#3567=ORIENTED_EDGE('',*,*,#5535,.F.);
#3568=ORIENTED_EDGE('',*,*,#4926,.F.);
#3569=ORIENTED_EDGE('',*,*,#5531,.F.);
#3570=ORIENTED_EDGE('',*,*,#5536,.T.);
#3571=ORIENTED_EDGE('',*,*,#4927,.T.);
#3572=ORIENTED_EDGE('',*,*,#5535,.T.);
#3573=ORIENTED_EDGE('',*,*,#5500,.T.);
#3574=ORIENTED_EDGE('',*,*,#5537,.T.);
#3575=ORIENTED_EDGE('',*,*,#5515,.T.);
#3576=ORIENTED_EDGE('',*,*,#5493,.F.);
#3577=ORIENTED_EDGE('',*,*,#5528,.F.);
#3578=ORIENTED_EDGE('',*,*,#4928,.F.);
#3579=ORIENTED_EDGE('',*,*,#5536,.F.);
#3580=ORIENTED_EDGE('',*,*,#5499,.T.);
#3581=ORIENTED_EDGE('',*,*,#5538,.F.);
#3582=ORIENTED_EDGE('',*,*,#5539,.T.);
#3583=ORIENTED_EDGE('',*,*,#4929,.T.);
#3584=ORIENTED_EDGE('',*,*,#5538,.T.);
#3585=ORIENTED_EDGE('',*,*,#5498,.T.);
#3586=ORIENTED_EDGE('',*,*,#4930,.F.);
#3587=ORIENTED_EDGE('',*,*,#5539,.F.);
#3588=ORIENTED_EDGE('',*,*,#5497,.T.);
#3589=ORIENTED_EDGE('',*,*,#5512,.F.);
#3590=ORIENTED_EDGE('',*,*,#5532,.F.);
#3591=ORIENTED_EDGE('',*,*,#5518,.F.);
#3592=ORIENTED_EDGE('',*,*,#5526,.F.);
#3593=ORIENTED_EDGE('',*,*,#5521,.F.);
#3594=ORIENTED_EDGE('',*,*,#5513,.F.);
#3595=ORIENTED_EDGE('',*,*,#5485,.F.);
#3596=ORIENTED_EDGE('',*,*,#5516,.F.);
#3597=ORIENTED_EDGE('',*,*,#5537,.F.);
#3598=ORIENTED_EDGE('',*,*,#5530,.F.);
#3599=ORIENTED_EDGE('',*,*,#5534,.F.);
#3600=ORIENTED_EDGE('',*,*,#5540,.F.);
#3601=ORIENTED_EDGE('',*,*,#5541,.F.);
#3602=ORIENTED_EDGE('',*,*,#5542,.F.);
#3603=ORIENTED_EDGE('',*,*,#5543,.F.);
#3604=ORIENTED_EDGE('',*,*,#5544,.F.);
#3605=ORIENTED_EDGE('',*,*,#5545,.F.);
#3606=ORIENTED_EDGE('',*,*,#5546,.F.);
#3607=ORIENTED_EDGE('',*,*,#5547,.F.);
#3608=ORIENTED_EDGE('',*,*,#5548,.T.);
#3609=ORIENTED_EDGE('',*,*,#5549,.T.);
#3610=ORIENTED_EDGE('',*,*,#5550,.F.);
#3611=ORIENTED_EDGE('',*,*,#5551,.F.);
#3612=ORIENTED_EDGE('',*,*,#5552,.T.);
#3613=ORIENTED_EDGE('',*,*,#5553,.T.);
#3614=ORIENTED_EDGE('',*,*,#5554,.T.);
#3615=ORIENTED_EDGE('',*,*,#5555,.T.);
#3616=ORIENTED_EDGE('',*,*,#5551,.T.);
#3617=ORIENTED_EDGE('',*,*,#5556,.T.);
#3618=ORIENTED_EDGE('',*,*,#5557,.T.);
#3619=ORIENTED_EDGE('',*,*,#5558,.T.);
#3620=ORIENTED_EDGE('',*,*,#5559,.F.);
#3621=ORIENTED_EDGE('',*,*,#5560,.F.);
#3622=ORIENTED_EDGE('',*,*,#5561,.F.);
#3623=ORIENTED_EDGE('',*,*,#5562,.F.);
#3624=ORIENTED_EDGE('',*,*,#5563,.F.);
#3625=ORIENTED_EDGE('',*,*,#5564,.F.);
#3626=ORIENTED_EDGE('',*,*,#5565,.F.);
#3627=ORIENTED_EDGE('',*,*,#5566,.F.);
#3628=ORIENTED_EDGE('',*,*,#5567,.F.);
#3629=ORIENTED_EDGE('',*,*,#5568,.F.);
#3630=ORIENTED_EDGE('',*,*,#4803,.F.);
#3631=ORIENTED_EDGE('',*,*,#5569,.F.);
#3632=ORIENTED_EDGE('',*,*,#5562,.T.);
#3633=ORIENTED_EDGE('',*,*,#5570,.F.);
#3634=ORIENTED_EDGE('',*,*,#5571,.T.);
#3635=ORIENTED_EDGE('',*,*,#5563,.T.);
#3636=ORIENTED_EDGE('',*,*,#5569,.T.);
#3637=ORIENTED_EDGE('',*,*,#4802,.T.);
#3638=ORIENTED_EDGE('',*,*,#4804,.F.);
#3639=ORIENTED_EDGE('',*,*,#5570,.T.);
#3640=ORIENTED_EDGE('',*,*,#5561,.T.);
#3641=ORIENTED_EDGE('',*,*,#5572,.F.);
#3642=ORIENTED_EDGE('',*,*,#5556,.F.);
#3643=ORIENTED_EDGE('',*,*,#5550,.T.);
#3644=ORIENTED_EDGE('',*,*,#5573,.T.);
#3645=ORIENTED_EDGE('',*,*,#5574,.F.);
#3646=ORIENTED_EDGE('',*,*,#4805,.F.);
#3647=ORIENTED_EDGE('',*,*,#5572,.T.);
#3648=ORIENTED_EDGE('',*,*,#5560,.T.);
#3649=ORIENTED_EDGE('',*,*,#5575,.F.);
#3650=ORIENTED_EDGE('',*,*,#5557,.F.);
#3651=ORIENTED_EDGE('',*,*,#5574,.T.);
#3652=ORIENTED_EDGE('',*,*,#5576,.T.);
#3653=ORIENTED_EDGE('',*,*,#5577,.F.);
#3654=ORIENTED_EDGE('',*,*,#4806,.F.);
#3655=ORIENTED_EDGE('',*,*,#5575,.T.);
#3656=ORIENTED_EDGE('',*,*,#5559,.T.);
#3657=ORIENTED_EDGE('',*,*,#5578,.F.);
#3658=ORIENTED_EDGE('',*,*,#5558,.F.);
#3659=ORIENTED_EDGE('',*,*,#5577,.T.);
#3660=ORIENTED_EDGE('',*,*,#5579,.T.);
#3661=ORIENTED_EDGE('',*,*,#5580,.F.);
#3662=ORIENTED_EDGE('',*,*,#5555,.F.);
#3663=ORIENTED_EDGE('',*,*,#5581,.F.);
#3664=ORIENTED_EDGE('',*,*,#5582,.T.);
#3665=ORIENTED_EDGE('',*,*,#5548,.F.);
#3666=ORIENTED_EDGE('',*,*,#4807,.F.);
#3667=ORIENTED_EDGE('',*,*,#5578,.T.);
#3668=ORIENTED_EDGE('',*,*,#5568,.T.);
#3669=ORIENTED_EDGE('',*,*,#5583,.F.);
#3670=ORIENTED_EDGE('',*,*,#5552,.F.);
#3671=ORIENTED_EDGE('',*,*,#5580,.T.);
#3672=ORIENTED_EDGE('',*,*,#5584,.T.);
#3673=ORIENTED_EDGE('',*,*,#5585,.F.);
#3674=ORIENTED_EDGE('',*,*,#4808,.F.);
#3675=ORIENTED_EDGE('',*,*,#5583,.T.);
#3676=ORIENTED_EDGE('',*,*,#5567,.T.);
#3677=ORIENTED_EDGE('',*,*,#5586,.F.);
#3678=ORIENTED_EDGE('',*,*,#5553,.F.);
#3679=ORIENTED_EDGE('',*,*,#5585,.T.);
#3680=ORIENTED_EDGE('',*,*,#5587,.T.);
#3681=ORIENTED_EDGE('',*,*,#5588,.F.);
#3682=ORIENTED_EDGE('',*,*,#5581,.T.);
#3683=ORIENTED_EDGE('',*,*,#5554,.F.);
#3684=ORIENTED_EDGE('',*,*,#5588,.T.);
#3685=ORIENTED_EDGE('',*,*,#5589,.T.);
#3686=ORIENTED_EDGE('',*,*,#4809,.F.);
#3687=ORIENTED_EDGE('',*,*,#5586,.T.);
#3688=ORIENTED_EDGE('',*,*,#5566,.T.);
#3689=ORIENTED_EDGE('',*,*,#5590,.F.);
#3690=ORIENTED_EDGE('',*,*,#5591,.T.);
#3691=ORIENTED_EDGE('',*,*,#4810,.T.);
#3692=ORIENTED_EDGE('',*,*,#5590,.T.);
#3693=ORIENTED_EDGE('',*,*,#5565,.T.);
#3694=ORIENTED_EDGE('',*,*,#4811,.F.);
#3695=ORIENTED_EDGE('',*,*,#5591,.F.);
#3696=ORIENTED_EDGE('',*,*,#5564,.T.);
#3697=ORIENTED_EDGE('',*,*,#5571,.F.);
#3698=ORIENTED_EDGE('',*,*,#5592,.F.);
#3699=ORIENTED_EDGE('',*,*,#5593,.F.);
#3700=ORIENTED_EDGE('',*,*,#5594,.F.);
#3701=ORIENTED_EDGE('',*,*,#5595,.F.);
#3702=ORIENTED_EDGE('',*,*,#5596,.T.);
#3703=ORIENTED_EDGE('',*,*,#5597,.F.);
#3704=ORIENTED_EDGE('',*,*,#5598,.T.);
#3705=ORIENTED_EDGE('',*,*,#5599,.F.);
#3706=ORIENTED_EDGE('',*,*,#5600,.T.);
#3707=ORIENTED_EDGE('',*,*,#5601,.F.);
#3708=ORIENTED_EDGE('',*,*,#5602,.T.);
#3709=ORIENTED_EDGE('',*,*,#5603,.T.);
#3710=ORIENTED_EDGE('',*,*,#5604,.F.);
#3711=ORIENTED_EDGE('',*,*,#5605,.T.);
#3712=ORIENTED_EDGE('',*,*,#5594,.T.);
#3713=ORIENTED_EDGE('',*,*,#5600,.F.);
#3714=ORIENTED_EDGE('',*,*,#5606,.F.);
#3715=ORIENTED_EDGE('',*,*,#5540,.T.);
#3716=ORIENTED_EDGE('',*,*,#5607,.F.);
#3717=ORIENTED_EDGE('',*,*,#5608,.T.);
#3718=ORIENTED_EDGE('',*,*,#5601,.T.);
#3719=ORIENTED_EDGE('',*,*,#5607,.T.);
#3720=ORIENTED_EDGE('',*,*,#5547,.T.);
#3721=ORIENTED_EDGE('',*,*,#5609,.T.);
#3722=ORIENTED_EDGE('',*,*,#5541,.T.);
#3723=ORIENTED_EDGE('',*,*,#5606,.T.);
#3724=ORIENTED_EDGE('',*,*,#5599,.T.);
#3725=ORIENTED_EDGE('',*,*,#5602,.F.);
#3726=ORIENTED_EDGE('',*,*,#5608,.F.);
#3727=ORIENTED_EDGE('',*,*,#5546,.T.);
#3728=ORIENTED_EDGE('',*,*,#5610,.F.);
#3729=ORIENTED_EDGE('',*,*,#5611,.T.);
#3730=ORIENTED_EDGE('',*,*,#5595,.T.);
#3731=ORIENTED_EDGE('',*,*,#5610,.T.);
#3732=ORIENTED_EDGE('',*,*,#5545,.T.);
#3733=ORIENTED_EDGE('',*,*,#5593,.T.);
#3734=ORIENTED_EDGE('',*,*,#5612,.T.);
#3735=ORIENTED_EDGE('',*,*,#5613,.F.);
#3736=ORIENTED_EDGE('',*,*,#5603,.F.);
#3737=ORIENTED_EDGE('',*,*,#5596,.F.);
#3738=ORIENTED_EDGE('',*,*,#5611,.F.);
#3739=ORIENTED_EDGE('',*,*,#5544,.T.);
#3740=ORIENTED_EDGE('',*,*,#5614,.F.);
#3741=ORIENTED_EDGE('',*,*,#5615,.T.);
#3742=ORIENTED_EDGE('',*,*,#5597,.T.);
#3743=ORIENTED_EDGE('',*,*,#5614,.T.);
#3744=ORIENTED_EDGE('',*,*,#5543,.T.);
#3745=ORIENTED_EDGE('',*,*,#5616,.F.);
#3746=ORIENTED_EDGE('',*,*,#5612,.F.);
#3747=ORIENTED_EDGE('',*,*,#5592,.T.);
#3748=ORIENTED_EDGE('',*,*,#5605,.F.);
#3749=ORIENTED_EDGE('',*,*,#5598,.F.);
#3750=ORIENTED_EDGE('',*,*,#5615,.F.);
#3751=ORIENTED_EDGE('',*,*,#5542,.T.);
#3752=ORIENTED_EDGE('',*,*,#5609,.F.);
#3753=ORIENTED_EDGE('',*,*,#5616,.T.);
#3754=ORIENTED_EDGE('',*,*,#5604,.T.);
#3755=ORIENTED_EDGE('',*,*,#5613,.T.);
#3756=ORIENTED_EDGE('',*,*,#5617,.T.);
#3757=ORIENTED_EDGE('',*,*,#5618,.T.);
#3758=ORIENTED_EDGE('',*,*,#5619,.T.);
#3759=ORIENTED_EDGE('',*,*,#5620,.T.);
#3760=ORIENTED_EDGE('',*,*,#5621,.T.);
#3761=ORIENTED_EDGE('',*,*,#5622,.T.);
#3762=ORIENTED_EDGE('',*,*,#5623,.T.);
#3763=ORIENTED_EDGE('',*,*,#5624,.T.);
#3764=ORIENTED_EDGE('',*,*,#5625,.T.);
#3765=ORIENTED_EDGE('',*,*,#5626,.T.);
#3766=ORIENTED_EDGE('',*,*,#5627,.F.);
#3767=ORIENTED_EDGE('',*,*,#5628,.F.);
#3768=ORIENTED_EDGE('',*,*,#5629,.F.);
#3769=ORIENTED_EDGE('',*,*,#5630,.F.);
#3770=ORIENTED_EDGE('',*,*,#5631,.F.);
#3771=ORIENTED_EDGE('',*,*,#5632,.F.);
#3772=ORIENTED_EDGE('',*,*,#5633,.F.);
#3773=ORIENTED_EDGE('',*,*,#5634,.F.);
#3774=ORIENTED_EDGE('',*,*,#5635,.F.);
#3775=ORIENTED_EDGE('',*,*,#5636,.F.);
#3776=ORIENTED_EDGE('',*,*,#4793,.F.);
#3777=ORIENTED_EDGE('',*,*,#5637,.F.);
#3778=ORIENTED_EDGE('',*,*,#5629,.T.);
#3779=ORIENTED_EDGE('',*,*,#5638,.F.);
#3780=ORIENTED_EDGE('',*,*,#5624,.F.);
#3781=ORIENTED_EDGE('',*,*,#5639,.F.);
#3782=ORIENTED_EDGE('',*,*,#5640,.T.);
#3783=ORIENTED_EDGE('',*,*,#5641,.F.);
#3784=ORIENTED_EDGE('',*,*,#4794,.F.);
#3785=ORIENTED_EDGE('',*,*,#5638,.T.);
#3786=ORIENTED_EDGE('',*,*,#5628,.T.);
#3787=ORIENTED_EDGE('',*,*,#5642,.F.);
#3788=ORIENTED_EDGE('',*,*,#5625,.F.);
#3789=ORIENTED_EDGE('',*,*,#5641,.T.);
#3790=ORIENTED_EDGE('',*,*,#5643,.T.);
#3791=ORIENTED_EDGE('',*,*,#5644,.F.);
#3792=ORIENTED_EDGE('',*,*,#4795,.F.);
#3793=ORIENTED_EDGE('',*,*,#5642,.T.);
#3794=ORIENTED_EDGE('',*,*,#5627,.T.);
#3795=ORIENTED_EDGE('',*,*,#5645,.F.);
#3796=ORIENTED_EDGE('',*,*,#5626,.F.);
#3797=ORIENTED_EDGE('',*,*,#5644,.T.);
#3798=ORIENTED_EDGE('',*,*,#5646,.T.);
#3799=ORIENTED_EDGE('',*,*,#5647,.F.);
#3800=ORIENTED_EDGE('',*,*,#4796,.F.);
#3801=ORIENTED_EDGE('',*,*,#5645,.T.);
#3802=ORIENTED_EDGE('',*,*,#5636,.T.);
#3803=ORIENTED_EDGE('',*,*,#5648,.F.);
#3804=ORIENTED_EDGE('',*,*,#5617,.F.);
#3805=ORIENTED_EDGE('',*,*,#5647,.T.);
#3806=ORIENTED_EDGE('',*,*,#5649,.T.);
#3807=ORIENTED_EDGE('',*,*,#5650,.F.);
#3808=ORIENTED_EDGE('',*,*,#4797,.F.);
#3809=ORIENTED_EDGE('',*,*,#5648,.T.);
#3810=ORIENTED_EDGE('',*,*,#5635,.T.);
#3811=ORIENTED_EDGE('',*,*,#5651,.F.);
#3812=ORIENTED_EDGE('',*,*,#5618,.F.);
#3813=ORIENTED_EDGE('',*,*,#5650,.T.);
#3814=ORIENTED_EDGE('',*,*,#5652,.T.);
#3815=ORIENTED_EDGE('',*,*,#5653,.F.);
#3816=ORIENTED_EDGE('',*,*,#4798,.F.);
#3817=ORIENTED_EDGE('',*,*,#5651,.T.);
#3818=ORIENTED_EDGE('',*,*,#5634,.T.);
#3819=ORIENTED_EDGE('',*,*,#5654,.F.);
#3820=ORIENTED_EDGE('',*,*,#5619,.F.);
#3821=ORIENTED_EDGE('',*,*,#5653,.T.);
#3822=ORIENTED_EDGE('',*,*,#5655,.T.);
#3823=ORIENTED_EDGE('',*,*,#5656,.F.);
#3824=ORIENTED_EDGE('',*,*,#4799,.F.);
#3825=ORIENTED_EDGE('',*,*,#5654,.T.);
#3826=ORIENTED_EDGE('',*,*,#5633,.T.);
#3827=ORIENTED_EDGE('',*,*,#5657,.F.);
#3828=ORIENTED_EDGE('',*,*,#5620,.F.);
#3829=ORIENTED_EDGE('',*,*,#5656,.T.);
#3830=ORIENTED_EDGE('',*,*,#5658,.T.);
#3831=ORIENTED_EDGE('',*,*,#5659,.F.);
#3832=ORIENTED_EDGE('',*,*,#4800,.F.);
#3833=ORIENTED_EDGE('',*,*,#5657,.T.);
#3834=ORIENTED_EDGE('',*,*,#5632,.T.);
#3835=ORIENTED_EDGE('',*,*,#5660,.F.);
#3836=ORIENTED_EDGE('',*,*,#5621,.F.);
#3837=ORIENTED_EDGE('',*,*,#5659,.T.);
#3838=ORIENTED_EDGE('',*,*,#5661,.T.);
#3839=ORIENTED_EDGE('',*,*,#5662,.F.);
#3840=ORIENTED_EDGE('',*,*,#4801,.F.);
#3841=ORIENTED_EDGE('',*,*,#5660,.T.);
#3842=ORIENTED_EDGE('',*,*,#5631,.T.);
#3843=ORIENTED_EDGE('',*,*,#5663,.F.);
#3844=ORIENTED_EDGE('',*,*,#5622,.F.);
#3845=ORIENTED_EDGE('',*,*,#5662,.T.);
#3846=ORIENTED_EDGE('',*,*,#5664,.T.);
#3847=ORIENTED_EDGE('',*,*,#5665,.F.);
#3848=ORIENTED_EDGE('',*,*,#4792,.F.);
#3849=ORIENTED_EDGE('',*,*,#5663,.T.);
#3850=ORIENTED_EDGE('',*,*,#5630,.T.);
#3851=ORIENTED_EDGE('',*,*,#5637,.T.);
#3852=ORIENTED_EDGE('',*,*,#5623,.F.);
#3853=ORIENTED_EDGE('',*,*,#5665,.T.);
#3854=ORIENTED_EDGE('',*,*,#5666,.T.);
#3855=ORIENTED_EDGE('',*,*,#5639,.T.);
#3856=ORIENTED_EDGE('',*,*,#5667,.T.);
#3857=ORIENTED_EDGE('',*,*,#5668,.T.);
#3858=ORIENTED_EDGE('',*,*,#5669,.T.);
#3859=ORIENTED_EDGE('',*,*,#5670,.F.);
#3860=ORIENTED_EDGE('',*,*,#5671,.T.);
#3861=ORIENTED_EDGE('',*,*,#5672,.F.);
#3862=ORIENTED_EDGE('',*,*,#5673,.T.);
#3863=ORIENTED_EDGE('',*,*,#5674,.T.);
#3864=ORIENTED_EDGE('',*,*,#5675,.T.);
#3865=ORIENTED_EDGE('',*,*,#5676,.T.);
#3866=ORIENTED_EDGE('',*,*,#5677,.F.);
#3867=ORIENTED_EDGE('',*,*,#5678,.F.);
#3868=ORIENTED_EDGE('',*,*,#5679,.F.);
#3869=ORIENTED_EDGE('',*,*,#5680,.F.);
#3870=ORIENTED_EDGE('',*,*,#5681,.F.);
#3871=ORIENTED_EDGE('',*,*,#5682,.F.);
#3872=ORIENTED_EDGE('',*,*,#5683,.F.);
#3873=ORIENTED_EDGE('',*,*,#5684,.F.);
#3874=ORIENTED_EDGE('',*,*,#5685,.F.);
#3875=ORIENTED_EDGE('',*,*,#5686,.F.);
#3876=ORIENTED_EDGE('',*,*,#5679,.T.);
#3877=ORIENTED_EDGE('',*,*,#5687,.F.);
#3878=ORIENTED_EDGE('',*,*,#5674,.F.);
#3879=ORIENTED_EDGE('',*,*,#5688,.F.);
#3880=ORIENTED_EDGE('',*,*,#5282,.T.);
#3881=ORIENTED_EDGE('',*,*,#5689,.F.);
#3882=ORIENTED_EDGE('',*,*,#5690,.F.);
#3883=ORIENTED_EDGE('',*,*,#5687,.T.);
#3884=ORIENTED_EDGE('',*,*,#5678,.T.);
#3885=ORIENTED_EDGE('',*,*,#5691,.F.);
#3886=ORIENTED_EDGE('',*,*,#5675,.F.);
#3887=ORIENTED_EDGE('',*,*,#5689,.T.);
#3888=ORIENTED_EDGE('',*,*,#5291,.T.);
#3889=ORIENTED_EDGE('',*,*,#5692,.F.);
#3890=ORIENTED_EDGE('',*,*,#5693,.F.);
#3891=ORIENTED_EDGE('',*,*,#5691,.T.);
#3892=ORIENTED_EDGE('',*,*,#5677,.T.);
#3893=ORIENTED_EDGE('',*,*,#5694,.F.);
#3894=ORIENTED_EDGE('',*,*,#5676,.F.);
#3895=ORIENTED_EDGE('',*,*,#5692,.T.);
#3896=ORIENTED_EDGE('',*,*,#5290,.T.);
#3897=ORIENTED_EDGE('',*,*,#5695,.F.);
#3898=ORIENTED_EDGE('',*,*,#5696,.F.);
#3899=ORIENTED_EDGE('',*,*,#5694,.T.);
#3900=ORIENTED_EDGE('',*,*,#5684,.T.);
#3901=ORIENTED_EDGE('',*,*,#5697,.F.);
#3902=ORIENTED_EDGE('',*,*,#5667,.F.);
#3903=ORIENTED_EDGE('',*,*,#5695,.T.);
#3904=ORIENTED_EDGE('',*,*,#5289,.T.);
#3905=ORIENTED_EDGE('',*,*,#5698,.F.);
#3906=ORIENTED_EDGE('',*,*,#5699,.F.);
#3907=ORIENTED_EDGE('',*,*,#5697,.T.);
#3908=ORIENTED_EDGE('',*,*,#5683,.T.);
#3909=ORIENTED_EDGE('',*,*,#5700,.F.);
#3910=ORIENTED_EDGE('',*,*,#5668,.F.);
#3911=ORIENTED_EDGE('',*,*,#5698,.T.);
#3912=ORIENTED_EDGE('',*,*,#5288,.T.);
#3913=ORIENTED_EDGE('',*,*,#5701,.F.);
#3914=ORIENTED_EDGE('',*,*,#5702,.T.);
#3915=ORIENTED_EDGE('',*,*,#5703,.F.);
#3916=ORIENTED_EDGE('',*,*,#5700,.T.);
#3917=ORIENTED_EDGE('',*,*,#5682,.T.);
#3918=ORIENTED_EDGE('',*,*,#5669,.F.);
#3919=ORIENTED_EDGE('',*,*,#5701,.T.);
#3920=ORIENTED_EDGE('',*,*,#5287,.T.);
#3921=ORIENTED_EDGE('',*,*,#5704,.F.);
#3922=ORIENTED_EDGE('',*,*,#5705,.T.);
#3923=ORIENTED_EDGE('',*,*,#5670,.T.);
#3924=ORIENTED_EDGE('',*,*,#5704,.T.);
#3925=ORIENTED_EDGE('',*,*,#5286,.T.);
#3926=ORIENTED_EDGE('',*,*,#5706,.T.);
#3927=ORIENTED_EDGE('',*,*,#5707,.F.);
#3928=ORIENTED_EDGE('',*,*,#5702,.F.);
#3929=ORIENTED_EDGE('',*,*,#5681,.T.);
#3930=ORIENTED_EDGE('',*,*,#5671,.F.);
#3931=ORIENTED_EDGE('',*,*,#5705,.F.);
#3932=ORIENTED_EDGE('',*,*,#5285,.T.);
#3933=ORIENTED_EDGE('',*,*,#5708,.F.);
#3934=ORIENTED_EDGE('',*,*,#5709,.T.);
#3935=ORIENTED_EDGE('',*,*,#5672,.T.);
#3936=ORIENTED_EDGE('',*,*,#5708,.T.);
#3937=ORIENTED_EDGE('',*,*,#5284,.T.);
#3938=ORIENTED_EDGE('',*,*,#5680,.T.);
#3939=ORIENTED_EDGE('',*,*,#5686,.T.);
#3940=ORIENTED_EDGE('',*,*,#5710,.F.);
#3941=ORIENTED_EDGE('',*,*,#5706,.F.);
#3942=ORIENTED_EDGE('',*,*,#5673,.F.);
#3943=ORIENTED_EDGE('',*,*,#5709,.F.);
#3944=ORIENTED_EDGE('',*,*,#5283,.T.);
#3945=ORIENTED_EDGE('',*,*,#5688,.T.);
#3946=ORIENTED_EDGE('',*,*,#5710,.T.);
#3947=ORIENTED_EDGE('',*,*,#5685,.T.);
#3948=ORIENTED_EDGE('',*,*,#5690,.T.);
#3949=ORIENTED_EDGE('',*,*,#5693,.T.);
#3950=ORIENTED_EDGE('',*,*,#5696,.T.);
#3951=ORIENTED_EDGE('',*,*,#5699,.T.);
#3952=ORIENTED_EDGE('',*,*,#5703,.T.);
#3953=ORIENTED_EDGE('',*,*,#5707,.T.);
#3954=ORIENTED_EDGE('',*,*,#5711,.T.);
#3955=ORIENTED_EDGE('',*,*,#5712,.T.);
#3956=ORIENTED_EDGE('',*,*,#5713,.F.);
#3957=ORIENTED_EDGE('',*,*,#5714,.F.);
#3958=ORIENTED_EDGE('',*,*,#5715,.T.);
#3959=ORIENTED_EDGE('',*,*,#5716,.T.);
#3960=ORIENTED_EDGE('',*,*,#5717,.T.);
#3961=ORIENTED_EDGE('',*,*,#5718,.T.);
#3962=ORIENTED_EDGE('',*,*,#5719,.F.);
#3963=ORIENTED_EDGE('',*,*,#5720,.T.);
#3964=ORIENTED_EDGE('',*,*,#5721,.T.);
#3965=ORIENTED_EDGE('',*,*,#5722,.T.);
#3966=ORIENTED_EDGE('',*,*,#5714,.T.);
#3967=ORIENTED_EDGE('',*,*,#5723,.T.);
#3968=ORIENTED_EDGE('',*,*,#5724,.T.);
#3969=ORIENTED_EDGE('',*,*,#5725,.F.);
#3970=ORIENTED_EDGE('',*,*,#5726,.F.);
#3971=ORIENTED_EDGE('',*,*,#5727,.F.);
#3972=ORIENTED_EDGE('',*,*,#5728,.F.);
#3973=ORIENTED_EDGE('',*,*,#5729,.F.);
#3974=ORIENTED_EDGE('',*,*,#5730,.F.);
#3975=ORIENTED_EDGE('',*,*,#5731,.F.);
#3976=ORIENTED_EDGE('',*,*,#5732,.F.);
#3977=ORIENTED_EDGE('',*,*,#5733,.F.);
#3978=ORIENTED_EDGE('',*,*,#5734,.F.);
#3979=ORIENTED_EDGE('',*,*,#5735,.F.);
#3980=ORIENTED_EDGE('',*,*,#5736,.F.);
#3981=ORIENTED_EDGE('',*,*,#5737,.F.);
#3982=ORIENTED_EDGE('',*,*,#4780,.F.);
#3983=ORIENTED_EDGE('',*,*,#5738,.F.);
#3984=ORIENTED_EDGE('',*,*,#5727,.T.);
#3985=ORIENTED_EDGE('',*,*,#5739,.F.);
#3986=ORIENTED_EDGE('',*,*,#5740,.T.);
#3987=ORIENTED_EDGE('',*,*,#5728,.T.);
#3988=ORIENTED_EDGE('',*,*,#5738,.T.);
#3989=ORIENTED_EDGE('',*,*,#4779,.T.);
#3990=ORIENTED_EDGE('',*,*,#4781,.F.);
#3991=ORIENTED_EDGE('',*,*,#5739,.T.);
#3992=ORIENTED_EDGE('',*,*,#5726,.T.);
#3993=ORIENTED_EDGE('',*,*,#5741,.F.);
#3994=ORIENTED_EDGE('',*,*,#5723,.F.);
#3995=ORIENTED_EDGE('',*,*,#5713,.T.);
#3996=ORIENTED_EDGE('',*,*,#5742,.T.);
#3997=ORIENTED_EDGE('',*,*,#5743,.F.);
#3998=ORIENTED_EDGE('',*,*,#4782,.F.);
#3999=ORIENTED_EDGE('',*,*,#5741,.T.);
#4000=ORIENTED_EDGE('',*,*,#5725,.T.);
#4001=ORIENTED_EDGE('',*,*,#5744,.F.);
#4002=ORIENTED_EDGE('',*,*,#5724,.F.);
#4003=ORIENTED_EDGE('',*,*,#5743,.T.);
#4004=ORIENTED_EDGE('',*,*,#5745,.T.);
#4005=ORIENTED_EDGE('',*,*,#5746,.F.);
#4006=ORIENTED_EDGE('',*,*,#5722,.F.);
#4007=ORIENTED_EDGE('',*,*,#5747,.F.);
#4008=ORIENTED_EDGE('',*,*,#5748,.T.);
#4009=ORIENTED_EDGE('',*,*,#5711,.F.);
#4010=ORIENTED_EDGE('',*,*,#4783,.F.);
#4011=ORIENTED_EDGE('',*,*,#5744,.T.);
#4012=ORIENTED_EDGE('',*,*,#5737,.T.);
#4013=ORIENTED_EDGE('',*,*,#5749,.F.);
#4014=ORIENTED_EDGE('',*,*,#5715,.F.);
#4015=ORIENTED_EDGE('',*,*,#5746,.T.);
#4016=ORIENTED_EDGE('',*,*,#5750,.T.);
#4017=ORIENTED_EDGE('',*,*,#5751,.F.);
#4018=ORIENTED_EDGE('',*,*,#4784,.F.);
#4019=ORIENTED_EDGE('',*,*,#5749,.T.);
#4020=ORIENTED_EDGE('',*,*,#5736,.T.);
#4021=ORIENTED_EDGE('',*,*,#5752,.F.);
#4022=ORIENTED_EDGE('',*,*,#5716,.F.);
#4023=ORIENTED_EDGE('',*,*,#5751,.T.);
#4024=ORIENTED_EDGE('',*,*,#5753,.T.);
#4025=ORIENTED_EDGE('',*,*,#5754,.F.);
#4026=ORIENTED_EDGE('',*,*,#4785,.F.);
#4027=ORIENTED_EDGE('',*,*,#5752,.T.);
#4028=ORIENTED_EDGE('',*,*,#5735,.T.);
#4029=ORIENTED_EDGE('',*,*,#5755,.F.);
#4030=ORIENTED_EDGE('',*,*,#5717,.F.);
#4031=ORIENTED_EDGE('',*,*,#5754,.T.);
#4032=ORIENTED_EDGE('',*,*,#5756,.T.);
#4033=ORIENTED_EDGE('',*,*,#5757,.F.);
#4034=ORIENTED_EDGE('',*,*,#5758,.T.);
#4035=ORIENTED_EDGE('',*,*,#4786,.F.);
#4036=ORIENTED_EDGE('',*,*,#5755,.T.);
#4037=ORIENTED_EDGE('',*,*,#5734,.T.);
#4038=ORIENTED_EDGE('',*,*,#5718,.F.);
#4039=ORIENTED_EDGE('',*,*,#5757,.T.);
#4040=ORIENTED_EDGE('',*,*,#5759,.T.);
#4041=ORIENTED_EDGE('',*,*,#5760,.F.);
#4042=ORIENTED_EDGE('',*,*,#5761,.T.);
#4043=ORIENTED_EDGE('',*,*,#5719,.T.);
#4044=ORIENTED_EDGE('',*,*,#5760,.T.);
#4045=ORIENTED_EDGE('',*,*,#5762,.T.);
#4046=ORIENTED_EDGE('',*,*,#5747,.T.);
#4047=ORIENTED_EDGE('',*,*,#5721,.F.);
#4048=ORIENTED_EDGE('',*,*,#5763,.F.);
#4049=ORIENTED_EDGE('',*,*,#5764,.T.);
#4050=ORIENTED_EDGE('',*,*,#5763,.T.);
#4051=ORIENTED_EDGE('',*,*,#5720,.F.);
#4052=ORIENTED_EDGE('',*,*,#5761,.F.);
#4053=ORIENTED_EDGE('',*,*,#5765,.T.);
#4054=ORIENTED_EDGE('',*,*,#5733,.T.);
#4055=ORIENTED_EDGE('',*,*,#5766,.F.);
#4056=ORIENTED_EDGE('',*,*,#4787,.F.);
#4057=ORIENTED_EDGE('',*,*,#5758,.F.);
#4058=ORIENTED_EDGE('',*,*,#5767,.T.);
#4059=ORIENTED_EDGE('',*,*,#4788,.T.);
#4060=ORIENTED_EDGE('',*,*,#5766,.T.);
#4061=ORIENTED_EDGE('',*,*,#5732,.T.);
#4062=ORIENTED_EDGE('',*,*,#4789,.F.);
#4063=ORIENTED_EDGE('',*,*,#5767,.F.);
#4064=ORIENTED_EDGE('',*,*,#5731,.T.);
#4065=ORIENTED_EDGE('',*,*,#5768,.F.);
#4066=ORIENTED_EDGE('',*,*,#5769,.T.);
#4067=ORIENTED_EDGE('',*,*,#4790,.T.);
#4068=ORIENTED_EDGE('',*,*,#5768,.T.);
#4069=ORIENTED_EDGE('',*,*,#5730,.T.);
#4070=ORIENTED_EDGE('',*,*,#4791,.F.);
#4071=ORIENTED_EDGE('',*,*,#5769,.F.);
#4072=ORIENTED_EDGE('',*,*,#5729,.T.);
#4073=ORIENTED_EDGE('',*,*,#5740,.F.);
#4074=ORIENTED_EDGE('',*,*,#5770,.F.);
#4075=ORIENTED_EDGE('',*,*,#5771,.F.);
#4076=ORIENTED_EDGE('',*,*,#5772,.F.);
#4077=ORIENTED_EDGE('',*,*,#5773,.F.);
#4078=ORIENTED_EDGE('',*,*,#5774,.F.);
#4079=ORIENTED_EDGE('',*,*,#5775,.F.);
#4080=ORIENTED_EDGE('',*,*,#5776,.F.);
#4081=ORIENTED_EDGE('',*,*,#5777,.F.);
#4082=ORIENTED_EDGE('',*,*,#5778,.F.);
#4083=ORIENTED_EDGE('',*,*,#5779,.F.);
#4084=ORIENTED_EDGE('',*,*,#5549,.F.);
#4085=ORIENTED_EDGE('',*,*,#5582,.F.);
#4086=ORIENTED_EDGE('',*,*,#5589,.F.);
#4087=ORIENTED_EDGE('',*,*,#5587,.F.);
#4088=ORIENTED_EDGE('',*,*,#5584,.F.);
#4089=ORIENTED_EDGE('',*,*,#5579,.F.);
#4090=ORIENTED_EDGE('',*,*,#5576,.F.);
#4091=ORIENTED_EDGE('',*,*,#5573,.F.);
#4092=ORIENTED_EDGE('',*,*,#5780,.T.);
#4093=ORIENTED_EDGE('',*,*,#5781,.T.);
#4094=ORIENTED_EDGE('',*,*,#5782,.F.);
#4095=ORIENTED_EDGE('',*,*,#5783,.T.);
#4096=ORIENTED_EDGE('',*,*,#5784,.F.);
#4097=ORIENTED_EDGE('',*,*,#5785,.T.);
#4098=ORIENTED_EDGE('',*,*,#5786,.T.);
#4099=ORIENTED_EDGE('',*,*,#5787,.T.);
#4100=ORIENTED_EDGE('',*,*,#5788,.T.);
#4101=ORIENTED_EDGE('',*,*,#5789,.T.);
#4102=ORIENTED_EDGE('',*,*,#5790,.F.);
#4103=ORIENTED_EDGE('',*,*,#5791,.F.);
#4104=ORIENTED_EDGE('',*,*,#5792,.F.);
#4105=ORIENTED_EDGE('',*,*,#5793,.F.);
#4106=ORIENTED_EDGE('',*,*,#5794,.F.);
#4107=ORIENTED_EDGE('',*,*,#5795,.F.);
#4108=ORIENTED_EDGE('',*,*,#5796,.F.);
#4109=ORIENTED_EDGE('',*,*,#5797,.F.);
#4110=ORIENTED_EDGE('',*,*,#5798,.F.);
#4111=ORIENTED_EDGE('',*,*,#5799,.F.);
#4112=ORIENTED_EDGE('',*,*,#5793,.T.);
#4113=ORIENTED_EDGE('',*,*,#5800,.F.);
#4114=ORIENTED_EDGE('',*,*,#5786,.F.);
#4115=ORIENTED_EDGE('',*,*,#5801,.F.);
#4116=ORIENTED_EDGE('',*,*,#5770,.T.);
#4117=ORIENTED_EDGE('',*,*,#5802,.F.);
#4118=ORIENTED_EDGE('',*,*,#5803,.F.);
#4119=ORIENTED_EDGE('',*,*,#5800,.T.);
#4120=ORIENTED_EDGE('',*,*,#5792,.T.);
#4121=ORIENTED_EDGE('',*,*,#5804,.F.);
#4122=ORIENTED_EDGE('',*,*,#5787,.F.);
#4123=ORIENTED_EDGE('',*,*,#5802,.T.);
#4124=ORIENTED_EDGE('',*,*,#5779,.T.);
#4125=ORIENTED_EDGE('',*,*,#5805,.F.);
#4126=ORIENTED_EDGE('',*,*,#5806,.F.);
#4127=ORIENTED_EDGE('',*,*,#5804,.T.);
#4128=ORIENTED_EDGE('',*,*,#5791,.T.);
#4129=ORIENTED_EDGE('',*,*,#5807,.F.);
#4130=ORIENTED_EDGE('',*,*,#5788,.F.);
#4131=ORIENTED_EDGE('',*,*,#5805,.T.);
#4132=ORIENTED_EDGE('',*,*,#5778,.T.);
#4133=ORIENTED_EDGE('',*,*,#5808,.F.);
#4134=ORIENTED_EDGE('',*,*,#5809,.F.);
#4135=ORIENTED_EDGE('',*,*,#5807,.T.);
#4136=ORIENTED_EDGE('',*,*,#5790,.T.);
#4137=ORIENTED_EDGE('',*,*,#5810,.F.);
#4138=ORIENTED_EDGE('',*,*,#5789,.F.);
#4139=ORIENTED_EDGE('',*,*,#5808,.T.);
#4140=ORIENTED_EDGE('',*,*,#5777,.T.);
#4141=ORIENTED_EDGE('',*,*,#5811,.F.);
#4142=ORIENTED_EDGE('',*,*,#5812,.F.);
#4143=ORIENTED_EDGE('',*,*,#5810,.T.);
#4144=ORIENTED_EDGE('',*,*,#5797,.T.);
#4145=ORIENTED_EDGE('',*,*,#5813,.F.);
#4146=ORIENTED_EDGE('',*,*,#5780,.F.);
#4147=ORIENTED_EDGE('',*,*,#5811,.T.);
#4148=ORIENTED_EDGE('',*,*,#5776,.T.);
#4149=ORIENTED_EDGE('',*,*,#5814,.F.);
#4150=ORIENTED_EDGE('',*,*,#5815,.T.);
#4151=ORIENTED_EDGE('',*,*,#5816,.F.);
#4152=ORIENTED_EDGE('',*,*,#5813,.T.);
#4153=ORIENTED_EDGE('',*,*,#5796,.T.);
#4154=ORIENTED_EDGE('',*,*,#5781,.F.);
#4155=ORIENTED_EDGE('',*,*,#5814,.T.);
#4156=ORIENTED_EDGE('',*,*,#5775,.T.);
#4157=ORIENTED_EDGE('',*,*,#5817,.F.);
#4158=ORIENTED_EDGE('',*,*,#5818,.T.);
#4159=ORIENTED_EDGE('',*,*,#5782,.T.);
#4160=ORIENTED_EDGE('',*,*,#5817,.T.);
#4161=ORIENTED_EDGE('',*,*,#5774,.T.);
#4162=ORIENTED_EDGE('',*,*,#5795,.T.);
#4163=ORIENTED_EDGE('',*,*,#5819,.T.);
#4164=ORIENTED_EDGE('',*,*,#5820,.F.);
#4165=ORIENTED_EDGE('',*,*,#5815,.F.);
#4166=ORIENTED_EDGE('',*,*,#5783,.F.);
#4167=ORIENTED_EDGE('',*,*,#5818,.F.);
#4168=ORIENTED_EDGE('',*,*,#5773,.T.);
#4169=ORIENTED_EDGE('',*,*,#5821,.F.);
#4170=ORIENTED_EDGE('',*,*,#5822,.T.);
#4171=ORIENTED_EDGE('',*,*,#5784,.T.);
#4172=ORIENTED_EDGE('',*,*,#5821,.T.);
#4173=ORIENTED_EDGE('',*,*,#5772,.T.);
#4174=ORIENTED_EDGE('',*,*,#5794,.T.);
#4175=ORIENTED_EDGE('',*,*,#5799,.T.);
#4176=ORIENTED_EDGE('',*,*,#5823,.F.);
#4177=ORIENTED_EDGE('',*,*,#5819,.F.);
#4178=ORIENTED_EDGE('',*,*,#5785,.F.);
#4179=ORIENTED_EDGE('',*,*,#5822,.F.);
#4180=ORIENTED_EDGE('',*,*,#5771,.T.);
#4181=ORIENTED_EDGE('',*,*,#5801,.T.);
#4182=ORIENTED_EDGE('',*,*,#5823,.T.);
#4183=ORIENTED_EDGE('',*,*,#5798,.T.);
#4184=ORIENTED_EDGE('',*,*,#5803,.T.);
#4185=ORIENTED_EDGE('',*,*,#5806,.T.);
#4186=ORIENTED_EDGE('',*,*,#5809,.T.);
#4187=ORIENTED_EDGE('',*,*,#5812,.T.);
#4188=ORIENTED_EDGE('',*,*,#5816,.T.);
#4189=ORIENTED_EDGE('',*,*,#5820,.T.);
#4190=ORIENTED_EDGE('',*,*,#5824,.F.);
#4191=ORIENTED_EDGE('',*,*,#5825,.F.);
#4192=ORIENTED_EDGE('',*,*,#5826,.F.);
#4193=ORIENTED_EDGE('',*,*,#5827,.F.);
#4194=ORIENTED_EDGE('',*,*,#5828,.F.);
#4195=ORIENTED_EDGE('',*,*,#5829,.F.);
#4196=ORIENTED_EDGE('',*,*,#5830,.F.);
#4197=ORIENTED_EDGE('',*,*,#5831,.F.);
#4198=ORIENTED_EDGE('',*,*,#5832,.F.);
#4199=ORIENTED_EDGE('',*,*,#5833,.F.);
#4200=ORIENTED_EDGE('',*,*,#5712,.F.);
#4201=ORIENTED_EDGE('',*,*,#5748,.F.);
#4202=ORIENTED_EDGE('',*,*,#5764,.F.);
#4203=ORIENTED_EDGE('',*,*,#5765,.F.);
#4204=ORIENTED_EDGE('',*,*,#5762,.F.);
#4205=ORIENTED_EDGE('',*,*,#5759,.F.);
#4206=ORIENTED_EDGE('',*,*,#5756,.F.);
#4207=ORIENTED_EDGE('',*,*,#5753,.F.);
#4208=ORIENTED_EDGE('',*,*,#5750,.F.);
#4209=ORIENTED_EDGE('',*,*,#5745,.F.);
#4210=ORIENTED_EDGE('',*,*,#5742,.F.);
#4211=ORIENTED_EDGE('',*,*,#5834,.T.);
#4212=ORIENTED_EDGE('',*,*,#5835,.T.);
#4213=ORIENTED_EDGE('',*,*,#5836,.T.);
#4214=ORIENTED_EDGE('',*,*,#5837,.T.);
#4215=ORIENTED_EDGE('',*,*,#5838,.T.);
#4216=ORIENTED_EDGE('',*,*,#5839,.F.);
#4217=ORIENTED_EDGE('',*,*,#5840,.T.);
#4218=ORIENTED_EDGE('',*,*,#5841,.F.);
#4219=ORIENTED_EDGE('',*,*,#5842,.T.);
#4220=ORIENTED_EDGE('',*,*,#5843,.T.);
#4221=ORIENTED_EDGE('',*,*,#5844,.F.);
#4222=ORIENTED_EDGE('',*,*,#5845,.F.);
#4223=ORIENTED_EDGE('',*,*,#5846,.F.);
#4224=ORIENTED_EDGE('',*,*,#5847,.F.);
#4225=ORIENTED_EDGE('',*,*,#5848,.F.);
#4226=ORIENTED_EDGE('',*,*,#5849,.F.);
#4227=ORIENTED_EDGE('',*,*,#5850,.F.);
#4228=ORIENTED_EDGE('',*,*,#5851,.F.);
#4229=ORIENTED_EDGE('',*,*,#5852,.F.);
#4230=ORIENTED_EDGE('',*,*,#5853,.F.);
#4231=ORIENTED_EDGE('',*,*,#5844,.T.);
#4232=ORIENTED_EDGE('',*,*,#5854,.F.);
#4233=ORIENTED_EDGE('',*,*,#5843,.F.);
#4234=ORIENTED_EDGE('',*,*,#5855,.F.);
#4235=ORIENTED_EDGE('',*,*,#5824,.T.);
#4236=ORIENTED_EDGE('',*,*,#5856,.F.);
#4237=ORIENTED_EDGE('',*,*,#5857,.F.);
#4238=ORIENTED_EDGE('',*,*,#5854,.T.);
#4239=ORIENTED_EDGE('',*,*,#5851,.T.);
#4240=ORIENTED_EDGE('',*,*,#5858,.F.);
#4241=ORIENTED_EDGE('',*,*,#5834,.F.);
#4242=ORIENTED_EDGE('',*,*,#5856,.T.);
#4243=ORIENTED_EDGE('',*,*,#5833,.T.);
#4244=ORIENTED_EDGE('',*,*,#5859,.F.);
#4245=ORIENTED_EDGE('',*,*,#5860,.F.);
#4246=ORIENTED_EDGE('',*,*,#5858,.T.);
#4247=ORIENTED_EDGE('',*,*,#5850,.T.);
#4248=ORIENTED_EDGE('',*,*,#5861,.F.);
#4249=ORIENTED_EDGE('',*,*,#5835,.F.);
#4250=ORIENTED_EDGE('',*,*,#5859,.T.);
#4251=ORIENTED_EDGE('',*,*,#5832,.T.);
#4252=ORIENTED_EDGE('',*,*,#5862,.F.);
#4253=ORIENTED_EDGE('',*,*,#5863,.F.);
#4254=ORIENTED_EDGE('',*,*,#5861,.T.);
#4255=ORIENTED_EDGE('',*,*,#5849,.T.);
#4256=ORIENTED_EDGE('',*,*,#5864,.F.);
#4257=ORIENTED_EDGE('',*,*,#5836,.F.);
#4258=ORIENTED_EDGE('',*,*,#5862,.T.);
#4259=ORIENTED_EDGE('',*,*,#5831,.T.);
#4260=ORIENTED_EDGE('',*,*,#5865,.F.);
#4261=ORIENTED_EDGE('',*,*,#5866,.F.);
#4262=ORIENTED_EDGE('',*,*,#5864,.T.);
#4263=ORIENTED_EDGE('',*,*,#5848,.T.);
#4264=ORIENTED_EDGE('',*,*,#5867,.F.);
#4265=ORIENTED_EDGE('',*,*,#5837,.F.);
#4266=ORIENTED_EDGE('',*,*,#5865,.T.);
#4267=ORIENTED_EDGE('',*,*,#5830,.T.);
#4268=ORIENTED_EDGE('',*,*,#5868,.F.);
#4269=ORIENTED_EDGE('',*,*,#5869,.T.);
#4270=ORIENTED_EDGE('',*,*,#5870,.F.);
#4271=ORIENTED_EDGE('',*,*,#5867,.T.);
#4272=ORIENTED_EDGE('',*,*,#5847,.T.);
#4273=ORIENTED_EDGE('',*,*,#5838,.F.);
#4274=ORIENTED_EDGE('',*,*,#5868,.T.);
#4275=ORIENTED_EDGE('',*,*,#5829,.T.);
#4276=ORIENTED_EDGE('',*,*,#5871,.F.);
#4277=ORIENTED_EDGE('',*,*,#5872,.T.);
#4278=ORIENTED_EDGE('',*,*,#5839,.T.);
#4279=ORIENTED_EDGE('',*,*,#5871,.T.);
#4280=ORIENTED_EDGE('',*,*,#5828,.T.);
#4281=ORIENTED_EDGE('',*,*,#5873,.T.);
#4282=ORIENTED_EDGE('',*,*,#5874,.F.);
#4283=ORIENTED_EDGE('',*,*,#5869,.F.);
#4284=ORIENTED_EDGE('',*,*,#5846,.T.);
#4285=ORIENTED_EDGE('',*,*,#5840,.F.);
#4286=ORIENTED_EDGE('',*,*,#5872,.F.);
#4287=ORIENTED_EDGE('',*,*,#5827,.T.);
#4288=ORIENTED_EDGE('',*,*,#5875,.F.);
#4289=ORIENTED_EDGE('',*,*,#5876,.T.);
#4290=ORIENTED_EDGE('',*,*,#5841,.T.);
#4291=ORIENTED_EDGE('',*,*,#5875,.T.);
#4292=ORIENTED_EDGE('',*,*,#5826,.T.);
#4293=ORIENTED_EDGE('',*,*,#5845,.T.);
#4294=ORIENTED_EDGE('',*,*,#5853,.T.);
#4295=ORIENTED_EDGE('',*,*,#5877,.F.);
#4296=ORIENTED_EDGE('',*,*,#5873,.F.);
#4297=ORIENTED_EDGE('',*,*,#5842,.F.);
#4298=ORIENTED_EDGE('',*,*,#5876,.F.);
#4299=ORIENTED_EDGE('',*,*,#5825,.T.);
#4300=ORIENTED_EDGE('',*,*,#5855,.T.);
#4301=ORIENTED_EDGE('',*,*,#5877,.T.);
#4302=ORIENTED_EDGE('',*,*,#5852,.T.);
#4303=ORIENTED_EDGE('',*,*,#5857,.T.);
#4304=ORIENTED_EDGE('',*,*,#5860,.T.);
#4305=ORIENTED_EDGE('',*,*,#5863,.T.);
#4306=ORIENTED_EDGE('',*,*,#5866,.T.);
#4307=ORIENTED_EDGE('',*,*,#5870,.T.);
#4308=ORIENTED_EDGE('',*,*,#5874,.T.);
#4309=ORIENTED_EDGE('',*,*,#5640,.F.);
#4310=ORIENTED_EDGE('',*,*,#5666,.F.);
#4311=ORIENTED_EDGE('',*,*,#5664,.F.);
#4312=ORIENTED_EDGE('',*,*,#5661,.F.);
#4313=ORIENTED_EDGE('',*,*,#5658,.F.);
#4314=ORIENTED_EDGE('',*,*,#5655,.F.);
#4315=ORIENTED_EDGE('',*,*,#5652,.F.);
#4316=ORIENTED_EDGE('',*,*,#5649,.F.);
#4317=ORIENTED_EDGE('',*,*,#5646,.F.);
#4318=ORIENTED_EDGE('',*,*,#5643,.F.);
#4319=ORIENTED_EDGE('',*,*,#5878,.F.);
#4320=ORIENTED_EDGE('',*,*,#5879,.F.);
#4321=ORIENTED_EDGE('',*,*,#5880,.F.);
#4322=ORIENTED_EDGE('',*,*,#5881,.F.);
#4323=ORIENTED_EDGE('',*,*,#5882,.F.);
#4324=ORIENTED_EDGE('',*,*,#5883,.F.);
#4325=ORIENTED_EDGE('',*,*,#5884,.T.);
#4326=ORIENTED_EDGE('',*,*,#5885,.T.);
#4327=ORIENTED_EDGE('',*,*,#5886,.T.);
#4328=ORIENTED_EDGE('',*,*,#5887,.T.);
#4329=ORIENTED_EDGE('',*,*,#5888,.T.);
#4330=ORIENTED_EDGE('',*,*,#5889,.T.);
#4331=ORIENTED_EDGE('',*,*,#5890,.F.);
#4332=ORIENTED_EDGE('',*,*,#5891,.F.);
#4333=ORIENTED_EDGE('',*,*,#5892,.F.);
#4334=ORIENTED_EDGE('',*,*,#5893,.F.);
#4335=ORIENTED_EDGE('',*,*,#5894,.F.);
#4336=ORIENTED_EDGE('',*,*,#5895,.F.);
#4337=ORIENTED_EDGE('',*,*,#5896,.F.);
#4338=ORIENTED_EDGE('',*,*,#5897,.F.);
#4339=ORIENTED_EDGE('',*,*,#5890,.T.);
#4340=ORIENTED_EDGE('',*,*,#5898,.F.);
#4341=ORIENTED_EDGE('',*,*,#5889,.F.);
#4342=ORIENTED_EDGE('',*,*,#5899,.F.);
#4343=ORIENTED_EDGE('',*,*,#5878,.T.);
#4344=ORIENTED_EDGE('',*,*,#5900,.F.);
#4345=ORIENTED_EDGE('',*,*,#5901,.F.);
#4346=ORIENTED_EDGE('',*,*,#5898,.T.);
#4347=ORIENTED_EDGE('',*,*,#5895,.T.);
#4348=ORIENTED_EDGE('',*,*,#5902,.F.);
#4349=ORIENTED_EDGE('',*,*,#5884,.F.);
#4350=ORIENTED_EDGE('',*,*,#5900,.T.);
#4351=ORIENTED_EDGE('',*,*,#5883,.T.);
#4352=ORIENTED_EDGE('',*,*,#5903,.F.);
#4353=ORIENTED_EDGE('',*,*,#5904,.F.);
#4354=ORIENTED_EDGE('',*,*,#5902,.T.);
#4355=ORIENTED_EDGE('',*,*,#5894,.T.);
#4356=ORIENTED_EDGE('',*,*,#5905,.F.);
#4357=ORIENTED_EDGE('',*,*,#5885,.F.);
#4358=ORIENTED_EDGE('',*,*,#5903,.T.);
#4359=ORIENTED_EDGE('',*,*,#5882,.T.);
#4360=ORIENTED_EDGE('',*,*,#5906,.F.);
#4361=ORIENTED_EDGE('',*,*,#5907,.F.);
#4362=ORIENTED_EDGE('',*,*,#5905,.T.);
#4363=ORIENTED_EDGE('',*,*,#5893,.T.);
#4364=ORIENTED_EDGE('',*,*,#5908,.F.);
#4365=ORIENTED_EDGE('',*,*,#5886,.F.);
#4366=ORIENTED_EDGE('',*,*,#5906,.T.);
#4367=ORIENTED_EDGE('',*,*,#5881,.T.);
#4368=ORIENTED_EDGE('',*,*,#5909,.F.);
#4369=ORIENTED_EDGE('',*,*,#5910,.F.);
#4370=ORIENTED_EDGE('',*,*,#5908,.T.);
#4371=ORIENTED_EDGE('',*,*,#5892,.T.);
#4372=ORIENTED_EDGE('',*,*,#5911,.F.);
#4373=ORIENTED_EDGE('',*,*,#5887,.F.);
#4374=ORIENTED_EDGE('',*,*,#5909,.T.);
#4375=ORIENTED_EDGE('',*,*,#5880,.T.);
#4376=ORIENTED_EDGE('',*,*,#5912,.F.);
#4377=ORIENTED_EDGE('',*,*,#5913,.F.);
#4378=ORIENTED_EDGE('',*,*,#5911,.T.);
#4379=ORIENTED_EDGE('',*,*,#5891,.T.);
#4380=ORIENTED_EDGE('',*,*,#5897,.T.);
#4381=ORIENTED_EDGE('',*,*,#5888,.F.);
#4382=ORIENTED_EDGE('',*,*,#5912,.T.);
#4383=ORIENTED_EDGE('',*,*,#5879,.T.);
#4384=ORIENTED_EDGE('',*,*,#5899,.T.);
#4385=ORIENTED_EDGE('',*,*,#5913,.T.);
#4386=ORIENTED_EDGE('',*,*,#5896,.T.);
#4387=ORIENTED_EDGE('',*,*,#5901,.T.);
#4388=ORIENTED_EDGE('',*,*,#5904,.T.);
#4389=ORIENTED_EDGE('',*,*,#5907,.T.);
#4390=ORIENTED_EDGE('',*,*,#5910,.T.);
#4391=ORIENTED_EDGE('',*,*,#5914,.T.);
#4392=ORIENTED_EDGE('',*,*,#5915,.F.);
#4393=ORIENTED_EDGE('',*,*,#5914,.F.);
#4394=ORIENTED_EDGE('',*,*,#5915,.T.);
#4395=ORIENTED_EDGE('',*,*,#5916,.T.);
#4396=ORIENTED_EDGE('',*,*,#5917,.F.);
#4397=ORIENTED_EDGE('',*,*,#5916,.F.);
#4398=ORIENTED_EDGE('',*,*,#5917,.T.);
#4399=ORIENTED_EDGE('',*,*,#5918,.T.);
#4400=ORIENTED_EDGE('',*,*,#5919,.F.);
#4401=ORIENTED_EDGE('',*,*,#5918,.F.);
#4402=ORIENTED_EDGE('',*,*,#5919,.T.);
#4403=ORIENTED_EDGE('',*,*,#5920,.T.);
#4404=ORIENTED_EDGE('',*,*,#5921,.F.);
#4405=ORIENTED_EDGE('',*,*,#5920,.F.);
#4406=ORIENTED_EDGE('',*,*,#5921,.T.);
#4407=ORIENTED_EDGE('',*,*,#5922,.T.);
#4408=ORIENTED_EDGE('',*,*,#5923,.F.);
#4409=ORIENTED_EDGE('',*,*,#5922,.F.);
#4410=ORIENTED_EDGE('',*,*,#5923,.T.);
#4411=ORIENTED_EDGE('',*,*,#5924,.T.);
#4412=ORIENTED_EDGE('',*,*,#5925,.F.);
#4413=ORIENTED_EDGE('',*,*,#5924,.F.);
#4414=ORIENTED_EDGE('',*,*,#5925,.T.);
#4415=ORIENTED_EDGE('',*,*,#5926,.T.);
#4416=ORIENTED_EDGE('',*,*,#5927,.T.);
#4417=ORIENTED_EDGE('',*,*,#5928,.F.);
#4418=ORIENTED_EDGE('',*,*,#5929,.T.);
#4419=ORIENTED_EDGE('',*,*,#5930,.T.);
#4420=ORIENTED_EDGE('',*,*,#5931,.F.);
#4421=ORIENTED_EDGE('',*,*,#5932,.F.);
#4422=ORIENTED_EDGE('',*,*,#5933,.F.);
#4423=ORIENTED_EDGE('',*,*,#5934,.F.);
#4424=ORIENTED_EDGE('',*,*,#5935,.F.);
#4425=ORIENTED_EDGE('',*,*,#5936,.F.);
#4426=ORIENTED_EDGE('',*,*,#5937,.F.);
#4427=ORIENTED_EDGE('',*,*,#5938,.F.);
#4428=ORIENTED_EDGE('',*,*,#5939,.F.);
#4429=ORIENTED_EDGE('',*,*,#5940,.F.);
#4430=ORIENTED_EDGE('',*,*,#5941,.F.);
#4431=ORIENTED_EDGE('',*,*,#5942,.F.);
#4432=ORIENTED_EDGE('',*,*,#5943,.F.);
#4433=ORIENTED_EDGE('',*,*,#5944,.F.);
#4434=ORIENTED_EDGE('',*,*,#5945,.F.);
#4435=ORIENTED_EDGE('',*,*,#5946,.F.);
#4436=ORIENTED_EDGE('',*,*,#5947,.F.);
#4437=ORIENTED_EDGE('',*,*,#5948,.F.);
#4438=ORIENTED_EDGE('',*,*,#5949,.F.);
#4439=ORIENTED_EDGE('',*,*,#5950,.F.);
#4440=ORIENTED_EDGE('',*,*,#5951,.F.);
#4441=ORIENTED_EDGE('',*,*,#5952,.F.);
#4442=ORIENTED_EDGE('',*,*,#5953,.F.);
#4443=ORIENTED_EDGE('',*,*,#5954,.F.);
#4444=ORIENTED_EDGE('',*,*,#5955,.F.);
#4445=ORIENTED_EDGE('',*,*,#5956,.F.);
#4446=ORIENTED_EDGE('',*,*,#5957,.F.);
#4447=ORIENTED_EDGE('',*,*,#5958,.F.);
#4448=ORIENTED_EDGE('',*,*,#5959,.T.);
#4449=ORIENTED_EDGE('',*,*,#5960,.F.);
#4450=ORIENTED_EDGE('',*,*,#5926,.F.);
#4451=ORIENTED_EDGE('',*,*,#5961,.F.);
#4452=ORIENTED_EDGE('',*,*,#5962,.F.);
#4453=ORIENTED_EDGE('',*,*,#5963,.F.);
#4454=ORIENTED_EDGE('',*,*,#5964,.F.);
#4455=ORIENTED_EDGE('',*,*,#5965,.F.);
#4456=ORIENTED_EDGE('',*,*,#5966,.F.);
#4457=ORIENTED_EDGE('',*,*,#5967,.F.);
#4458=ORIENTED_EDGE('',*,*,#5930,.F.);
#4459=ORIENTED_EDGE('',*,*,#5968,.F.);
#4460=ORIENTED_EDGE('',*,*,#5969,.F.);
#4461=ORIENTED_EDGE('',*,*,#5970,.F.);
#4462=ORIENTED_EDGE('',*,*,#5971,.F.);
#4463=ORIENTED_EDGE('',*,*,#5972,.F.);
#4464=ORIENTED_EDGE('',*,*,#5973,.F.);
#4465=ORIENTED_EDGE('',*,*,#5974,.F.);
#4466=ORIENTED_EDGE('',*,*,#5975,.F.);
#4467=ORIENTED_EDGE('',*,*,#5976,.F.);
#4468=ORIENTED_EDGE('',*,*,#5977,.F.);
#4469=ORIENTED_EDGE('',*,*,#5978,.F.);
#4470=ORIENTED_EDGE('',*,*,#5979,.F.);
#4471=ORIENTED_EDGE('',*,*,#5980,.F.);
#4472=ORIENTED_EDGE('',*,*,#5981,.F.);
#4473=ORIENTED_EDGE('',*,*,#5982,.F.);
#4474=ORIENTED_EDGE('',*,*,#5983,.F.);
#4475=ORIENTED_EDGE('',*,*,#5984,.T.);
#4476=ORIENTED_EDGE('',*,*,#5985,.T.);
#4477=ORIENTED_EDGE('',*,*,#5986,.T.);
#4478=ORIENTED_EDGE('',*,*,#5987,.T.);
#4479=ORIENTED_EDGE('',*,*,#5988,.T.);
#4480=ORIENTED_EDGE('',*,*,#5989,.T.);
#4481=ORIENTED_EDGE('',*,*,#5990,.T.);
#4482=ORIENTED_EDGE('',*,*,#5991,.T.);
#4483=ORIENTED_EDGE('',*,*,#5992,.F.);
#4484=ORIENTED_EDGE('',*,*,#5993,.F.);
#4485=ORIENTED_EDGE('',*,*,#5994,.F.);
#4486=ORIENTED_EDGE('',*,*,#5995,.T.);
#4487=ORIENTED_EDGE('',*,*,#5996,.F.);
#4488=ORIENTED_EDGE('',*,*,#5997,.T.);
#4489=ORIENTED_EDGE('',*,*,#5998,.F.);
#4490=ORIENTED_EDGE('',*,*,#5999,.T.);
#4491=ORIENTED_EDGE('',*,*,#6000,.F.);
#4492=ORIENTED_EDGE('',*,*,#6001,.T.);
#4493=ORIENTED_EDGE('',*,*,#6002,.F.);
#4494=ORIENTED_EDGE('',*,*,#6003,.F.);
#4495=ORIENTED_EDGE('',*,*,#6004,.T.);
#4496=ORIENTED_EDGE('',*,*,#6005,.F.);
#4497=ORIENTED_EDGE('',*,*,#6006,.T.);
#4498=ORIENTED_EDGE('',*,*,#6007,.F.);
#4499=ORIENTED_EDGE('',*,*,#6008,.T.);
#4500=ORIENTED_EDGE('',*,*,#6009,.F.);
#4501=ORIENTED_EDGE('',*,*,#5932,.T.);
#4502=ORIENTED_EDGE('',*,*,#6010,.T.);
#4503=ORIENTED_EDGE('',*,*,#6000,.T.);
#4504=ORIENTED_EDGE('',*,*,#6011,.T.);
#4505=ORIENTED_EDGE('',*,*,#6012,.F.);
#4506=ORIENTED_EDGE('',*,*,#6013,.T.);
#4507=ORIENTED_EDGE('',*,*,#5998,.T.);
#4508=ORIENTED_EDGE('',*,*,#6014,.T.);
#4509=ORIENTED_EDGE('',*,*,#6015,.F.);
#4510=ORIENTED_EDGE('',*,*,#6016,.T.);
#4511=ORIENTED_EDGE('',*,*,#5996,.T.);
#4512=ORIENTED_EDGE('',*,*,#6017,.T.);
#4513=ORIENTED_EDGE('',*,*,#6018,.F.);
#4514=ORIENTED_EDGE('',*,*,#6019,.T.);
#4515=ORIENTED_EDGE('',*,*,#6002,.T.);
#4516=ORIENTED_EDGE('',*,*,#6020,.T.);
#4517=ORIENTED_EDGE('',*,*,#6021,.F.);
#4518=ORIENTED_EDGE('',*,*,#6022,.T.);
#4519=ORIENTED_EDGE('',*,*,#6023,.T.);
#4520=ORIENTED_EDGE('',*,*,#6024,.T.);
#4521=ORIENTED_EDGE('',*,*,#6025,.T.);
#4522=ORIENTED_EDGE('',*,*,#6026,.T.);
#4523=ORIENTED_EDGE('',*,*,#6027,.T.);
#4524=ORIENTED_EDGE('',*,*,#6028,.T.);
#4525=ORIENTED_EDGE('',*,*,#6029,.T.);
#4526=ORIENTED_EDGE('',*,*,#6030,.T.);
#4527=ORIENTED_EDGE('',*,*,#6031,.T.);
#4528=ORIENTED_EDGE('',*,*,#6032,.T.);
#4529=ORIENTED_EDGE('',*,*,#6033,.T.);
#4530=ORIENTED_EDGE('',*,*,#6034,.T.);
#4531=ORIENTED_EDGE('',*,*,#6035,.T.);
#4532=ORIENTED_EDGE('',*,*,#6036,.T.);
#4533=ORIENTED_EDGE('',*,*,#6037,.T.);
#4534=ORIENTED_EDGE('',*,*,#6038,.T.);
#4535=ORIENTED_EDGE('',*,*,#6039,.T.);
#4536=ORIENTED_EDGE('',*,*,#6040,.T.);
#4537=ORIENTED_EDGE('',*,*,#6041,.T.);
#4538=ORIENTED_EDGE('',*,*,#6042,.T.);
#4539=ORIENTED_EDGE('',*,*,#6043,.T.);
#4540=ORIENTED_EDGE('',*,*,#6044,.T.);
#4541=ORIENTED_EDGE('',*,*,#6045,.T.);
#4542=ORIENTED_EDGE('',*,*,#6046,.T.);
#4543=ORIENTED_EDGE('',*,*,#6047,.F.);
#4544=ORIENTED_EDGE('',*,*,#6048,.F.);
#4545=ORIENTED_EDGE('',*,*,#6049,.F.);
#4546=ORIENTED_EDGE('',*,*,#6050,.F.);
#4547=ORIENTED_EDGE('',*,*,#6051,.F.);
#4548=ORIENTED_EDGE('',*,*,#6021,.T.);
#4549=ORIENTED_EDGE('',*,*,#6052,.T.);
#4550=ORIENTED_EDGE('',*,*,#6012,.T.);
#4551=ORIENTED_EDGE('',*,*,#6053,.T.);
#4552=ORIENTED_EDGE('',*,*,#6015,.T.);
#4553=ORIENTED_EDGE('',*,*,#6054,.T.);
#4554=ORIENTED_EDGE('',*,*,#6018,.T.);
#4555=ORIENTED_EDGE('',*,*,#6055,.T.);
#4556=ORIENTED_EDGE('',*,*,#6001,.F.);
#4557=ORIENTED_EDGE('',*,*,#6010,.F.);
#4558=ORIENTED_EDGE('',*,*,#6052,.F.);
#4559=ORIENTED_EDGE('',*,*,#6020,.F.);
#4560=ORIENTED_EDGE('',*,*,#5995,.F.);
#4561=ORIENTED_EDGE('',*,*,#6019,.F.);
#4562=ORIENTED_EDGE('',*,*,#6055,.F.);
#4563=ORIENTED_EDGE('',*,*,#6017,.F.);
#4564=ORIENTED_EDGE('',*,*,#5997,.F.);
#4565=ORIENTED_EDGE('',*,*,#6016,.F.);
#4566=ORIENTED_EDGE('',*,*,#6054,.F.);
#4567=ORIENTED_EDGE('',*,*,#6014,.F.);
#4568=ORIENTED_EDGE('',*,*,#5999,.F.);
#4569=ORIENTED_EDGE('',*,*,#6013,.F.);
#4570=ORIENTED_EDGE('',*,*,#6053,.F.);
#4571=ORIENTED_EDGE('',*,*,#6011,.F.);
#4572=ORIENTED_EDGE('',*,*,#6056,.F.);
#4573=ORIENTED_EDGE('',*,*,#5964,.T.);
#4574=ORIENTED_EDGE('',*,*,#6057,.F.);
#4575=ORIENTED_EDGE('',*,*,#6006,.F.);
#4576=ORIENTED_EDGE('',*,*,#6058,.F.);
#4577=ORIENTED_EDGE('',*,*,#5962,.T.);
#4578=ORIENTED_EDGE('',*,*,#6059,.F.);
#4579=ORIENTED_EDGE('',*,*,#6008,.F.);
#4580=ORIENTED_EDGE('',*,*,#6060,.F.);
#4581=ORIENTED_EDGE('',*,*,#5966,.T.);
#4582=ORIENTED_EDGE('',*,*,#6061,.F.);
#4583=ORIENTED_EDGE('',*,*,#6004,.F.);
#4584=ORIENTED_EDGE('',*,*,#6005,.T.);
#4585=ORIENTED_EDGE('',*,*,#6061,.T.);
#4586=ORIENTED_EDGE('',*,*,#5965,.T.);
#4587=ORIENTED_EDGE('',*,*,#6056,.T.);
#4588=ORIENTED_EDGE('',*,*,#6003,.T.);
#4589=ORIENTED_EDGE('',*,*,#5931,.T.);
#4590=ORIENTED_EDGE('',*,*,#5967,.T.);
#4591=ORIENTED_EDGE('',*,*,#6060,.T.);
#4592=ORIENTED_EDGE('',*,*,#6009,.T.);
#4593=ORIENTED_EDGE('',*,*,#6059,.T.);
#4594=ORIENTED_EDGE('',*,*,#5961,.T.);
#4595=ORIENTED_EDGE('',*,*,#5933,.T.);
#4596=ORIENTED_EDGE('',*,*,#6007,.T.);
#4597=ORIENTED_EDGE('',*,*,#6057,.T.);
#4598=ORIENTED_EDGE('',*,*,#5963,.T.);
#4599=ORIENTED_EDGE('',*,*,#6058,.T.);
#4600=ORIENTED_EDGE('',*,*,#5982,.T.);
#4601=ORIENTED_EDGE('',*,*,#6062,.T.);
#4602=ORIENTED_EDGE('',*,*,#6063,.T.);
#4603=ORIENTED_EDGE('',*,*,#6062,.F.);
#4604=ORIENTED_EDGE('',*,*,#5981,.T.);
#4605=ORIENTED_EDGE('',*,*,#6064,.T.);
#4606=ORIENTED_EDGE('',*,*,#6065,.T.);
#4607=ORIENTED_EDGE('',*,*,#6064,.F.);
#4608=ORIENTED_EDGE('',*,*,#5980,.T.);
#4609=ORIENTED_EDGE('',*,*,#6066,.T.);
#4610=ORIENTED_EDGE('',*,*,#6067,.T.);
#4611=ORIENTED_EDGE('',*,*,#6066,.F.);
#4612=ORIENTED_EDGE('',*,*,#5979,.T.);
#4613=ORIENTED_EDGE('',*,*,#6068,.T.);
#4614=ORIENTED_EDGE('',*,*,#6069,.T.);
#4615=ORIENTED_EDGE('',*,*,#6068,.F.);
#4616=ORIENTED_EDGE('',*,*,#5978,.T.);
#4617=ORIENTED_EDGE('',*,*,#6070,.T.);
#4618=ORIENTED_EDGE('',*,*,#6071,.T.);
#4619=ORIENTED_EDGE('',*,*,#6070,.F.);
#4620=ORIENTED_EDGE('',*,*,#6047,.T.);
#4621=ORIENTED_EDGE('',*,*,#6071,.F.);
#4622=ORIENTED_EDGE('',*,*,#6048,.T.);
#4623=ORIENTED_EDGE('',*,*,#6069,.F.);
#4624=ORIENTED_EDGE('',*,*,#6049,.T.);
#4625=ORIENTED_EDGE('',*,*,#6067,.F.);
#4626=ORIENTED_EDGE('',*,*,#6050,.T.);
#4627=ORIENTED_EDGE('',*,*,#6065,.F.);
#4628=ORIENTED_EDGE('',*,*,#6051,.T.);
#4629=ORIENTED_EDGE('',*,*,#6063,.F.);
#4630=ORIENTED_EDGE('',*,*,#6046,.F.);
#4631=ORIENTED_EDGE('',*,*,#5934,.T.);
#4632=ORIENTED_EDGE('',*,*,#6045,.F.);
#4633=ORIENTED_EDGE('',*,*,#5935,.T.);
#4634=ORIENTED_EDGE('',*,*,#6044,.F.);
#4635=ORIENTED_EDGE('',*,*,#5936,.T.);
#4636=ORIENTED_EDGE('',*,*,#6043,.F.);
#4637=ORIENTED_EDGE('',*,*,#5937,.T.);
#4638=ORIENTED_EDGE('',*,*,#6042,.F.);
#4639=ORIENTED_EDGE('',*,*,#5938,.T.);
#4640=ORIENTED_EDGE('',*,*,#6041,.F.);
#4641=ORIENTED_EDGE('',*,*,#5939,.T.);
#4642=ORIENTED_EDGE('',*,*,#6040,.F.);
#4643=ORIENTED_EDGE('',*,*,#5940,.T.);
#4644=ORIENTED_EDGE('',*,*,#6039,.F.);
#4645=ORIENTED_EDGE('',*,*,#5941,.T.);
#4646=ORIENTED_EDGE('',*,*,#6038,.F.);
#4647=ORIENTED_EDGE('',*,*,#5942,.T.);
#4648=ORIENTED_EDGE('',*,*,#6037,.F.);
#4649=ORIENTED_EDGE('',*,*,#5943,.T.);
#4650=ORIENTED_EDGE('',*,*,#6036,.F.);
#4651=ORIENTED_EDGE('',*,*,#5944,.T.);
#4652=ORIENTED_EDGE('',*,*,#6035,.F.);
#4653=ORIENTED_EDGE('',*,*,#5945,.T.);
#4654=ORIENTED_EDGE('',*,*,#6034,.F.);
#4655=ORIENTED_EDGE('',*,*,#5946,.T.);
#4656=ORIENTED_EDGE('',*,*,#6033,.F.);
#4657=ORIENTED_EDGE('',*,*,#5947,.T.);
#4658=ORIENTED_EDGE('',*,*,#6032,.F.);
#4659=ORIENTED_EDGE('',*,*,#5948,.T.);
#4660=ORIENTED_EDGE('',*,*,#6031,.F.);
#4661=ORIENTED_EDGE('',*,*,#5949,.T.);
#4662=ORIENTED_EDGE('',*,*,#6030,.F.);
#4663=ORIENTED_EDGE('',*,*,#5950,.T.);
#4664=ORIENTED_EDGE('',*,*,#6029,.F.);
#4665=ORIENTED_EDGE('',*,*,#5951,.T.);
#4666=ORIENTED_EDGE('',*,*,#6028,.F.);
#4667=ORIENTED_EDGE('',*,*,#5952,.T.);
#4668=ORIENTED_EDGE('',*,*,#6027,.F.);
#4669=ORIENTED_EDGE('',*,*,#5953,.T.);
#4670=ORIENTED_EDGE('',*,*,#6026,.F.);
#4671=ORIENTED_EDGE('',*,*,#5954,.T.);
#4672=ORIENTED_EDGE('',*,*,#6025,.F.);
#4673=ORIENTED_EDGE('',*,*,#5955,.T.);
#4674=ORIENTED_EDGE('',*,*,#6024,.F.);
#4675=ORIENTED_EDGE('',*,*,#5956,.T.);
#4676=ORIENTED_EDGE('',*,*,#6023,.F.);
#4677=ORIENTED_EDGE('',*,*,#5957,.T.);
#4678=ORIENTED_EDGE('',*,*,#6022,.F.);
#4679=ORIENTED_EDGE('',*,*,#5958,.T.);
#4680=ORIENTED_EDGE('',*,*,#6072,.F.);
#4681=ORIENTED_EDGE('',*,*,#5977,.T.);
#4682=ORIENTED_EDGE('',*,*,#6072,.T.);
#4683=ORIENTED_EDGE('',*,*,#5984,.F.);
#4684=ORIENTED_EDGE('',*,*,#6073,.F.);
#4685=ORIENTED_EDGE('',*,*,#6074,.T.);
#4686=ORIENTED_EDGE('',*,*,#6075,.T.);
#4687=ORIENTED_EDGE('',*,*,#5983,.T.);
#4688=ORIENTED_EDGE('',*,*,#6076,.F.);
#4689=ORIENTED_EDGE('',*,*,#6077,.F.);
#4690=ORIENTED_EDGE('',*,*,#6073,.T.);
#4691=ORIENTED_EDGE('',*,*,#5994,.T.);
#4692=ORIENTED_EDGE('',*,*,#6078,.F.);
#4693=ORIENTED_EDGE('',*,*,#6079,.F.);
#4694=ORIENTED_EDGE('',*,*,#6076,.T.);
#4695=ORIENTED_EDGE('',*,*,#5993,.T.);
#4696=ORIENTED_EDGE('',*,*,#6080,.F.);
#4697=ORIENTED_EDGE('',*,*,#6081,.F.);
#4698=ORIENTED_EDGE('',*,*,#6078,.T.);
#4699=ORIENTED_EDGE('',*,*,#5992,.T.);
#4700=ORIENTED_EDGE('',*,*,#6082,.F.);
#4701=ORIENTED_EDGE('',*,*,#6083,.F.);
#4702=ORIENTED_EDGE('',*,*,#6080,.T.);
#4703=ORIENTED_EDGE('',*,*,#5991,.F.);
#4704=ORIENTED_EDGE('',*,*,#6084,.F.);
#4705=ORIENTED_EDGE('',*,*,#6085,.T.);
#4706=ORIENTED_EDGE('',*,*,#6082,.T.);
#4707=ORIENTED_EDGE('',*,*,#5990,.F.);
#4708=ORIENTED_EDGE('',*,*,#6086,.F.);
#4709=ORIENTED_EDGE('',*,*,#6087,.T.);
#4710=ORIENTED_EDGE('',*,*,#6084,.T.);
#4711=ORIENTED_EDGE('',*,*,#5989,.F.);
#4712=ORIENTED_EDGE('',*,*,#6088,.F.);
#4713=ORIENTED_EDGE('',*,*,#6089,.T.);
#4714=ORIENTED_EDGE('',*,*,#6086,.T.);
#4715=ORIENTED_EDGE('',*,*,#5988,.F.);
#4716=ORIENTED_EDGE('',*,*,#6090,.F.);
#4717=ORIENTED_EDGE('',*,*,#6091,.T.);
#4718=ORIENTED_EDGE('',*,*,#6088,.T.);
#4719=ORIENTED_EDGE('',*,*,#5987,.F.);
#4720=ORIENTED_EDGE('',*,*,#6092,.F.);
#4721=ORIENTED_EDGE('',*,*,#6093,.T.);
#4722=ORIENTED_EDGE('',*,*,#6090,.T.);
#4723=ORIENTED_EDGE('',*,*,#5986,.F.);
#4724=ORIENTED_EDGE('',*,*,#6094,.F.);
#4725=ORIENTED_EDGE('',*,*,#6095,.T.);
#4726=ORIENTED_EDGE('',*,*,#6092,.T.);
#4727=ORIENTED_EDGE('',*,*,#5985,.F.);
#4728=ORIENTED_EDGE('',*,*,#6075,.F.);
#4729=ORIENTED_EDGE('',*,*,#6096,.T.);
#4730=ORIENTED_EDGE('',*,*,#6094,.T.);
#4731=ORIENTED_EDGE('',*,*,#6074,.F.);
#4732=ORIENTED_EDGE('',*,*,#6077,.T.);
#4733=ORIENTED_EDGE('',*,*,#6079,.T.);
#4734=ORIENTED_EDGE('',*,*,#6081,.T.);
#4735=ORIENTED_EDGE('',*,*,#6083,.T.);
#4736=ORIENTED_EDGE('',*,*,#6085,.F.);
#4737=ORIENTED_EDGE('',*,*,#6087,.F.);
#4738=ORIENTED_EDGE('',*,*,#6089,.F.);
#4739=ORIENTED_EDGE('',*,*,#6091,.F.);
#4740=ORIENTED_EDGE('',*,*,#6093,.F.);
#4741=ORIENTED_EDGE('',*,*,#6095,.F.);
#4742=ORIENTED_EDGE('',*,*,#6096,.F.);
#4743=ORIENTED_EDGE('',*,*,#5927,.F.);
#4744=ORIENTED_EDGE('',*,*,#5960,.T.);
#4745=ORIENTED_EDGE('',*,*,#5929,.F.);
#4746=ORIENTED_EDGE('',*,*,#6097,.F.);
#4747=ORIENTED_EDGE('',*,*,#6098,.T.);
#4748=ORIENTED_EDGE('',*,*,#5959,.F.);
#4749=ORIENTED_EDGE('',*,*,#6097,.T.);
#4750=ORIENTED_EDGE('',*,*,#5928,.T.);
#4751=ORIENTED_EDGE('',*,*,#6098,.F.);
#4752=ORIENTED_EDGE('',*,*,#6099,.F.);
#4753=ORIENTED_EDGE('',*,*,#5976,.T.);
#4754=ORIENTED_EDGE('',*,*,#6099,.T.);
#4755=ORIENTED_EDGE('',*,*,#6100,.F.);
#4756=ORIENTED_EDGE('',*,*,#5975,.T.);
#4757=ORIENTED_EDGE('',*,*,#6100,.T.);
#4758=ORIENTED_EDGE('',*,*,#6101,.F.);
#4759=ORIENTED_EDGE('',*,*,#5974,.T.);
#4760=ORIENTED_EDGE('',*,*,#6101,.T.);
#4761=ORIENTED_EDGE('',*,*,#6102,.F.);
#4762=ORIENTED_EDGE('',*,*,#5973,.T.);
#4763=ORIENTED_EDGE('',*,*,#6102,.T.);
#4764=ORIENTED_EDGE('',*,*,#6103,.F.);
#4765=ORIENTED_EDGE('',*,*,#5972,.T.);
#4766=ORIENTED_EDGE('',*,*,#6103,.T.);
#4767=ORIENTED_EDGE('',*,*,#6104,.F.);
#4768=ORIENTED_EDGE('',*,*,#5971,.T.);
#4769=ORIENTED_EDGE('',*,*,#6104,.T.);
#4770=ORIENTED_EDGE('',*,*,#6105,.F.);
#4771=ORIENTED_EDGE('',*,*,#5970,.T.);
#4772=ORIENTED_EDGE('',*,*,#6105,.T.);
#4773=ORIENTED_EDGE('',*,*,#6106,.F.);
#4774=ORIENTED_EDGE('',*,*,#5969,.T.);
#4775=ORIENTED_EDGE('',*,*,#6106,.T.);
#4776=ORIENTED_EDGE('',*,*,#6107,.F.);
#4777=ORIENTED_EDGE('',*,*,#5968,.T.);
#4778=ORIENTED_EDGE('',*,*,#6107,.T.);
#4779=EDGE_CURVE('',#6108,#6109,#7038,.T.);
#4780=EDGE_CURVE('',#6108,#6110,#515,.F.);
#4781=EDGE_CURVE('',#6110,#6111,#283,.T.);
#4782=EDGE_CURVE('',#6111,#6112,#284,.T.);
#4783=EDGE_CURVE('',#6112,#6113,#516,.F.);
#4784=EDGE_CURVE('',#6113,#6114,#285,.T.);
#4785=EDGE_CURVE('',#6114,#6115,#286,.T.);
#4786=EDGE_CURVE('',#6115,#6116,#517,.T.);
#4787=EDGE_CURVE('',#6116,#6117,#518,.F.);
#4788=EDGE_CURVE('',#6118,#6117,#7039,.T.);
#4789=EDGE_CURVE('',#6118,#6119,#519,.T.);
#4790=EDGE_CURVE('',#6120,#6119,#7040,.T.);
#4791=EDGE_CURVE('',#6120,#6109,#520,.T.);
#4792=EDGE_CURVE('',#6121,#6122,#287,.T.);
#4793=EDGE_CURVE('',#6122,#6123,#288,.T.);
#4794=EDGE_CURVE('',#6123,#6124,#289,.T.);
#4795=EDGE_CURVE('',#6124,#6125,#521,.T.);
#4796=EDGE_CURVE('',#6125,#6126,#290,.T.);
#4797=EDGE_CURVE('',#6126,#6127,#291,.T.);
#4798=EDGE_CURVE('',#6127,#6128,#292,.T.);
#4799=EDGE_CURVE('',#6128,#6129,#293,.T.);
#4800=EDGE_CURVE('',#6129,#6130,#522,.F.);
#4801=EDGE_CURVE('',#6130,#6121,#294,.T.);
#4802=EDGE_CURVE('',#6131,#6132,#7041,.T.);
#4803=EDGE_CURVE('',#6131,#6133,#523,.F.);
#4804=EDGE_CURVE('',#6133,#6134,#295,.T.);
#4805=EDGE_CURVE('',#6134,#6135,#296,.T.);
#4806=EDGE_CURVE('',#6135,#6136,#524,.F.);
#4807=EDGE_CURVE('',#6136,#6137,#297,.T.);
#4808=EDGE_CURVE('',#6137,#6138,#298,.T.);
#4809=EDGE_CURVE('',#6138,#6139,#525,.T.);
#4810=EDGE_CURVE('',#6140,#6139,#7042,.T.);
#4811=EDGE_CURVE('',#6140,#6132,#526,.T.);
#4812=EDGE_CURVE('',#6141,#6142,#7043,.T.);
#4813=EDGE_CURVE('',#6141,#6143,#527,.F.);
#4814=EDGE_CURVE('',#6143,#6144,#299,.T.);
#4815=EDGE_CURVE('',#6144,#6145,#300,.T.);
#4816=EDGE_CURVE('',#6145,#6146,#528,.F.);
#4817=EDGE_CURVE('',#6146,#6147,#301,.T.);
#4818=EDGE_CURVE('',#6147,#6148,#302,.T.);
#4819=EDGE_CURVE('',#6148,#6149,#303,.T.);
#4820=EDGE_CURVE('',#6149,#6150,#529,.F.);
#4821=EDGE_CURVE('',#6150,#6151,#304,.T.);
#4822=EDGE_CURVE('',#6151,#6152,#305,.T.);
#4823=EDGE_CURVE('',#6153,#6152,#7044,.T.);
#4824=EDGE_CURVE('',#6153,#6154,#530,.T.);
#4825=EDGE_CURVE('',#6155,#6154,#7045,.T.);
#4826=EDGE_CURVE('',#6155,#6156,#306,.T.);
#4827=EDGE_CURVE('',#6156,#6157,#307,.T.);
#4828=EDGE_CURVE('',#6157,#6158,#531,.T.);
#4829=EDGE_CURVE('',#6158,#6159,#308,.T.);
#4830=EDGE_CURVE('',#6159,#6160,#309,.T.);
#4831=EDGE_CURVE('',#6160,#6161,#532,.T.);
#4832=EDGE_CURVE('',#6161,#6162,#533,.F.);
#4833=EDGE_CURVE('',#6163,#6162,#7046,.T.);
#4834=EDGE_CURVE('',#6163,#6164,#534,.T.);
#4835=EDGE_CURVE('',#6165,#6164,#7047,.T.);
#4836=EDGE_CURVE('',#6165,#6142,#535,.T.);
#4837=EDGE_CURVE('',#6166,#6167,#536,.T.);
#4838=EDGE_CURVE('',#6166,#6168,#7048,.F.);
#4839=EDGE_CURVE('',#6169,#6168,#537,.T.);
#4840=EDGE_CURVE('',#6169,#6170,#7049,.F.);
#4841=EDGE_CURVE('',#6171,#6170,#538,.T.);
#4842=EDGE_CURVE('',#6171,#6172,#7050,.F.);
#4843=EDGE_CURVE('',#6173,#6172,#539,.T.);
#4844=EDGE_CURVE('',#6173,#6167,#7051,.F.);
#4845=EDGE_CURVE('',#6174,#6174,#7052,.T.);
#4846=EDGE_CURVE('',#6175,#6175,#7053,.T.);
#4847=EDGE_CURVE('',#6176,#6176,#7054,.T.);
#4848=EDGE_CURVE('',#6177,#6177,#7055,.T.);
#4849=EDGE_CURVE('',#6178,#6178,#7056,.T.);
#4850=EDGE_CURVE('',#6179,#6179,#7057,.T.);
#4851=EDGE_CURVE('',#6180,#6180,#7058,.T.);
#4852=EDGE_CURVE('',#6181,#6181,#7059,.T.);
#4853=EDGE_CURVE('',#6182,#6182,#7060,.T.);
#4854=EDGE_CURVE('',#6183,#6184,#540,.T.);
#4855=EDGE_CURVE('',#6184,#6185,#541,.T.);
#4856=EDGE_CURVE('',#6185,#6186,#542,.T.);
#4857=EDGE_CURVE('',#6186,#6183,#543,.T.);
#4858=EDGE_CURVE('',#6187,#6188,#7061,.T.);
#4859=EDGE_CURVE('',#6187,#6189,#544,.F.);
#4860=EDGE_CURVE('',#6189,#6190,#310,.T.);
#4861=EDGE_CURVE('',#6190,#6191,#311,.T.);
#4862=EDGE_CURVE('',#6191,#6192,#545,.F.);
#4863=EDGE_CURVE('',#6192,#6193,#312,.T.);
#4864=EDGE_CURVE('',#6193,#6194,#313,.T.);
#4865=EDGE_CURVE('',#6194,#6195,#314,.T.);
#4866=EDGE_CURVE('',#6195,#6196,#546,.F.);
#4867=EDGE_CURVE('',#6196,#6197,#315,.T.);
#4868=EDGE_CURVE('',#6197,#6198,#316,.T.);
#4869=EDGE_CURVE('',#6199,#6198,#7062,.T.);
#4870=EDGE_CURVE('',#6199,#6200,#547,.T.);
#4871=EDGE_CURVE('',#6201,#6200,#7063,.T.);
#4872=EDGE_CURVE('',#6201,#6202,#317,.T.);
#4873=EDGE_CURVE('',#6202,#6203,#318,.T.);
#4874=EDGE_CURVE('',#6203,#6204,#548,.T.);
#4875=EDGE_CURVE('',#6204,#6205,#319,.T.);
#4876=EDGE_CURVE('',#6205,#6206,#320,.T.);
#4877=EDGE_CURVE('',#6206,#6207,#549,.T.);
#4878=EDGE_CURVE('',#6207,#6208,#550,.F.);
#4879=EDGE_CURVE('',#6209,#6208,#7064,.T.);
#4880=EDGE_CURVE('',#6209,#6210,#551,.T.);
#4881=EDGE_CURVE('',#6211,#6210,#7065,.T.);
#4882=EDGE_CURVE('',#6211,#6188,#552,.T.);
#4883=EDGE_CURVE('',#6212,#6213,#553,.T.);
#4884=EDGE_CURVE('',#6213,#6214,#554,.T.);
#4885=EDGE_CURVE('',#6215,#6214,#7066,.T.);
#4886=EDGE_CURVE('',#6215,#6216,#555,.T.);
#4887=EDGE_CURVE('',#6217,#6216,#7067,.T.);
#4888=EDGE_CURVE('',#6217,#6218,#556,.F.);
#4889=EDGE_CURVE('',#6219,#6218,#7068,.T.);
#4890=EDGE_CURVE('',#6219,#6220,#557,.F.);
#4891=EDGE_CURVE('',#6221,#6220,#7069,.T.);
#4892=EDGE_CURVE('',#6221,#6222,#558,.T.);
#4893=EDGE_CURVE('',#6222,#6223,#559,.F.);
#4894=EDGE_CURVE('',#6224,#6223,#7070,.T.);
#4895=EDGE_CURVE('',#6224,#6225,#560,.T.);
#4896=EDGE_CURVE('',#6212,#6225,#7071,.T.);
#4897=EDGE_CURVE('',#6226,#6227,#7072,.T.);
#4898=EDGE_CURVE('',#6226,#6228,#561,.F.);
#4899=EDGE_CURVE('',#6229,#6228,#7073,.T.);
#4900=EDGE_CURVE('',#6229,#6230,#562,.F.);
#4901=EDGE_CURVE('',#6231,#6230,#7074,.T.);
#4902=EDGE_CURVE('',#6231,#6232,#563,.T.);
#4903=EDGE_CURVE('',#6232,#6233,#564,.F.);
#4904=EDGE_CURVE('',#6233,#6234,#565,.F.);
#4905=EDGE_CURVE('',#6235,#6234,#7075,.T.);
#4906=EDGE_CURVE('',#6235,#6236,#566,.F.);
#4907=EDGE_CURVE('',#6237,#6236,#7076,.T.);
#4908=EDGE_CURVE('',#6237,#6238,#567,.T.);
#4909=EDGE_CURVE('',#6238,#6239,#568,.F.);
#4910=EDGE_CURVE('',#6239,#6240,#569,.F.);
#4911=EDGE_CURVE('',#6241,#6240,#7077,.T.);
#4912=EDGE_CURVE('',#6241,#6242,#570,.F.);
#4913=EDGE_CURVE('',#6243,#6242,#7078,.T.);
#4914=EDGE_CURVE('',#6243,#6244,#571,.T.);
#4915=EDGE_CURVE('',#6245,#6244,#7079,.T.);
#4916=EDGE_CURVE('',#6245,#6227,#572,.T.);
#4917=EDGE_CURVE('',#6246,#6247,#7080,.T.);
#4918=EDGE_CURVE('',#6246,#6248,#573,.F.);
#4919=EDGE_CURVE('',#6249,#6248,#7081,.T.);
#4920=EDGE_CURVE('',#6249,#6250,#574,.T.);
#4921=EDGE_CURVE('',#6251,#6250,#7082,.T.);
#4922=EDGE_CURVE('',#6251,#6252,#575,.T.);
#4923=EDGE_CURVE('',#6253,#6252,#7083,.T.);
#4924=EDGE_CURVE('',#6253,#6254,#576,.T.);
#4925=EDGE_CURVE('',#6254,#6255,#577,.T.);
#4926=EDGE_CURVE('',#6255,#6256,#578,.T.);
#4927=EDGE_CURVE('',#6257,#6256,#7084,.T.);
#4928=EDGE_CURVE('',#6257,#6258,#579,.T.);
#4929=EDGE_CURVE('',#6259,#6258,#7085,.T.);
#4930=EDGE_CURVE('',#6259,#6247,#580,.T.);
#4931=EDGE_CURVE('',#6260,#6260,#7086,.T.);
#4932=EDGE_CURVE('',#6261,#6261,#7087,.T.);
#4933=EDGE_CURVE('',#6262,#6262,#7088,.T.);
#4934=EDGE_CURVE('',#6263,#6263,#7089,.T.);
#4935=EDGE_CURVE('',#6264,#6265,#581,.T.);
#4936=EDGE_CURVE('',#6266,#6265,#7090,.F.);
#4937=EDGE_CURVE('',#6266,#6267,#582,.T.);
#4938=EDGE_CURVE('',#6268,#6267,#7091,.F.);
#4939=EDGE_CURVE('',#6268,#6269,#583,.T.);
#4940=EDGE_CURVE('',#6270,#6269,#7092,.F.);
#4941=EDGE_CURVE('',#6270,#6271,#584,.T.);
#4942=EDGE_CURVE('',#6264,#6271,#7093,.F.);
#4943=EDGE_CURVE('',#6272,#6272,#7094,.F.);
#4944=EDGE_CURVE('',#6273,#6273,#7095,.F.);
#4945=EDGE_CURVE('',#6274,#6274,#7096,.F.);
#4946=EDGE_CURVE('',#6275,#6275,#7097,.F.);
#4947=EDGE_CURVE('',#6276,#6276,#7098,.F.);
#4948=EDGE_CURVE('',#6277,#6277,#7099,.F.);
#4949=EDGE_CURVE('',#6278,#6278,#7100,.F.);
#4950=EDGE_CURVE('',#6279,#6279,#7101,.F.);
#4951=EDGE_CURVE('',#6280,#6280,#7102,.F.);
#4952=EDGE_CURVE('',#6281,#6282,#7103,.T.);
#4953=EDGE_CURVE('',#6283,#6281,#585,.T.);
#4954=EDGE_CURVE('',#6284,#6283,#586,.T.);
#4955=EDGE_CURVE('',#6285,#6284,#587,.T.);
#4956=EDGE_CURVE('',#6286,#6285,#7104,.T.);
#4957=EDGE_CURVE('',#6282,#6286,#588,.T.);
#4958=EDGE_CURVE('',#6285,#6287,#589,.F.);
#4959=EDGE_CURVE('',#6288,#6284,#590,.T.);
#4960=EDGE_CURVE('',#6287,#6288,#591,.T.);
#4961=EDGE_CURVE('',#6289,#6281,#592,.T.);
#4962=EDGE_CURVE('',#6290,#6289,#593,.T.);
#4963=EDGE_CURVE('',#6290,#6283,#594,.T.);
#4964=EDGE_CURVE('',#6282,#6291,#595,.F.);
#4965=EDGE_CURVE('',#6292,#6286,#596,.T.);
#4966=EDGE_CURVE('',#6291,#6292,#597,.T.);
#4967=EDGE_CURVE('',#6293,#6294,#598,.T.);
#4968=EDGE_CURVE('',#6294,#6295,#599,.T.);
#4969=EDGE_CURVE('',#6295,#6296,#600,.T.);
#4970=EDGE_CURVE('',#6296,#6293,#601,.T.);
#4971=EDGE_CURVE('',#6297,#6298,#602,.T.);
#4972=EDGE_CURVE('',#6298,#6299,#603,.T.);
#4973=EDGE_CURVE('',#6299,#6300,#604,.T.);
#4974=EDGE_CURVE('',#6300,#6297,#605,.T.);
#4975=EDGE_CURVE('',#6301,#6302,#7105,.F.);
#4976=EDGE_CURVE('',#6301,#6303,#606,.T.);
#4977=EDGE_CURVE('',#6304,#6303,#7106,.F.);
#4978=EDGE_CURVE('',#6304,#6305,#607,.T.);
#4979=EDGE_CURVE('',#6306,#6305,#7107,.F.);
#4980=EDGE_CURVE('',#6306,#6307,#608,.T.);
#4981=EDGE_CURVE('',#6308,#6307,#7108,.F.);
#4982=EDGE_CURVE('',#6308,#6302,#609,.T.);
#4983=EDGE_CURVE('',#6309,#6310,#610,.T.);
#4984=EDGE_CURVE('',#6309,#6311,#7109,.F.);
#4985=EDGE_CURVE('',#6312,#6311,#611,.T.);
#4986=EDGE_CURVE('',#6312,#6313,#7110,.F.);
#4987=EDGE_CURVE('',#6314,#6313,#612,.T.);
#4988=EDGE_CURVE('',#6314,#6315,#7111,.F.);
#4989=EDGE_CURVE('',#6316,#6315,#613,.T.);
#4990=EDGE_CURVE('',#6316,#6310,#7112,.F.);
#4991=EDGE_CURVE('',#6304,#6166,#614,.T.);
#4992=EDGE_CURVE('',#6168,#6303,#615,.F.);
#4993=EDGE_CURVE('',#6301,#6169,#616,.T.);
#4994=EDGE_CURVE('',#6170,#6302,#617,.F.);
#4995=EDGE_CURVE('',#6308,#6171,#618,.T.);
#4996=EDGE_CURVE('',#6172,#6307,#619,.F.);
#4997=EDGE_CURVE('',#6306,#6173,#620,.T.);
#4998=EDGE_CURVE('',#6167,#6305,#621,.F.);
#4999=EDGE_CURVE('',#6316,#6264,#622,.T.);
#5000=EDGE_CURVE('',#6271,#6310,#623,.F.);
#5001=EDGE_CURVE('',#6309,#6270,#624,.T.);
#5002=EDGE_CURVE('',#6269,#6311,#625,.T.);
#5003=EDGE_CURVE('',#6312,#6268,#626,.F.);
#5004=EDGE_CURVE('',#6267,#6313,#627,.T.);
#5005=EDGE_CURVE('',#6314,#6266,#628,.F.);
#5006=EDGE_CURVE('',#6265,#6315,#629,.F.);
#5007=EDGE_CURVE('',#6298,#6184,#630,.T.);
#5008=EDGE_CURVE('',#6299,#6183,#631,.T.);
#5009=EDGE_CURVE('',#6297,#6185,#632,.T.);
#5010=EDGE_CURVE('',#6300,#6186,#633,.T.);
#5011=EDGE_CURVE('',#6288,#6290,#634,.T.);
#5012=EDGE_CURVE('',#6317,#6293,#635,.T.);
#5013=EDGE_CURVE('',#6317,#6318,#636,.T.);
#5014=EDGE_CURVE('',#6318,#6294,#637,.T.);
#5015=EDGE_CURVE('',#6319,#6296,#638,.T.);
#5016=EDGE_CURVE('',#6319,#6317,#639,.T.);
#5017=EDGE_CURVE('',#6320,#6295,#640,.T.);
#5018=EDGE_CURVE('',#6320,#6319,#641,.T.);
#5019=EDGE_CURVE('',#6318,#6320,#642,.T.);
#5020=EDGE_CURVE('',#6289,#6291,#7113,.F.);
#5021=EDGE_CURVE('',#6292,#6287,#7114,.F.);
#5022=EDGE_CURVE('',#6321,#6321,#7115,.T.);
#5023=EDGE_CURVE('',#6322,#6322,#7116,.T.);
#5024=EDGE_CURVE('',#6323,#6323,#7117,.T.);
#5025=EDGE_CURVE('',#6324,#6324,#7118,.T.);
#5026=EDGE_CURVE('',#6325,#6325,#7119,.T.);
#5027=EDGE_CURVE('',#6326,#6326,#7120,.T.);
#5028=EDGE_CURVE('',#6327,#6328,#643,.T.);
#5029=EDGE_CURVE('',#6328,#6329,#644,.F.);
#5030=EDGE_CURVE('',#6330,#6329,#645,.F.);
#5031=EDGE_CURVE('',#6327,#6330,#646,.F.);
#5032=EDGE_CURVE('',#6330,#6331,#321,.F.);
#5033=EDGE_CURVE('',#6331,#6332,#322,.F.);
#5034=EDGE_CURVE('',#6332,#6333,#647,.F.);
#5035=EDGE_CURVE('',#6333,#6334,#323,.F.);
#5036=EDGE_CURVE('',#6335,#6334,#7121,.F.);
#5037=EDGE_CURVE('',#6335,#6336,#648,.F.);
#5038=EDGE_CURVE('',#6337,#6336,#7122,.F.);
#5039=EDGE_CURVE('',#6337,#6338,#324,.F.);
#5040=EDGE_CURVE('',#6338,#6339,#325,.F.);
#5041=EDGE_CURVE('',#6339,#6340,#649,.F.);
#5042=EDGE_CURVE('',#6340,#6341,#326,.F.);
#5043=EDGE_CURVE('',#6341,#6342,#327,.F.);
#5044=EDGE_CURVE('',#6342,#6343,#650,.T.);
#5045=EDGE_CURVE('',#6343,#6344,#328,.F.);
#5046=EDGE_CURVE('',#6344,#6345,#329,.F.);
#5047=EDGE_CURVE('',#6345,#6346,#651,.T.);
#5048=EDGE_CURVE('',#6346,#6347,#330,.F.);
#5049=EDGE_CURVE('',#6347,#6348,#331,.F.);
#5050=EDGE_CURVE('',#6348,#6349,#652,.T.);
#5051=EDGE_CURVE('',#6350,#6349,#7123,.F.);
#5052=EDGE_CURVE('',#6350,#6351,#653,.F.);
#5053=EDGE_CURVE('',#6351,#6352,#654,.T.);
#5054=EDGE_CURVE('',#6352,#6327,#655,.T.);
#5055=EDGE_CURVE('',#6353,#6354,#656,.F.);
#5056=EDGE_CURVE('',#6355,#6353,#7124,.F.);
#5057=EDGE_CURVE('',#6356,#6355,#657,.T.);
#5058=EDGE_CURVE('',#6357,#6356,#7125,.F.);
#5059=EDGE_CURVE('',#6358,#6357,#658,.T.);
#5060=EDGE_CURVE('',#6359,#6358,#7126,.F.);
#5061=EDGE_CURVE('',#6360,#6359,#659,.F.);
#5062=EDGE_CURVE('',#6361,#6360,#660,.T.);
#5063=EDGE_CURVE('',#6362,#6361,#332,.T.);
#5064=EDGE_CURVE('',#6363,#6362,#333,.T.);
#5065=EDGE_CURVE('',#6364,#6363,#661,.T.);
#5066=EDGE_CURVE('',#6365,#6364,#334,.T.);
#5067=EDGE_CURVE('',#6366,#6365,#335,.T.);
#5068=EDGE_CURVE('',#6367,#6366,#7127,.F.);
#5069=EDGE_CURVE('',#6368,#6367,#662,.T.);
#5070=EDGE_CURVE('',#6369,#6368,#7128,.F.);
#5071=EDGE_CURVE('',#6370,#6369,#336,.T.);
#5072=EDGE_CURVE('',#6371,#6370,#337,.T.);
#5073=EDGE_CURVE('',#6372,#6371,#663,.F.);
#5074=EDGE_CURVE('',#6373,#6372,#338,.T.);
#5075=EDGE_CURVE('',#6374,#6373,#339,.T.);
#5076=EDGE_CURVE('',#6375,#6374,#340,.T.);
#5077=EDGE_CURVE('',#6376,#6375,#664,.F.);
#5078=EDGE_CURVE('',#6377,#6376,#341,.T.);
#5079=EDGE_CURVE('',#6354,#6377,#342,.T.);
#5080=EDGE_CURVE('',#6353,#6141,#665,.T.);
#5081=EDGE_CURVE('',#6143,#6354,#666,.T.);
#5082=EDGE_CURVE('',#6142,#6355,#667,.T.);
#5083=EDGE_CURVE('',#6378,#6352,#668,.T.);
#5084=EDGE_CURVE('',#6378,#6328,#669,.T.);
#5085=EDGE_CURVE('',#6144,#6377,#670,.T.);
#5086=EDGE_CURVE('',#6329,#6379,#343,.F.);
#5087=EDGE_CURVE('',#6331,#6379,#671,.F.);
#5088=EDGE_CURVE('',#6145,#6376,#672,.T.);
#5089=EDGE_CURVE('',#6379,#6380,#344,.F.);
#5090=EDGE_CURVE('',#6332,#6380,#673,.F.);
#5091=EDGE_CURVE('',#6146,#6375,#674,.T.);
#5092=EDGE_CURVE('',#6380,#6381,#675,.F.);
#5093=EDGE_CURVE('',#6333,#6381,#676,.F.);
#5094=EDGE_CURVE('',#6374,#6147,#677,.F.);
#5095=EDGE_CURVE('',#6381,#6382,#345,.F.);
#5096=EDGE_CURVE('',#6334,#6382,#678,.F.);
#5097=EDGE_CURVE('',#6383,#6335,#679,.F.);
#5098=EDGE_CURVE('',#6382,#6383,#7129,.T.);
#5099=EDGE_CURVE('',#6383,#6384,#680,.F.);
#5100=EDGE_CURVE('',#6336,#6384,#681,.F.);
#5101=EDGE_CURVE('',#6385,#6337,#682,.T.);
#5102=EDGE_CURVE('',#6384,#6385,#7130,.T.);
#5103=EDGE_CURVE('',#6148,#6373,#683,.T.);
#5104=EDGE_CURVE('',#6385,#6386,#346,.F.);
#5105=EDGE_CURVE('',#6338,#6386,#684,.F.);
#5106=EDGE_CURVE('',#6149,#6372,#685,.T.);
#5107=EDGE_CURVE('',#6386,#6387,#347,.F.);
#5108=EDGE_CURVE('',#6339,#6387,#686,.F.);
#5109=EDGE_CURVE('',#6150,#6371,#687,.T.);
#5110=EDGE_CURVE('',#6387,#6388,#688,.F.);
#5111=EDGE_CURVE('',#6340,#6388,#689,.F.);
#5112=EDGE_CURVE('',#6389,#6342,#690,.T.);
#5113=EDGE_CURVE('',#6341,#6390,#691,.F.);
#5114=EDGE_CURVE('',#6390,#6389,#348,.F.);
#5115=EDGE_CURVE('',#6151,#6370,#692,.T.);
#5116=EDGE_CURVE('',#6388,#6390,#349,.F.);
#5117=EDGE_CURVE('',#6152,#6369,#693,.T.);
#5118=EDGE_CURVE('',#6368,#6153,#694,.T.);
#5119=EDGE_CURVE('',#6389,#6391,#695,.T.);
#5120=EDGE_CURVE('',#6391,#6343,#696,.T.);
#5121=EDGE_CURVE('',#6154,#6367,#697,.T.);
#5122=EDGE_CURVE('',#6366,#6155,#698,.F.);
#5123=EDGE_CURVE('',#6391,#6392,#350,.F.);
#5124=EDGE_CURVE('',#6344,#6392,#699,.F.);
#5125=EDGE_CURVE('',#6156,#6365,#700,.T.);
#5126=EDGE_CURVE('',#6157,#6364,#701,.T.);
#5127=EDGE_CURVE('',#6392,#6393,#351,.F.);
#5128=EDGE_CURVE('',#6345,#6393,#702,.F.);
#5129=EDGE_CURVE('',#6158,#6363,#703,.T.);
#5130=EDGE_CURVE('',#6393,#6394,#704,.T.);
#5131=EDGE_CURVE('',#6346,#6394,#705,.F.);
#5132=EDGE_CURVE('',#6159,#6362,#706,.T.);
#5133=EDGE_CURVE('',#6394,#6395,#352,.F.);
#5134=EDGE_CURVE('',#6347,#6395,#707,.F.);
#5135=EDGE_CURVE('',#6160,#6361,#708,.T.);
#5136=EDGE_CURVE('',#6395,#6396,#353,.F.);
#5137=EDGE_CURVE('',#6348,#6396,#709,.F.);
#5138=EDGE_CURVE('',#6397,#6351,#710,.T.);
#5139=EDGE_CURVE('',#6398,#6350,#711,.F.);
#5140=EDGE_CURVE('',#6398,#6397,#712,.F.);
#5141=EDGE_CURVE('',#6360,#6161,#713,.T.);
#5142=EDGE_CURVE('',#6396,#6399,#714,.T.);
#5143=EDGE_CURVE('',#6349,#6399,#715,.F.);
#5144=EDGE_CURVE('',#6399,#6398,#7131,.T.);
#5145=EDGE_CURVE('',#6162,#6359,#716,.T.);
#5146=EDGE_CURVE('',#6358,#6163,#717,.T.);
#5147=EDGE_CURVE('',#6397,#6378,#718,.T.);
#5148=EDGE_CURVE('',#6164,#6357,#719,.T.);
#5149=EDGE_CURVE('',#6356,#6165,#720,.T.);
#5150=EDGE_CURVE('',#6400,#6401,#354,.F.);
#5151=EDGE_CURVE('',#6402,#6400,#721,.F.);
#5152=EDGE_CURVE('',#6403,#6402,#7132,.T.);
#5153=EDGE_CURVE('',#6404,#6403,#722,.F.);
#5154=EDGE_CURVE('',#6405,#6404,#7133,.T.);
#5155=EDGE_CURVE('',#6406,#6405,#723,.T.);
#5156=EDGE_CURVE('',#6407,#6406,#355,.F.);
#5157=EDGE_CURVE('',#6408,#6407,#356,.F.);
#5158=EDGE_CURVE('',#6409,#6408,#724,.T.);
#5159=EDGE_CURVE('',#6401,#6409,#357,.F.);
#5160=EDGE_CURVE('',#6410,#6411,#725,.T.);
#5161=EDGE_CURVE('',#6411,#6412,#726,.F.);
#5162=EDGE_CURVE('',#6413,#6412,#727,.F.);
#5163=EDGE_CURVE('',#6410,#6413,#728,.F.);
#5164=EDGE_CURVE('',#6414,#6415,#358,.F.);
#5165=EDGE_CURVE('',#6415,#6416,#729,.T.);
#5166=EDGE_CURVE('',#6417,#6416,#7134,.F.);
#5167=EDGE_CURVE('',#6417,#6418,#730,.F.);
#5168=EDGE_CURVE('',#6418,#6419,#731,.T.);
#5169=EDGE_CURVE('',#6419,#6410,#732,.T.);
#5170=EDGE_CURVE('',#6413,#6420,#359,.F.);
#5171=EDGE_CURVE('',#6420,#6421,#360,.F.);
#5172=EDGE_CURVE('',#6421,#6422,#733,.F.);
#5173=EDGE_CURVE('',#6422,#6423,#361,.F.);
#5174=EDGE_CURVE('',#6424,#6423,#7135,.F.);
#5175=EDGE_CURVE('',#6424,#6425,#734,.F.);
#5176=EDGE_CURVE('',#6426,#6425,#7136,.F.);
#5177=EDGE_CURVE('',#6426,#6427,#362,.F.);
#5178=EDGE_CURVE('',#6427,#6428,#363,.F.);
#5179=EDGE_CURVE('',#6428,#6429,#735,.F.);
#5180=EDGE_CURVE('',#6429,#6430,#364,.F.);
#5181=EDGE_CURVE('',#6430,#6431,#365,.F.);
#5182=EDGE_CURVE('',#6431,#6432,#736,.T.);
#5183=EDGE_CURVE('',#6432,#6433,#366,.F.);
#5184=EDGE_CURVE('',#6433,#6434,#367,.F.);
#5185=EDGE_CURVE('',#6434,#6435,#737,.T.);
#5186=EDGE_CURVE('',#6435,#6414,#368,.F.);
#5187=EDGE_CURVE('',#6436,#6437,#369,.T.);
#5188=EDGE_CURVE('',#6438,#6436,#738,.T.);
#5189=EDGE_CURVE('',#6439,#6438,#370,.T.);
#5190=EDGE_CURVE('',#6440,#6439,#371,.T.);
#5191=EDGE_CURVE('',#6441,#6440,#7137,.F.);
#5192=EDGE_CURVE('',#6442,#6441,#739,.T.);
#5193=EDGE_CURVE('',#6443,#6442,#7138,.F.);
#5194=EDGE_CURVE('',#6444,#6443,#372,.T.);
#5195=EDGE_CURVE('',#6445,#6444,#373,.T.);
#5196=EDGE_CURVE('',#6446,#6445,#740,.F.);
#5197=EDGE_CURVE('',#6447,#6446,#374,.T.);
#5198=EDGE_CURVE('',#6448,#6447,#375,.T.);
#5199=EDGE_CURVE('',#6449,#6448,#376,.T.);
#5200=EDGE_CURVE('',#6450,#6449,#741,.F.);
#5201=EDGE_CURVE('',#6451,#6450,#377,.T.);
#5202=EDGE_CURVE('',#6452,#6451,#378,.T.);
#5203=EDGE_CURVE('',#6453,#6452,#742,.F.);
#5204=EDGE_CURVE('',#6454,#6453,#7139,.F.);
#5205=EDGE_CURVE('',#6455,#6454,#743,.T.);
#5206=EDGE_CURVE('',#6456,#6455,#7140,.F.);
#5207=EDGE_CURVE('',#6457,#6456,#744,.T.);
#5208=EDGE_CURVE('',#6458,#6457,#7141,.F.);
#5209=EDGE_CURVE('',#6459,#6458,#745,.F.);
#5210=EDGE_CURVE('',#6460,#6459,#746,.T.);
#5211=EDGE_CURVE('',#6437,#6460,#379,.T.);
#5212=EDGE_CURVE('',#6453,#6187,#747,.T.);
#5213=EDGE_CURVE('',#6189,#6452,#748,.T.);
#5214=EDGE_CURVE('',#6188,#6454,#749,.T.);
#5215=EDGE_CURVE('',#6190,#6451,#750,.T.);
#5216=EDGE_CURVE('',#6412,#6461,#380,.F.);
#5217=EDGE_CURVE('',#6420,#6461,#751,.F.);
#5218=EDGE_CURVE('',#6191,#6450,#752,.T.);
#5219=EDGE_CURVE('',#6461,#6462,#381,.F.);
#5220=EDGE_CURVE('',#6421,#6462,#753,.F.);
#5221=EDGE_CURVE('',#6192,#6449,#754,.T.);
#5222=EDGE_CURVE('',#6462,#6463,#755,.F.);
#5223=EDGE_CURVE('',#6422,#6463,#756,.F.);
#5224=EDGE_CURVE('',#6448,#6193,#757,.F.);
#5225=EDGE_CURVE('',#6463,#6464,#382,.F.);
#5226=EDGE_CURVE('',#6423,#6464,#758,.F.);
#5227=EDGE_CURVE('',#6465,#6424,#759,.F.);
#5228=EDGE_CURVE('',#6464,#6465,#7142,.T.);
#5229=EDGE_CURVE('',#6465,#6466,#760,.F.);
#5230=EDGE_CURVE('',#6425,#6466,#761,.F.);
#5231=EDGE_CURVE('',#6467,#6426,#762,.T.);
#5232=EDGE_CURVE('',#6466,#6467,#7143,.T.);
#5233=EDGE_CURVE('',#6194,#6447,#763,.T.);
#5234=EDGE_CURVE('',#6467,#6468,#383,.F.);
#5235=EDGE_CURVE('',#6427,#6468,#764,.F.);
#5236=EDGE_CURVE('',#6195,#6446,#765,.T.);
#5237=EDGE_CURVE('',#6468,#6469,#384,.F.);
#5238=EDGE_CURVE('',#6428,#6469,#766,.F.);
#5239=EDGE_CURVE('',#6470,#6432,#767,.T.);
#5240=EDGE_CURVE('',#6471,#6431,#768,.T.);
#5241=EDGE_CURVE('',#6471,#6470,#769,.T.);
#5242=EDGE_CURVE('',#6196,#6445,#770,.T.);
#5243=EDGE_CURVE('',#6469,#6472,#771,.F.);
#5244=EDGE_CURVE('',#6429,#6472,#772,.F.);
#5245=EDGE_CURVE('',#6197,#6444,#773,.T.);
#5246=EDGE_CURVE('',#6472,#6473,#385,.F.);
#5247=EDGE_CURVE('',#6430,#6473,#774,.F.);
#5248=EDGE_CURVE('',#6473,#6471,#386,.F.);
#5249=EDGE_CURVE('',#6198,#6443,#775,.T.);
#5250=EDGE_CURVE('',#6442,#6199,#776,.T.);
#5251=EDGE_CURVE('',#6200,#6441,#777,.T.);
#5252=EDGE_CURVE('',#6440,#6201,#778,.F.);
#5253=EDGE_CURVE('',#6470,#6474,#387,.F.);
#5254=EDGE_CURVE('',#6433,#6474,#779,.F.);
#5255=EDGE_CURVE('',#6202,#6439,#780,.T.);
#5256=EDGE_CURVE('',#6203,#6438,#781,.T.);
#5257=EDGE_CURVE('',#6474,#6475,#388,.F.);
#5258=EDGE_CURVE('',#6434,#6475,#782,.F.);
#5259=EDGE_CURVE('',#6204,#6436,#783,.T.);
#5260=EDGE_CURVE('',#6475,#6476,#784,.T.);
#5261=EDGE_CURVE('',#6435,#6476,#785,.F.);
#5262=EDGE_CURVE('',#6205,#6437,#786,.T.);
#5263=EDGE_CURVE('',#6476,#6477,#389,.F.);
#5264=EDGE_CURVE('',#6414,#6477,#787,.F.);
#5265=EDGE_CURVE('',#6478,#6419,#788,.T.);
#5266=EDGE_CURVE('',#6478,#6411,#789,.T.);
#5267=EDGE_CURVE('',#6479,#6418,#790,.T.);
#5268=EDGE_CURVE('',#6479,#6478,#791,.T.);
#5269=EDGE_CURVE('',#6206,#6460,#792,.T.);
#5270=EDGE_CURVE('',#6477,#6480,#390,.F.);
#5271=EDGE_CURVE('',#6415,#6480,#793,.F.);
#5272=EDGE_CURVE('',#6459,#6207,#794,.T.);
#5273=EDGE_CURVE('',#6480,#6481,#795,.T.);
#5274=EDGE_CURVE('',#6416,#6481,#796,.F.);
#5275=EDGE_CURVE('',#6482,#6417,#797,.F.);
#5276=EDGE_CURVE('',#6481,#6482,#7144,.T.);
#5277=EDGE_CURVE('',#6482,#6479,#798,.F.);
#5278=EDGE_CURVE('',#6208,#6458,#799,.T.);
#5279=EDGE_CURVE('',#6457,#6209,#800,.T.);
#5280=EDGE_CURVE('',#6210,#6456,#801,.T.);
#5281=EDGE_CURVE('',#6455,#6211,#802,.T.);
#5282=EDGE_CURVE('',#6483,#6484,#391,.F.);
#5283=EDGE_CURVE('',#6485,#6483,#803,.F.);
#5284=EDGE_CURVE('',#6486,#6485,#7145,.T.);
#5285=EDGE_CURVE('',#6487,#6486,#804,.F.);
#5286=EDGE_CURVE('',#6488,#6487,#7146,.T.);
#5287=EDGE_CURVE('',#6489,#6488,#805,.T.);
#5288=EDGE_CURVE('',#6490,#6489,#392,.F.);
#5289=EDGE_CURVE('',#6491,#6490,#393,.F.);
#5290=EDGE_CURVE('',#6492,#6491,#806,.T.);
#5291=EDGE_CURVE('',#6484,#6492,#394,.F.);
#5292=EDGE_CURVE('',#6493,#6494,#807,.T.);
#5293=EDGE_CURVE('',#6495,#6494,#808,.F.);
#5294=EDGE_CURVE('',#6496,#6495,#809,.T.);
#5295=EDGE_CURVE('',#6496,#6493,#810,.F.);
#5296=EDGE_CURVE('',#6497,#6498,#811,.T.);
#5297=EDGE_CURVE('',#6499,#6498,#812,.T.);
#5298=EDGE_CURVE('',#6500,#6499,#813,.T.);
#5299=EDGE_CURVE('',#6500,#6497,#814,.T.);
#5300=EDGE_CURVE('',#6501,#6499,#815,.T.);
#5301=EDGE_CURVE('',#6502,#6501,#816,.F.);
#5302=EDGE_CURVE('',#6502,#6500,#817,.T.);
#5303=EDGE_CURVE('',#6503,#6504,#818,.T.);
#5304=EDGE_CURVE('',#6505,#6503,#7147,.F.);
#5305=EDGE_CURVE('',#6506,#6505,#819,.T.);
#5306=EDGE_CURVE('',#6507,#6506,#7148,.F.);
#5307=EDGE_CURVE('',#6508,#6507,#820,.F.);
#5308=EDGE_CURVE('',#6509,#6508,#821,.T.);
#5309=EDGE_CURVE('',#6510,#6509,#7149,.F.);
#5310=EDGE_CURVE('',#6511,#6510,#822,.F.);
#5311=EDGE_CURVE('',#6512,#6511,#7150,.F.);
#5312=EDGE_CURVE('',#6513,#6512,#823,.F.);
#5313=EDGE_CURVE('',#6514,#6513,#7151,.F.);
#5314=EDGE_CURVE('',#6515,#6514,#824,.T.);
#5315=EDGE_CURVE('',#6516,#6515,#7152,.F.);
#5316=EDGE_CURVE('',#6504,#6516,#825,.T.);
#5317=EDGE_CURVE('',#6494,#6517,#826,.T.);
#5318=EDGE_CURVE('',#6518,#6517,#7153,.F.);
#5319=EDGE_CURVE('',#6518,#6519,#827,.F.);
#5320=EDGE_CURVE('',#6519,#6520,#828,.T.);
#5321=EDGE_CURVE('',#6520,#6521,#829,.T.);
#5322=EDGE_CURVE('',#6501,#6521,#7154,.F.);
#5323=EDGE_CURVE('',#6498,#6495,#830,.F.);
#5324=EDGE_CURVE('',#6213,#6504,#831,.T.);
#5325=EDGE_CURVE('',#6214,#6516,#832,.T.);
#5326=EDGE_CURVE('',#6515,#6215,#833,.T.);
#5327=EDGE_CURVE('',#6521,#6522,#834,.F.);
#5328=EDGE_CURVE('',#6522,#6502,#7155,.T.);
#5329=EDGE_CURVE('',#6216,#6514,#835,.T.);
#5330=EDGE_CURVE('',#6513,#6217,#836,.T.);
#5331=EDGE_CURVE('',#6497,#6496,#837,.F.);
#5332=EDGE_CURVE('',#6218,#6512,#838,.T.);
#5333=EDGE_CURVE('',#6511,#6219,#839,.T.);
#5334=EDGE_CURVE('',#6220,#6510,#840,.T.);
#5335=EDGE_CURVE('',#6509,#6221,#841,.T.);
#5336=EDGE_CURVE('',#6493,#6523,#842,.T.);
#5337=EDGE_CURVE('',#6517,#6523,#843,.F.);
#5338=EDGE_CURVE('',#6524,#6519,#844,.T.);
#5339=EDGE_CURVE('',#6525,#6518,#845,.F.);
#5340=EDGE_CURVE('',#6525,#6524,#846,.F.);
#5341=EDGE_CURVE('',#6508,#6222,#847,.T.);
#5342=EDGE_CURVE('',#6523,#6525,#7156,.T.);
#5343=EDGE_CURVE('',#6223,#6507,#848,.T.);
#5344=EDGE_CURVE('',#6506,#6224,#849,.T.);
#5345=EDGE_CURVE('',#6524,#6526,#850,.T.);
#5346=EDGE_CURVE('',#6526,#6520,#851,.T.);
#5347=EDGE_CURVE('',#6225,#6505,#852,.T.);
#5348=EDGE_CURVE('',#6503,#6212,#853,.T.);
#5349=EDGE_CURVE('',#6526,#6522,#854,.T.);
#5350=EDGE_CURVE('',#6527,#6528,#855,.T.);
#5351=EDGE_CURVE('',#6528,#6529,#856,.F.);
#5352=EDGE_CURVE('',#6529,#6530,#857,.T.);
#5353=EDGE_CURVE('',#6527,#6530,#858,.F.);
#5354=EDGE_CURVE('',#6531,#6532,#859,.T.);
#5355=EDGE_CURVE('',#6530,#6532,#860,.F.);
#5356=EDGE_CURVE('',#6529,#6531,#861,.F.);
#5357=EDGE_CURVE('',#6532,#6533,#862,.T.);
#5358=EDGE_CURVE('',#6534,#6533,#7157,.F.);
#5359=EDGE_CURVE('',#6534,#6535,#863,.F.);
#5360=EDGE_CURVE('',#6536,#6535,#7158,.F.);
#5361=EDGE_CURVE('',#6536,#6537,#864,.F.);
#5362=EDGE_CURVE('',#6537,#6538,#865,.F.);
#5363=EDGE_CURVE('',#6538,#6539,#866,.T.);
#5364=EDGE_CURVE('',#6540,#6539,#7159,.F.);
#5365=EDGE_CURVE('',#6540,#6541,#867,.F.);
#5366=EDGE_CURVE('',#6542,#6541,#7160,.F.);
#5367=EDGE_CURVE('',#6542,#6543,#868,.F.);
#5368=EDGE_CURVE('',#6543,#6544,#869,.F.);
#5369=EDGE_CURVE('',#6544,#6545,#870,.T.);
#5370=EDGE_CURVE('',#6545,#6527,#871,.T.);
#5371=EDGE_CURVE('',#6546,#6547,#872,.F.);
#5372=EDGE_CURVE('',#6548,#6546,#873,.T.);
#5373=EDGE_CURVE('',#6549,#6548,#7161,.F.);
#5374=EDGE_CURVE('',#6550,#6549,#874,.F.);
#5375=EDGE_CURVE('',#6551,#6550,#7162,.F.);
#5376=EDGE_CURVE('',#6552,#6551,#875,.F.);
#5377=EDGE_CURVE('',#6553,#6552,#7163,.F.);
#5378=EDGE_CURVE('',#6554,#6553,#876,.T.);
#5379=EDGE_CURVE('',#6555,#6554,#7164,.F.);
#5380=EDGE_CURVE('',#6556,#6555,#877,.T.);
#5381=EDGE_CURVE('',#6557,#6556,#7165,.F.);
#5382=EDGE_CURVE('',#6558,#6557,#878,.F.);
#5383=EDGE_CURVE('',#6559,#6558,#7166,.F.);
#5384=EDGE_CURVE('',#6560,#6559,#879,.F.);
#5385=EDGE_CURVE('',#6561,#6560,#880,.F.);
#5386=EDGE_CURVE('',#6562,#6561,#881,.T.);
#5387=EDGE_CURVE('',#6563,#6562,#7167,.F.);
#5388=EDGE_CURVE('',#6564,#6563,#882,.F.);
#5389=EDGE_CURVE('',#6565,#6564,#7168,.F.);
#5390=EDGE_CURVE('',#6547,#6565,#883,.F.);
#5391=EDGE_CURVE('',#6552,#6226,#884,.T.);
#5392=EDGE_CURVE('',#6228,#6551,#885,.T.);
#5393=EDGE_CURVE('',#6550,#6229,#886,.T.);
#5394=EDGE_CURVE('',#6227,#6553,#887,.T.);
#5395=EDGE_CURVE('',#6230,#6549,#888,.T.);
#5396=EDGE_CURVE('',#6548,#6231,#889,.T.);
#5397=EDGE_CURVE('',#6531,#6566,#890,.T.);
#5398=EDGE_CURVE('',#6533,#6566,#891,.F.);
#5399=EDGE_CURVE('',#6546,#6232,#892,.T.);
#5400=EDGE_CURVE('',#6567,#6534,#893,.F.);
#5401=EDGE_CURVE('',#6566,#6567,#7169,.T.);
#5402=EDGE_CURVE('',#6547,#6233,#894,.T.);
#5403=EDGE_CURVE('',#6567,#6568,#895,.F.);
#5404=EDGE_CURVE('',#6535,#6568,#896,.F.);
#5405=EDGE_CURVE('',#6569,#6536,#897,.F.);
#5406=EDGE_CURVE('',#6568,#6569,#7170,.T.);
#5407=EDGE_CURVE('',#6570,#6545,#898,.T.);
#5408=EDGE_CURVE('',#6570,#6528,#899,.T.);
#5409=EDGE_CURVE('',#6571,#6538,#900,.T.);
#5410=EDGE_CURVE('',#6572,#6537,#901,.T.);
#5411=EDGE_CURVE('',#6572,#6571,#902,.F.);
#5412=EDGE_CURVE('',#6569,#6572,#903,.F.);
#5413=EDGE_CURVE('',#6234,#6565,#904,.T.);
#5414=EDGE_CURVE('',#6564,#6235,#905,.T.);
#5415=EDGE_CURVE('',#6236,#6563,#906,.T.);
#5416=EDGE_CURVE('',#6562,#6237,#907,.T.);
#5417=EDGE_CURVE('',#6571,#6573,#908,.T.);
#5418=EDGE_CURVE('',#6539,#6573,#909,.F.);
#5419=EDGE_CURVE('',#6561,#6238,#910,.T.);
#5420=EDGE_CURVE('',#6574,#6540,#911,.F.);
#5421=EDGE_CURVE('',#6573,#6574,#7171,.T.);
#5422=EDGE_CURVE('',#6560,#6239,#912,.T.);
#5423=EDGE_CURVE('',#6574,#6575,#913,.F.);
#5424=EDGE_CURVE('',#6541,#6575,#914,.F.);
#5425=EDGE_CURVE('',#6576,#6542,#915,.F.);
#5426=EDGE_CURVE('',#6575,#6576,#7172,.T.);
#5427=EDGE_CURVE('',#6577,#6544,#916,.T.);
#5428=EDGE_CURVE('',#6578,#6543,#917,.T.);
#5429=EDGE_CURVE('',#6578,#6577,#918,.F.);
#5430=EDGE_CURVE('',#6576,#6578,#919,.F.);
#5431=EDGE_CURVE('',#6240,#6559,#920,.T.);
#5432=EDGE_CURVE('',#6558,#6241,#921,.T.);
#5433=EDGE_CURVE('',#6242,#6557,#922,.T.);
#5434=EDGE_CURVE('',#6556,#6243,#923,.T.);
#5435=EDGE_CURVE('',#6577,#6570,#924,.T.);
#5436=EDGE_CURVE('',#6244,#6555,#925,.T.);
#5437=EDGE_CURVE('',#6554,#6245,#926,.T.);
#5438=EDGE_CURVE('',#6579,#6580,#395,.F.);
#5439=EDGE_CURVE('',#6580,#6581,#927,.T.);
#5440=EDGE_CURVE('',#6582,#6581,#7173,.F.);
#5441=EDGE_CURVE('',#6582,#6583,#928,.F.);
#5442=EDGE_CURVE('',#6584,#6583,#7174,.F.);
#5443=EDGE_CURVE('',#6584,#6585,#929,.F.);
#5444=EDGE_CURVE('',#6585,#6586,#396,.F.);
#5445=EDGE_CURVE('',#6586,#6587,#397,.F.);
#5446=EDGE_CURVE('',#6587,#6588,#930,.T.);
#5447=EDGE_CURVE('',#6588,#6579,#398,.F.);
#5448=EDGE_CURVE('',#6589,#6590,#399,.T.);
#5449=EDGE_CURVE('',#6591,#6589,#931,.T.);
#5450=EDGE_CURVE('',#6592,#6591,#400,.T.);
#5451=EDGE_CURVE('',#6593,#6592,#401,.T.);
#5452=EDGE_CURVE('',#6594,#6593,#932,.F.);
#5453=EDGE_CURVE('',#6595,#6594,#933,.F.);
#5454=EDGE_CURVE('',#6596,#6595,#934,.T.);
#5455=EDGE_CURVE('',#6590,#6596,#402,.T.);
#5456=EDGE_CURVE('',#6597,#6598,#403,.T.);
#5457=EDGE_CURVE('',#6593,#6597,#935,.F.);
#5458=EDGE_CURVE('',#6598,#6592,#936,.T.);
#5459=EDGE_CURVE('',#6400,#6585,#937,.T.);
#5460=EDGE_CURVE('',#6586,#6401,#938,.F.);
#5461=EDGE_CURVE('',#6598,#6599,#404,.T.);
#5462=EDGE_CURVE('',#6599,#6591,#939,.T.);
#5463=EDGE_CURVE('',#6587,#6409,#940,.F.);
#5464=EDGE_CURVE('',#6599,#6600,#941,.T.);
#5465=EDGE_CURVE('',#6600,#6589,#942,.T.);
#5466=EDGE_CURVE('',#6588,#6408,#943,.F.);
#5467=EDGE_CURVE('',#6600,#6601,#405,.T.);
#5468=EDGE_CURVE('',#6601,#6590,#944,.T.);
#5469=EDGE_CURVE('',#6579,#6407,#945,.F.);
#5470=EDGE_CURVE('',#6601,#6602,#406,.T.);
#5471=EDGE_CURVE('',#6602,#6596,#946,.T.);
#5472=EDGE_CURVE('',#6580,#6406,#947,.F.);
#5473=EDGE_CURVE('',#6595,#6603,#948,.T.);
#5474=EDGE_CURVE('',#6602,#6603,#949,.T.);
#5475=EDGE_CURVE('',#6581,#6405,#950,.F.);
#5476=EDGE_CURVE('',#6404,#6582,#951,.F.);
#5477=EDGE_CURVE('',#6594,#6604,#952,.T.);
#5478=EDGE_CURVE('',#6603,#6604,#953,.F.);
#5479=EDGE_CURVE('',#6583,#6403,#954,.F.);
#5480=EDGE_CURVE('',#6402,#6584,#955,.F.);
#5481=EDGE_CURVE('',#6604,#6597,#956,.F.);
#5482=EDGE_CURVE('',#6605,#6606,#957,.T.);
#5483=EDGE_CURVE('',#6607,#6606,#958,.F.);
#5484=EDGE_CURVE('',#6607,#6608,#959,.T.);
#5485=EDGE_CURVE('',#6608,#6605,#960,.F.);
#5486=EDGE_CURVE('',#6606,#6609,#961,.T.);
#5487=EDGE_CURVE('',#6609,#6610,#962,.T.);
#5488=EDGE_CURVE('',#6610,#6611,#963,.T.);
#5489=EDGE_CURVE('',#6612,#6611,#7175,.F.);
#5490=EDGE_CURVE('',#6612,#6613,#964,.T.);
#5491=EDGE_CURVE('',#6614,#6613,#7176,.F.);
#5492=EDGE_CURVE('',#6614,#6615,#965,.T.);
#5493=EDGE_CURVE('',#6615,#6616,#966,.T.);
#5494=EDGE_CURVE('',#6616,#6607,#967,.T.);
#5495=EDGE_CURVE('',#6617,#6618,#968,.F.);
#5496=EDGE_CURVE('',#6619,#6617,#7177,.F.);
#5497=EDGE_CURVE('',#6620,#6619,#969,.T.);
#5498=EDGE_CURVE('',#6621,#6620,#7178,.F.);
#5499=EDGE_CURVE('',#6622,#6621,#970,.T.);
#5500=EDGE_CURVE('',#6623,#6622,#7179,.F.);
#5501=EDGE_CURVE('',#6624,#6623,#971,.T.);
#5502=EDGE_CURVE('',#6625,#6624,#972,.T.);
#5503=EDGE_CURVE('',#6626,#6625,#973,.T.);
#5504=EDGE_CURVE('',#6627,#6626,#7180,.F.);
#5505=EDGE_CURVE('',#6628,#6627,#974,.T.);
#5506=EDGE_CURVE('',#6629,#6628,#7181,.F.);
#5507=EDGE_CURVE('',#6630,#6629,#975,.T.);
#5508=EDGE_CURVE('',#6618,#6630,#7182,.F.);
#5509=EDGE_CURVE('',#6617,#6246,#976,.T.);
#5510=EDGE_CURVE('',#6248,#6618,#977,.T.);
#5511=EDGE_CURVE('',#6630,#6249,#978,.T.);
#5512=EDGE_CURVE('',#6247,#6619,#979,.T.);
#5513=EDGE_CURVE('',#6605,#6631,#980,.T.);
#5514=EDGE_CURVE('',#6631,#6609,#981,.T.);
#5515=EDGE_CURVE('',#6632,#6616,#982,.T.);
#5516=EDGE_CURVE('',#6632,#6608,#983,.T.);
#5517=EDGE_CURVE('',#6611,#6633,#984,.F.);
#5518=EDGE_CURVE('',#6633,#6634,#7183,.T.);
#5519=EDGE_CURVE('',#6612,#6634,#985,.F.);
#5520=EDGE_CURVE('',#6635,#6610,#986,.T.);
#5521=EDGE_CURVE('',#6631,#6635,#987,.T.);
#5522=EDGE_CURVE('',#6250,#6629,#988,.T.);
#5523=EDGE_CURVE('',#6628,#6251,#989,.T.);
#5524=EDGE_CURVE('',#6252,#6627,#990,.T.);
#5525=EDGE_CURVE('',#6626,#6253,#991,.T.);
#5526=EDGE_CURVE('',#6635,#6633,#992,.T.);
#5527=EDGE_CURVE('',#6625,#6254,#993,.T.);
#5528=EDGE_CURVE('',#6636,#6615,#994,.T.);
#5529=EDGE_CURVE('',#6637,#6614,#995,.F.);
#5530=EDGE_CURVE('',#6637,#6636,#996,.T.);
#5531=EDGE_CURVE('',#6624,#6255,#997,.T.);
#5532=EDGE_CURVE('',#6634,#6638,#998,.T.);
#5533=EDGE_CURVE('',#6613,#6638,#999,.F.);
#5534=EDGE_CURVE('',#6638,#6637,#7184,.T.);
#5535=EDGE_CURVE('',#6256,#6623,#1000,.T.);
#5536=EDGE_CURVE('',#6622,#6257,#1001,.T.);
#5537=EDGE_CURVE('',#6636,#6632,#1002,.T.);
#5538=EDGE_CURVE('',#6258,#6621,#1003,.T.);
#5539=EDGE_CURVE('',#6620,#6259,#1004,.T.);
#5540=EDGE_CURVE('',#6639,#6640,#1005,.T.);
#5541=EDGE_CURVE('',#6641,#6639,#7185,.T.);
#5542=EDGE_CURVE('',#6642,#6641,#1006,.F.);
#5543=EDGE_CURVE('',#6643,#6642,#7186,.T.);
#5544=EDGE_CURVE('',#6644,#6643,#1007,.T.);
#5545=EDGE_CURVE('',#6645,#6644,#7187,.T.);
#5546=EDGE_CURVE('',#6646,#6645,#1008,.T.);
#5547=EDGE_CURVE('',#6640,#6646,#7188,.T.);
#5548=EDGE_CURVE('',#6647,#6648,#1009,.T.);
#5549=EDGE_CURVE('',#6648,#6649,#1010,.F.);
#5550=EDGE_CURVE('',#6650,#6649,#1011,.F.);
#5551=EDGE_CURVE('',#6647,#6650,#1012,.F.);
#5552=EDGE_CURVE('',#6651,#6652,#407,.F.);
#5553=EDGE_CURVE('',#6652,#6653,#408,.F.);
#5554=EDGE_CURVE('',#6653,#6654,#1013,.T.);
#5555=EDGE_CURVE('',#6654,#6647,#1014,.T.);
#5556=EDGE_CURVE('',#6650,#6655,#409,.F.);
#5557=EDGE_CURVE('',#6655,#6656,#410,.F.);
#5558=EDGE_CURVE('',#6656,#6651,#1015,.F.);
#5559=EDGE_CURVE('',#6657,#6658,#1016,.F.);
#5560=EDGE_CURVE('',#6659,#6657,#411,.T.);
#5561=EDGE_CURVE('',#6660,#6659,#412,.T.);
#5562=EDGE_CURVE('',#6661,#6660,#1017,.F.);
#5563=EDGE_CURVE('',#6662,#6661,#7189,.F.);
#5564=EDGE_CURVE('',#6663,#6662,#1018,.T.);
#5565=EDGE_CURVE('',#6664,#6663,#7190,.F.);
#5566=EDGE_CURVE('',#6665,#6664,#1019,.T.);
#5567=EDGE_CURVE('',#6666,#6665,#413,.T.);
#5568=EDGE_CURVE('',#6658,#6666,#414,.T.);
#5569=EDGE_CURVE('',#6661,#6131,#1020,.T.);
#5570=EDGE_CURVE('',#6133,#6660,#1021,.T.);
#5571=EDGE_CURVE('',#6132,#6662,#1022,.T.);
#5572=EDGE_CURVE('',#6134,#6659,#1023,.T.);
#5573=EDGE_CURVE('',#6649,#6667,#415,.F.);
#5574=EDGE_CURVE('',#6655,#6667,#1024,.F.);
#5575=EDGE_CURVE('',#6135,#6657,#1025,.T.);
#5576=EDGE_CURVE('',#6667,#6668,#416,.F.);
#5577=EDGE_CURVE('',#6656,#6668,#1026,.F.);
#5578=EDGE_CURVE('',#6136,#6658,#1027,.T.);
#5579=EDGE_CURVE('',#6668,#6669,#1028,.F.);
#5580=EDGE_CURVE('',#6651,#6669,#1029,.F.);
#5581=EDGE_CURVE('',#6670,#6654,#1030,.T.);
#5582=EDGE_CURVE('',#6670,#6648,#1031,.T.);
#5583=EDGE_CURVE('',#6137,#6666,#1032,.T.);
#5584=EDGE_CURVE('',#6669,#6671,#417,.F.);
#5585=EDGE_CURVE('',#6652,#6671,#1033,.F.);
#5586=EDGE_CURVE('',#6138,#6665,#1034,.T.);
#5587=EDGE_CURVE('',#6671,#6672,#418,.F.);
#5588=EDGE_CURVE('',#6653,#6672,#1035,.F.);
#5589=EDGE_CURVE('',#6672,#6670,#1036,.T.);
#5590=EDGE_CURVE('',#6139,#6664,#1037,.T.);
#5591=EDGE_CURVE('',#6663,#6140,#1038,.T.);
#5592=EDGE_CURVE('',#6673,#6674,#1039,.F.);
#5593=EDGE_CURVE('',#6675,#6673,#1040,.T.);
#5594=EDGE_CURVE('',#6674,#6675,#1041,.T.);
#5595=EDGE_CURVE('',#6676,#6677,#7191,.F.);
#5596=EDGE_CURVE('',#6676,#6678,#1042,.T.);
#5597=EDGE_CURVE('',#6679,#6678,#7192,.F.);
#5598=EDGE_CURVE('',#6679,#6680,#1043,.F.);
#5599=EDGE_CURVE('',#6681,#6680,#7193,.F.);
#5600=EDGE_CURVE('',#6681,#6682,#1044,.T.);
#5601=EDGE_CURVE('',#6683,#6682,#7194,.F.);
#5602=EDGE_CURVE('',#6683,#6677,#1045,.T.);
#5603=EDGE_CURVE('',#6675,#6684,#1046,.T.);
#5604=EDGE_CURVE('',#6685,#6684,#1047,.T.);
#5605=EDGE_CURVE('',#6685,#6674,#1048,.T.);
#5606=EDGE_CURVE('',#6639,#6681,#1049,.F.);
#5607=EDGE_CURVE('',#6682,#6640,#1050,.F.);
#5608=EDGE_CURVE('',#6646,#6683,#1051,.F.);
#5609=EDGE_CURVE('',#6680,#6641,#1052,.F.);
#5610=EDGE_CURVE('',#6677,#6645,#1053,.F.);
#5611=EDGE_CURVE('',#6644,#6676,#1054,.F.);
#5612=EDGE_CURVE('',#6673,#6686,#1055,.T.);
#5613=EDGE_CURVE('',#6684,#6686,#1056,.T.);
#5614=EDGE_CURVE('',#6678,#6643,#1057,.F.);
#5615=EDGE_CURVE('',#6642,#6679,#1058,.F.);
#5616=EDGE_CURVE('',#6686,#6685,#1059,.F.);
#5617=EDGE_CURVE('',#6687,#6688,#419,.F.);
#5618=EDGE_CURVE('',#6688,#6689,#420,.F.);
#5619=EDGE_CURVE('',#6689,#6690,#421,.F.);
#5620=EDGE_CURVE('',#6690,#6691,#422,.F.);
#5621=EDGE_CURVE('',#6691,#6692,#1060,.F.);
#5622=EDGE_CURVE('',#6692,#6693,#423,.F.);
#5623=EDGE_CURVE('',#6693,#6694,#424,.F.);
#5624=EDGE_CURVE('',#6694,#6695,#425,.F.);
#5625=EDGE_CURVE('',#6695,#6696,#426,.F.);
#5626=EDGE_CURVE('',#6696,#6687,#1061,.T.);
#5627=EDGE_CURVE('',#6697,#6698,#1062,.T.);
#5628=EDGE_CURVE('',#6699,#6697,#427,.T.);
#5629=EDGE_CURVE('',#6700,#6699,#428,.T.);
#5630=EDGE_CURVE('',#6701,#6700,#429,.T.);
#5631=EDGE_CURVE('',#6702,#6701,#430,.T.);
#5632=EDGE_CURVE('',#6703,#6702,#1063,.F.);
#5633=EDGE_CURVE('',#6704,#6703,#431,.T.);
#5634=EDGE_CURVE('',#6705,#6704,#432,.T.);
#5635=EDGE_CURVE('',#6706,#6705,#433,.T.);
#5636=EDGE_CURVE('',#6698,#6706,#434,.T.);
#5637=EDGE_CURVE('',#6700,#6122,#1064,.F.);
#5638=EDGE_CURVE('',#6123,#6699,#1065,.T.);
#5639=EDGE_CURVE('',#6707,#6694,#1066,.T.);
#5640=EDGE_CURVE('',#6707,#6708,#435,.F.);
#5641=EDGE_CURVE('',#6695,#6708,#1067,.F.);
#5642=EDGE_CURVE('',#6124,#6697,#1068,.T.);
#5643=EDGE_CURVE('',#6708,#6709,#436,.F.);
#5644=EDGE_CURVE('',#6696,#6709,#1069,.F.);
#5645=EDGE_CURVE('',#6125,#6698,#1070,.T.);
#5646=EDGE_CURVE('',#6709,#6710,#1071,.T.);
#5647=EDGE_CURVE('',#6687,#6710,#1072,.F.);
#5648=EDGE_CURVE('',#6126,#6706,#1073,.T.);
#5649=EDGE_CURVE('',#6710,#6711,#437,.F.);
#5650=EDGE_CURVE('',#6688,#6711,#1074,.F.);
#5651=EDGE_CURVE('',#6127,#6705,#1075,.T.);
#5652=EDGE_CURVE('',#6711,#6712,#438,.F.);
#5653=EDGE_CURVE('',#6689,#6712,#1076,.F.);
#5654=EDGE_CURVE('',#6128,#6704,#1077,.T.);
#5655=EDGE_CURVE('',#6712,#6713,#439,.F.);
#5656=EDGE_CURVE('',#6690,#6713,#1078,.F.);
#5657=EDGE_CURVE('',#6129,#6703,#1079,.T.);
#5658=EDGE_CURVE('',#6713,#6714,#440,.F.);
#5659=EDGE_CURVE('',#6691,#6714,#1080,.F.);
#5660=EDGE_CURVE('',#6130,#6702,#1081,.T.);
#5661=EDGE_CURVE('',#6714,#6715,#1082,.F.);
#5662=EDGE_CURVE('',#6692,#6715,#1083,.F.);
#5663=EDGE_CURVE('',#6121,#6701,#1084,.T.);
#5664=EDGE_CURVE('',#6715,#6716,#441,.F.);
#5665=EDGE_CURVE('',#6693,#6716,#1085,.F.);
#5666=EDGE_CURVE('',#6716,#6707,#442,.F.);
#5667=EDGE_CURVE('',#6717,#6718,#443,.F.);
#5668=EDGE_CURVE('',#6718,#6719,#444,.F.);
#5669=EDGE_CURVE('',#6719,#6720,#1086,.T.);
#5670=EDGE_CURVE('',#6721,#6720,#7195,.F.);
#5671=EDGE_CURVE('',#6721,#6722,#1087,.F.);
#5672=EDGE_CURVE('',#6723,#6722,#7196,.F.);
#5673=EDGE_CURVE('',#6723,#6724,#1088,.F.);
#5674=EDGE_CURVE('',#6724,#6725,#445,.F.);
#5675=EDGE_CURVE('',#6725,#6726,#446,.F.);
#5676=EDGE_CURVE('',#6726,#6717,#1089,.T.);
#5677=EDGE_CURVE('',#6727,#6728,#1090,.T.);
#5678=EDGE_CURVE('',#6729,#6727,#447,.T.);
#5679=EDGE_CURVE('',#6730,#6729,#448,.T.);
#5680=EDGE_CURVE('',#6731,#6730,#1091,.F.);
#5681=EDGE_CURVE('',#6732,#6731,#1092,.F.);
#5682=EDGE_CURVE('',#6733,#6732,#1093,.T.);
#5683=EDGE_CURVE('',#6734,#6733,#449,.T.);
#5684=EDGE_CURVE('',#6728,#6734,#450,.T.);
#5685=EDGE_CURVE('',#6735,#6736,#451,.T.);
#5686=EDGE_CURVE('',#6730,#6735,#1094,.F.);
#5687=EDGE_CURVE('',#6736,#6729,#1095,.T.);
#5688=EDGE_CURVE('',#6483,#6724,#1096,.T.);
#5689=EDGE_CURVE('',#6725,#6484,#1097,.F.);
#5690=EDGE_CURVE('',#6736,#6737,#452,.T.);
#5691=EDGE_CURVE('',#6737,#6727,#1098,.T.);
#5692=EDGE_CURVE('',#6726,#6492,#1099,.F.);
#5693=EDGE_CURVE('',#6737,#6738,#1100,.T.);
#5694=EDGE_CURVE('',#6738,#6728,#1101,.T.);
#5695=EDGE_CURVE('',#6717,#6491,#1102,.F.);
#5696=EDGE_CURVE('',#6738,#6739,#453,.T.);
#5697=EDGE_CURVE('',#6739,#6734,#1103,.T.);
#5698=EDGE_CURVE('',#6718,#6490,#1104,.F.);
#5699=EDGE_CURVE('',#6739,#6740,#454,.T.);
#5700=EDGE_CURVE('',#6740,#6733,#1105,.T.);
#5701=EDGE_CURVE('',#6719,#6489,#1106,.F.);
#5702=EDGE_CURVE('',#6732,#6741,#1107,.T.);
#5703=EDGE_CURVE('',#6740,#6741,#1108,.T.);
#5704=EDGE_CURVE('',#6720,#6488,#1109,.F.);
#5705=EDGE_CURVE('',#6487,#6721,#1110,.F.);
#5706=EDGE_CURVE('',#6731,#6742,#1111,.T.);
#5707=EDGE_CURVE('',#6741,#6742,#1112,.F.);
#5708=EDGE_CURVE('',#6722,#6486,#1113,.F.);
#5709=EDGE_CURVE('',#6485,#6723,#1114,.F.);
#5710=EDGE_CURVE('',#6742,#6735,#1115,.F.);
#5711=EDGE_CURVE('',#6743,#6744,#1116,.T.);
#5712=EDGE_CURVE('',#6744,#6745,#1117,.F.);
#5713=EDGE_CURVE('',#6746,#6745,#1118,.F.);
#5714=EDGE_CURVE('',#6743,#6746,#1119,.F.);
#5715=EDGE_CURVE('',#6747,#6748,#1120,.F.);
#5716=EDGE_CURVE('',#6748,#6749,#455,.F.);
#5717=EDGE_CURVE('',#6749,#6750,#456,.F.);
#5718=EDGE_CURVE('',#6750,#6751,#1121,.T.);
#5719=EDGE_CURVE('',#6752,#6751,#7197,.F.);
#5720=EDGE_CURVE('',#6752,#6753,#1122,.F.);
#5721=EDGE_CURVE('',#6753,#6754,#1123,.T.);
#5722=EDGE_CURVE('',#6754,#6743,#1124,.T.);
#5723=EDGE_CURVE('',#6746,#6755,#457,.F.);
#5724=EDGE_CURVE('',#6755,#6747,#458,.F.);
#5725=EDGE_CURVE('',#6756,#6757,#459,.T.);
#5726=EDGE_CURVE('',#6758,#6756,#460,.T.);
#5727=EDGE_CURVE('',#6759,#6758,#1125,.F.);
#5728=EDGE_CURVE('',#6760,#6759,#7198,.F.);
#5729=EDGE_CURVE('',#6761,#6760,#1126,.T.);
#5730=EDGE_CURVE('',#6762,#6761,#7199,.F.);
#5731=EDGE_CURVE('',#6763,#6762,#1127,.T.);
#5732=EDGE_CURVE('',#6764,#6763,#7200,.F.);
#5733=EDGE_CURVE('',#6765,#6764,#1128,.F.);
#5734=EDGE_CURVE('',#6766,#6765,#1129,.T.);
#5735=EDGE_CURVE('',#6767,#6766,#461,.T.);
#5736=EDGE_CURVE('',#6768,#6767,#462,.T.);
#5737=EDGE_CURVE('',#6757,#6768,#1130,.F.);
#5738=EDGE_CURVE('',#6759,#6108,#1131,.T.);
#5739=EDGE_CURVE('',#6110,#6758,#1132,.T.);
#5740=EDGE_CURVE('',#6109,#6760,#1133,.T.);
#5741=EDGE_CURVE('',#6111,#6756,#1134,.T.);
#5742=EDGE_CURVE('',#6745,#6769,#463,.F.);
#5743=EDGE_CURVE('',#6755,#6769,#1135,.F.);
#5744=EDGE_CURVE('',#6112,#6757,#1136,.T.);
#5745=EDGE_CURVE('',#6769,#6770,#464,.F.);
#5746=EDGE_CURVE('',#6747,#6770,#1137,.F.);
#5747=EDGE_CURVE('',#6771,#6754,#1138,.T.);
#5748=EDGE_CURVE('',#6771,#6744,#1139,.T.);
#5749=EDGE_CURVE('',#6113,#6768,#1140,.T.);
#5750=EDGE_CURVE('',#6770,#6772,#1141,.F.);
#5751=EDGE_CURVE('',#6748,#6772,#1142,.F.);
#5752=EDGE_CURVE('',#6114,#6767,#1143,.T.);
#5753=EDGE_CURVE('',#6772,#6773,#465,.F.);
#5754=EDGE_CURVE('',#6749,#6773,#1144,.F.);
#5755=EDGE_CURVE('',#6115,#6766,#1145,.T.);
#5756=EDGE_CURVE('',#6773,#6774,#466,.F.);
#5757=EDGE_CURVE('',#6750,#6774,#1146,.F.);
#5758=EDGE_CURVE('',#6765,#6116,#1147,.T.);
#5759=EDGE_CURVE('',#6774,#6775,#1148,.T.);
#5760=EDGE_CURVE('',#6751,#6775,#1149,.F.);
#5761=EDGE_CURVE('',#6776,#6752,#1150,.F.);
#5762=EDGE_CURVE('',#6775,#6776,#7201,.T.);
#5763=EDGE_CURVE('',#6777,#6753,#1151,.T.);
#5764=EDGE_CURVE('',#6777,#6771,#1152,.T.);
#5765=EDGE_CURVE('',#6776,#6777,#1153,.F.);
#5766=EDGE_CURVE('',#6117,#6764,#1154,.T.);
#5767=EDGE_CURVE('',#6763,#6118,#1155,.T.);
#5768=EDGE_CURVE('',#6119,#6762,#1156,.T.);
#5769=EDGE_CURVE('',#6761,#6120,#1157,.T.);
#5770=EDGE_CURVE('',#6778,#6779,#467,.F.);
#5771=EDGE_CURVE('',#6780,#6778,#1158,.F.);
#5772=EDGE_CURVE('',#6781,#6780,#7202,.T.);
#5773=EDGE_CURVE('',#6782,#6781,#1159,.F.);
#5774=EDGE_CURVE('',#6783,#6782,#7203,.T.);
#5775=EDGE_CURVE('',#6784,#6783,#1160,.T.);
#5776=EDGE_CURVE('',#6785,#6784,#468,.F.);
#5777=EDGE_CURVE('',#6786,#6785,#469,.F.);
#5778=EDGE_CURVE('',#6787,#6786,#1161,.T.);
#5779=EDGE_CURVE('',#6779,#6787,#470,.F.);
#5780=EDGE_CURVE('',#6788,#6789,#471,.F.);
#5781=EDGE_CURVE('',#6789,#6790,#1162,.T.);
#5782=EDGE_CURVE('',#6791,#6790,#7204,.F.);
#5783=EDGE_CURVE('',#6791,#6792,#1163,.F.);
#5784=EDGE_CURVE('',#6793,#6792,#7205,.F.);
#5785=EDGE_CURVE('',#6793,#6794,#1164,.F.);
#5786=EDGE_CURVE('',#6794,#6795,#472,.F.);
#5787=EDGE_CURVE('',#6795,#6796,#473,.F.);
#5788=EDGE_CURVE('',#6796,#6797,#1165,.T.);
#5789=EDGE_CURVE('',#6797,#6788,#474,.F.);
#5790=EDGE_CURVE('',#6798,#6799,#475,.T.);
#5791=EDGE_CURVE('',#6800,#6798,#1166,.T.);
#5792=EDGE_CURVE('',#6801,#6800,#476,.T.);
#5793=EDGE_CURVE('',#6802,#6801,#477,.T.);
#5794=EDGE_CURVE('',#6803,#6802,#1167,.F.);
#5795=EDGE_CURVE('',#6804,#6803,#1168,.F.);
#5796=EDGE_CURVE('',#6805,#6804,#1169,.T.);
#5797=EDGE_CURVE('',#6799,#6805,#478,.T.);
#5798=EDGE_CURVE('',#6806,#6807,#479,.T.);
#5799=EDGE_CURVE('',#6802,#6806,#1170,.F.);
#5800=EDGE_CURVE('',#6807,#6801,#1171,.T.);
#5801=EDGE_CURVE('',#6778,#6794,#1172,.T.);
#5802=EDGE_CURVE('',#6795,#6779,#1173,.F.);
#5803=EDGE_CURVE('',#6807,#6808,#480,.T.);
#5804=EDGE_CURVE('',#6808,#6800,#1174,.T.);
#5805=EDGE_CURVE('',#6796,#6787,#1175,.F.);
#5806=EDGE_CURVE('',#6808,#6809,#1176,.T.);
#5807=EDGE_CURVE('',#6809,#6798,#1177,.T.);
#5808=EDGE_CURVE('',#6797,#6786,#1178,.F.);
#5809=EDGE_CURVE('',#6809,#6810,#481,.T.);
#5810=EDGE_CURVE('',#6810,#6799,#1179,.T.);
#5811=EDGE_CURVE('',#6788,#6785,#1180,.F.);
#5812=EDGE_CURVE('',#6810,#6811,#482,.T.);
#5813=EDGE_CURVE('',#6811,#6805,#1181,.T.);
#5814=EDGE_CURVE('',#6789,#6784,#1182,.F.);
#5815=EDGE_CURVE('',#6804,#6812,#1183,.T.);
#5816=EDGE_CURVE('',#6811,#6812,#1184,.T.);
#5817=EDGE_CURVE('',#6790,#6783,#1185,.F.);
#5818=EDGE_CURVE('',#6782,#6791,#1186,.F.);
#5819=EDGE_CURVE('',#6803,#6813,#1187,.T.);
#5820=EDGE_CURVE('',#6812,#6813,#1188,.F.);
#5821=EDGE_CURVE('',#6792,#6781,#1189,.F.);
#5822=EDGE_CURVE('',#6780,#6793,#1190,.F.);
#5823=EDGE_CURVE('',#6813,#6806,#1191,.F.);
#5824=EDGE_CURVE('',#6814,#6815,#483,.F.);
#5825=EDGE_CURVE('',#6816,#6814,#1192,.F.);
#5826=EDGE_CURVE('',#6817,#6816,#7206,.T.);
#5827=EDGE_CURVE('',#6818,#6817,#1193,.F.);
#5828=EDGE_CURVE('',#6819,#6818,#7207,.T.);
#5829=EDGE_CURVE('',#6820,#6819,#1194,.T.);
#5830=EDGE_CURVE('',#6821,#6820,#484,.F.);
#5831=EDGE_CURVE('',#6822,#6821,#485,.F.);
#5832=EDGE_CURVE('',#6823,#6822,#1195,.T.);
#5833=EDGE_CURVE('',#6815,#6823,#486,.F.);
#5834=EDGE_CURVE('',#6824,#6825,#487,.F.);
#5835=EDGE_CURVE('',#6825,#6826,#1196,.T.);
#5836=EDGE_CURVE('',#6826,#6827,#488,.F.);
#5837=EDGE_CURVE('',#6827,#6828,#489,.F.);
#5838=EDGE_CURVE('',#6828,#6829,#1197,.T.);
#5839=EDGE_CURVE('',#6830,#6829,#7208,.F.);
#5840=EDGE_CURVE('',#6830,#6831,#1198,.F.);
#5841=EDGE_CURVE('',#6832,#6831,#7209,.F.);
#5842=EDGE_CURVE('',#6832,#6833,#1199,.F.);
#5843=EDGE_CURVE('',#6833,#6824,#490,.F.);
#5844=EDGE_CURVE('',#6834,#6835,#491,.T.);
#5845=EDGE_CURVE('',#6836,#6834,#1200,.F.);
#5846=EDGE_CURVE('',#6837,#6836,#1201,.F.);
#5847=EDGE_CURVE('',#6838,#6837,#1202,.T.);
#5848=EDGE_CURVE('',#6839,#6838,#492,.T.);
#5849=EDGE_CURVE('',#6840,#6839,#493,.T.);
#5850=EDGE_CURVE('',#6841,#6840,#1203,.T.);
#5851=EDGE_CURVE('',#6835,#6841,#494,.T.);
#5852=EDGE_CURVE('',#6842,#6843,#495,.T.);
#5853=EDGE_CURVE('',#6834,#6842,#1204,.F.);
#5854=EDGE_CURVE('',#6843,#6835,#1205,.T.);
#5855=EDGE_CURVE('',#6814,#6833,#1206,.T.);
#5856=EDGE_CURVE('',#6824,#6815,#1207,.F.);
#5857=EDGE_CURVE('',#6843,#6844,#496,.T.);
#5858=EDGE_CURVE('',#6844,#6841,#1208,.T.);
#5859=EDGE_CURVE('',#6825,#6823,#1209,.F.);
#5860=EDGE_CURVE('',#6844,#6845,#1210,.T.);
#5861=EDGE_CURVE('',#6845,#6840,#1211,.T.);
#5862=EDGE_CURVE('',#6826,#6822,#1212,.F.);
#5863=EDGE_CURVE('',#6845,#6846,#497,.T.);
#5864=EDGE_CURVE('',#6846,#6839,#1213,.T.);
#5865=EDGE_CURVE('',#6827,#6821,#1214,.F.);
#5866=EDGE_CURVE('',#6846,#6847,#498,.T.);
#5867=EDGE_CURVE('',#6847,#6838,#1215,.T.);
#5868=EDGE_CURVE('',#6828,#6820,#1216,.F.);
#5869=EDGE_CURVE('',#6837,#6848,#1217,.T.);
#5870=EDGE_CURVE('',#6847,#6848,#1218,.T.);
#5871=EDGE_CURVE('',#6829,#6819,#1219,.F.);
#5872=EDGE_CURVE('',#6818,#6830,#1220,.F.);
#5873=EDGE_CURVE('',#6836,#6849,#1221,.T.);
#5874=EDGE_CURVE('',#6848,#6849,#1222,.F.);
#5875=EDGE_CURVE('',#6831,#6817,#1223,.F.);
#5876=EDGE_CURVE('',#6816,#6832,#1224,.F.);
#5877=EDGE_CURVE('',#6849,#6842,#1225,.F.);
#5878=EDGE_CURVE('',#6850,#6851,#499,.F.);
#5879=EDGE_CURVE('',#6852,#6850,#500,.F.);
#5880=EDGE_CURVE('',#6853,#6852,#1226,.F.);
#5881=EDGE_CURVE('',#6854,#6853,#501,.F.);
#5882=EDGE_CURVE('',#6855,#6854,#502,.F.);
#5883=EDGE_CURVE('',#6851,#6855,#1227,.T.);
#5884=EDGE_CURVE('',#6856,#6857,#1228,.T.);
#5885=EDGE_CURVE('',#6857,#6858,#503,.F.);
#5886=EDGE_CURVE('',#6858,#6859,#504,.F.);
#5887=EDGE_CURVE('',#6859,#6860,#1229,.F.);
#5888=EDGE_CURVE('',#6860,#6861,#505,.F.);
#5889=EDGE_CURVE('',#6861,#6856,#506,.F.);
#5890=EDGE_CURVE('',#6862,#6863,#507,.T.);
#5891=EDGE_CURVE('',#6864,#6862,#508,.T.);
#5892=EDGE_CURVE('',#6865,#6864,#1230,.F.);
#5893=EDGE_CURVE('',#6866,#6865,#509,.T.);
#5894=EDGE_CURVE('',#6867,#6866,#510,.T.);
#5895=EDGE_CURVE('',#6863,#6867,#1231,.T.);
#5896=EDGE_CURVE('',#6868,#6869,#511,.T.);
#5897=EDGE_CURVE('',#6862,#6868,#1232,.F.);
#5898=EDGE_CURVE('',#6869,#6863,#1233,.T.);
#5899=EDGE_CURVE('',#6850,#6861,#1234,.T.);
#5900=EDGE_CURVE('',#6856,#6851,#1235,.F.);
#5901=EDGE_CURVE('',#6869,#6870,#1236,.T.);
#5902=EDGE_CURVE('',#6870,#6867,#1237,.T.);
#5903=EDGE_CURVE('',#6857,#6855,#1238,.F.);
#5904=EDGE_CURVE('',#6870,#6871,#512,.T.);
#5905=EDGE_CURVE('',#6871,#6866,#1239,.T.);
#5906=EDGE_CURVE('',#6858,#6854,#1240,.F.);
#5907=EDGE_CURVE('',#6871,#6872,#513,.T.);
#5908=EDGE_CURVE('',#6872,#6865,#1241,.T.);
#5909=EDGE_CURVE('',#6859,#6853,#1242,.F.);
#5910=EDGE_CURVE('',#6872,#6873,#1243,.F.);
#5911=EDGE_CURVE('',#6873,#6864,#1244,.T.);
#5912=EDGE_CURVE('',#6860,#6852,#1245,.F.);
#5913=EDGE_CURVE('',#6873,#6868,#514,.T.);
#5914=EDGE_CURVE('',#6874,#6874,#7210,.T.);
#5915=EDGE_CURVE('',#6875,#6875,#7211,.T.);
#5916=EDGE_CURVE('',#6876,#6876,#7212,.T.);
#5917=EDGE_CURVE('',#6877,#6877,#7213,.T.);
#5918=EDGE_CURVE('',#6878,#6878,#7214,.T.);
#5919=EDGE_CURVE('',#6879,#6879,#7215,.T.);
#5920=EDGE_CURVE('',#6880,#6880,#7216,.T.);
#5921=EDGE_CURVE('',#6881,#6881,#7217,.T.);
#5922=EDGE_CURVE('',#6882,#6882,#7218,.T.);
#5923=EDGE_CURVE('',#6883,#6883,#7219,.T.);
#5924=EDGE_CURVE('',#6884,#6884,#7220,.T.);
#5925=EDGE_CURVE('',#6885,#6885,#7221,.T.);
#5926=EDGE_CURVE('',#6886,#6887,#1246,.T.);
#5927=EDGE_CURVE('',#6887,#6888,#1247,.F.);
#5928=EDGE_CURVE('',#6889,#6888,#1248,.T.);
#5929=EDGE_CURVE('',#6889,#6890,#1249,.T.);
#5930=EDGE_CURVE('',#6890,#6891,#1250,.T.);
#5931=EDGE_CURVE('',#6892,#6891,#1251,.T.);
#5932=EDGE_CURVE('',#6893,#6892,#1252,.T.);
#5933=EDGE_CURVE('',#6886,#6893,#1253,.F.);
#5934=EDGE_CURVE('',#6894,#6894,#7222,.F.);
#5935=EDGE_CURVE('',#6895,#6895,#7223,.F.);
#5936=EDGE_CURVE('',#6896,#6896,#7224,.F.);
#5937=EDGE_CURVE('',#6897,#6897,#7225,.F.);
#5938=EDGE_CURVE('',#6898,#6898,#7226,.F.);
#5939=EDGE_CURVE('',#6899,#6899,#7227,.F.);
#5940=EDGE_CURVE('',#6900,#6900,#7228,.F.);
#5941=EDGE_CURVE('',#6901,#6901,#7229,.F.);
#5942=EDGE_CURVE('',#6902,#6902,#7230,.F.);
#5943=EDGE_CURVE('',#6903,#6903,#7231,.F.);
#5944=EDGE_CURVE('',#6904,#6904,#7232,.F.);
#5945=EDGE_CURVE('',#6905,#6905,#7233,.F.);
#5946=EDGE_CURVE('',#6906,#6906,#7234,.F.);
#5947=EDGE_CURVE('',#6907,#6907,#7235,.F.);
#5948=EDGE_CURVE('',#6908,#6908,#7236,.F.);
#5949=EDGE_CURVE('',#6909,#6909,#7237,.F.);
#5950=EDGE_CURVE('',#6910,#6910,#7238,.F.);
#5951=EDGE_CURVE('',#6911,#6911,#7239,.F.);
#5952=EDGE_CURVE('',#6912,#6912,#7240,.F.);
#5953=EDGE_CURVE('',#6913,#6913,#7241,.F.);
#5954=EDGE_CURVE('',#6914,#6914,#7242,.F.);
#5955=EDGE_CURVE('',#6915,#6915,#7243,.F.);
#5956=EDGE_CURVE('',#6916,#6916,#7244,.F.);
#5957=EDGE_CURVE('',#6917,#6917,#7245,.F.);
#5958=EDGE_CURVE('',#6918,#6918,#7246,.F.);
#5959=EDGE_CURVE('',#6919,#6919,#7247,.T.);
#5960=EDGE_CURVE('',#6887,#6890,#7248,.T.);
#5961=EDGE_CURVE('',#6920,#6886,#7249,.T.);
#5962=EDGE_CURVE('',#6921,#6920,#1254,.T.);
#5963=EDGE_CURVE('',#6922,#6921,#7250,.T.);
#5964=EDGE_CURVE('',#6923,#6922,#1255,.T.);
#5965=EDGE_CURVE('',#6924,#6923,#7251,.T.);
#5966=EDGE_CURVE('',#6925,#6924,#1256,.T.);
#5967=EDGE_CURVE('',#6891,#6925,#7252,.T.);
#5968=EDGE_CURVE('',#6926,#6926,#7253,.F.);
#5969=EDGE_CURVE('',#6927,#6927,#7254,.F.);
#5970=EDGE_CURVE('',#6928,#6928,#7255,.F.);
#5971=EDGE_CURVE('',#6929,#6929,#7256,.F.);
#5972=EDGE_CURVE('',#6930,#6930,#7257,.F.);
#5973=EDGE_CURVE('',#6931,#6931,#7258,.F.);
#5974=EDGE_CURVE('',#6932,#6932,#7259,.F.);
#5975=EDGE_CURVE('',#6933,#6933,#7260,.F.);
#5976=EDGE_CURVE('',#6934,#6934,#7261,.F.);
#5977=EDGE_CURVE('',#6935,#6935,#7262,.F.);
#5978=EDGE_CURVE('',#6936,#6936,#7263,.F.);
#5979=EDGE_CURVE('',#6937,#6937,#7264,.F.);
#5980=EDGE_CURVE('',#6938,#6938,#7265,.F.);
#5981=EDGE_CURVE('',#6939,#6939,#7266,.F.);
#5982=EDGE_CURVE('',#6940,#6940,#7267,.F.);
#5983=EDGE_CURVE('',#6941,#6942,#1257,.T.);
#5984=EDGE_CURVE('',#6941,#6943,#1258,.T.);
#5985=EDGE_CURVE('',#6943,#6944,#1259,.T.);
#5986=EDGE_CURVE('',#6944,#6945,#1260,.T.);
#5987=EDGE_CURVE('',#6945,#6946,#1261,.T.);
#5988=EDGE_CURVE('',#6946,#6947,#1262,.T.);
#5989=EDGE_CURVE('',#6947,#6948,#1263,.T.);
#5990=EDGE_CURVE('',#6948,#6949,#1264,.T.);
#5991=EDGE_CURVE('',#6949,#6950,#1265,.T.);
#5992=EDGE_CURVE('',#6951,#6950,#1266,.T.);
#5993=EDGE_CURVE('',#6952,#6951,#1267,.T.);
#5994=EDGE_CURVE('',#6942,#6952,#1268,.T.);
#5995=EDGE_CURVE('',#6953,#6954,#7268,.F.);
#5996=EDGE_CURVE('',#6955,#6954,#1269,.T.);
#5997=EDGE_CURVE('',#6955,#6956,#7269,.F.);
#5998=EDGE_CURVE('',#6957,#6956,#1270,.T.);
#5999=EDGE_CURVE('',#6957,#6958,#7270,.F.);
#6000=EDGE_CURVE('',#6959,#6958,#1271,.T.);
#6001=EDGE_CURVE('',#6959,#6960,#7271,.F.);
#6002=EDGE_CURVE('',#6953,#6960,#1272,.T.);
#6003=EDGE_CURVE('',#6961,#6892,#7272,.F.);
#6004=EDGE_CURVE('',#6961,#6962,#1273,.T.);
#6005=EDGE_CURVE('',#6963,#6962,#7273,.F.);
#6006=EDGE_CURVE('',#6963,#6964,#1274,.T.);
#6007=EDGE_CURVE('',#6965,#6964,#7274,.F.);
#6008=EDGE_CURVE('',#6965,#6966,#1275,.T.);
#6009=EDGE_CURVE('',#6893,#6966,#7275,.F.);
#6010=EDGE_CURVE('',#6967,#6959,#1276,.T.);
#6011=EDGE_CURVE('',#6958,#6968,#1277,.F.);
#6012=EDGE_CURVE('',#6967,#6968,#1278,.T.);
#6013=EDGE_CURVE('',#6969,#6957,#1279,.T.);
#6014=EDGE_CURVE('',#6956,#6970,#1280,.F.);
#6015=EDGE_CURVE('',#6969,#6970,#1281,.T.);
#6016=EDGE_CURVE('',#6971,#6955,#1282,.T.);
#6017=EDGE_CURVE('',#6954,#6972,#1283,.F.);
#6018=EDGE_CURVE('',#6971,#6972,#1284,.T.);
#6019=EDGE_CURVE('',#6973,#6953,#1285,.T.);
#6020=EDGE_CURVE('',#6960,#6974,#1286,.F.);
#6021=EDGE_CURVE('',#6973,#6974,#1287,.T.);
#6022=EDGE_CURVE('',#6975,#6975,#7276,.F.);
#6023=EDGE_CURVE('',#6976,#6976,#7277,.F.);
#6024=EDGE_CURVE('',#6977,#6977,#7278,.F.);
#6025=EDGE_CURVE('',#6978,#6978,#7279,.F.);
#6026=EDGE_CURVE('',#6979,#6979,#7280,.F.);
#6027=EDGE_CURVE('',#6980,#6980,#7281,.F.);
#6028=EDGE_CURVE('',#6981,#6981,#7282,.F.);
#6029=EDGE_CURVE('',#6982,#6982,#7283,.F.);
#6030=EDGE_CURVE('',#6983,#6983,#7284,.F.);
#6031=EDGE_CURVE('',#6984,#6984,#7285,.F.);
#6032=EDGE_CURVE('',#6985,#6985,#7286,.F.);
#6033=EDGE_CURVE('',#6986,#6986,#7287,.F.);
#6034=EDGE_CURVE('',#6987,#6987,#7288,.F.);
#6035=EDGE_CURVE('',#6988,#6988,#7289,.F.);
#6036=EDGE_CURVE('',#6989,#6989,#7290,.F.);
#6037=EDGE_CURVE('',#6990,#6990,#7291,.F.);
#6038=EDGE_CURVE('',#6991,#6991,#7292,.F.);
#6039=EDGE_CURVE('',#6992,#6992,#7293,.F.);
#6040=EDGE_CURVE('',#6993,#6993,#7294,.F.);
#6041=EDGE_CURVE('',#6994,#6994,#7295,.F.);
#6042=EDGE_CURVE('',#6995,#6995,#7296,.F.);
#6043=EDGE_CURVE('',#6996,#6996,#7297,.F.);
#6044=EDGE_CURVE('',#6997,#6997,#7298,.F.);
#6045=EDGE_CURVE('',#6998,#6998,#7299,.F.);
#6046=EDGE_CURVE('',#6999,#6999,#7300,.F.);
#6047=EDGE_CURVE('',#7000,#7000,#7301,.T.);
#6048=EDGE_CURVE('',#7001,#7001,#7302,.T.);
#6049=EDGE_CURVE('',#7002,#7002,#7303,.T.);
#6050=EDGE_CURVE('',#7003,#7003,#7304,.T.);
#6051=EDGE_CURVE('',#7004,#7004,#7305,.T.);
#6052=EDGE_CURVE('',#6974,#6967,#7306,.T.);
#6053=EDGE_CURVE('',#6968,#6969,#7307,.T.);
#6054=EDGE_CURVE('',#6970,#6971,#7308,.T.);
#6055=EDGE_CURVE('',#6972,#6973,#7309,.T.);
#6056=EDGE_CURVE('',#6923,#6963,#1288,.T.);
#6057=EDGE_CURVE('',#6964,#6922,#1289,.F.);
#6058=EDGE_CURVE('',#6921,#6965,#1290,.F.);
#6059=EDGE_CURVE('',#6966,#6920,#1291,.T.);
#6060=EDGE_CURVE('',#6925,#6961,#1292,.T.);
#6061=EDGE_CURVE('',#6962,#6924,#1293,.F.);
#6062=EDGE_CURVE('',#7005,#7005,#7310,.T.);
#6063=EDGE_CURVE('',#7006,#7006,#7311,.T.);
#6064=EDGE_CURVE('',#7007,#7007,#7312,.T.);
#6065=EDGE_CURVE('',#7008,#7008,#7313,.T.);
#6066=EDGE_CURVE('',#7009,#7009,#7314,.T.);
#6067=EDGE_CURVE('',#7010,#7010,#7315,.T.);
#6068=EDGE_CURVE('',#7011,#7011,#7316,.T.);
#6069=EDGE_CURVE('',#7012,#7012,#7317,.T.);
#6070=EDGE_CURVE('',#7013,#7013,#7318,.T.);
#6071=EDGE_CURVE('',#7014,#7014,#7319,.T.);
#6072=EDGE_CURVE('',#7015,#7015,#7320,.T.);
#6073=EDGE_CURVE('',#7016,#6941,#1294,.T.);
#6074=EDGE_CURVE('',#7016,#7017,#1295,.T.);
#6075=EDGE_CURVE('',#7017,#6943,#1296,.T.);
#6076=EDGE_CURVE('',#7018,#6942,#1297,.T.);
#6077=EDGE_CURVE('',#7016,#7018,#1298,.T.);
#6078=EDGE_CURVE('',#7019,#6952,#1299,.T.);
#6079=EDGE_CURVE('',#7018,#7019,#1300,.T.);
#6080=EDGE_CURVE('',#7020,#6951,#1301,.T.);
#6081=EDGE_CURVE('',#7019,#7020,#1302,.T.);
#6082=EDGE_CURVE('',#7021,#6950,#1303,.T.);
#6083=EDGE_CURVE('',#7020,#7021,#1304,.T.);
#6084=EDGE_CURVE('',#7022,#6949,#1305,.T.);
#6085=EDGE_CURVE('',#7022,#7021,#1306,.T.);
#6086=EDGE_CURVE('',#7023,#6948,#1307,.T.);
#6087=EDGE_CURVE('',#7023,#7022,#1308,.T.);
#6088=EDGE_CURVE('',#7024,#6947,#1309,.T.);
#6089=EDGE_CURVE('',#7024,#7023,#1310,.T.);
#6090=EDGE_CURVE('',#7025,#6946,#1311,.T.);
#6091=EDGE_CURVE('',#7025,#7024,#1312,.T.);
#6092=EDGE_CURVE('',#7026,#6945,#1313,.T.);
#6093=EDGE_CURVE('',#7026,#7025,#1314,.T.);
#6094=EDGE_CURVE('',#7027,#6944,#1315,.T.);
#6095=EDGE_CURVE('',#7027,#7026,#1316,.T.);
#6096=EDGE_CURVE('',#7017,#7027,#1317,.T.);
#6097=EDGE_CURVE('',#6888,#6889,#7321,.T.);
#6098=EDGE_CURVE('',#7028,#7028,#7322,.T.);
#6099=EDGE_CURVE('',#7029,#7029,#7323,.T.);
#6100=EDGE_CURVE('',#7030,#7030,#7324,.T.);
#6101=EDGE_CURVE('',#7031,#7031,#7325,.T.);
#6102=EDGE_CURVE('',#7032,#7032,#7326,.T.);
#6103=EDGE_CURVE('',#7033,#7033,#7327,.T.);
#6104=EDGE_CURVE('',#7034,#7034,#7328,.T.);
#6105=EDGE_CURVE('',#7035,#7035,#7329,.T.);
#6106=EDGE_CURVE('',#7036,#7036,#7330,.T.);
#6107=EDGE_CURVE('',#7037,#7037,#7331,.T.);
#6108=VERTEX_POINT('',#12589);
#6109=VERTEX_POINT('',#12590);
#6110=VERTEX_POINT('',#12592);
#6111=VERTEX_POINT('',#12598);
#6112=VERTEX_POINT('',#12603);
#6113=VERTEX_POINT('',#12605);
#6114=VERTEX_POINT('',#12611);
#6115=VERTEX_POINT('',#12616);
#6116=VERTEX_POINT('',#12618);
#6117=VERTEX_POINT('',#12620);
#6118=VERTEX_POINT('',#12622);
#6119=VERTEX_POINT('',#12624);
#6120=VERTEX_POINT('',#12626);
#6121=VERTEX_POINT('',#12632);
#6122=VERTEX_POINT('',#12633);
#6123=VERTEX_POINT('',#12639);
#6124=VERTEX_POINT('',#12644);
#6125=VERTEX_POINT('',#12646);
#6126=VERTEX_POINT('',#12651);
#6127=VERTEX_POINT('',#12656);
#6128=VERTEX_POINT('',#12662);
#6129=VERTEX_POINT('',#12667);
#6130=VERTEX_POINT('',#12669);
#6131=VERTEX_POINT('',#12675);
#6132=VERTEX_POINT('',#12676);
#6133=VERTEX_POINT('',#12678);
#6134=VERTEX_POINT('',#12684);
#6135=VERTEX_POINT('',#12689);
#6136=VERTEX_POINT('',#12691);
#6137=VERTEX_POINT('',#12697);
#6138=VERTEX_POINT('',#12702);
#6139=VERTEX_POINT('',#12704);
#6140=VERTEX_POINT('',#12706);
#6141=VERTEX_POINT('',#12709);
#6142=VERTEX_POINT('',#12710);
#6143=VERTEX_POINT('',#12712);
#6144=VERTEX_POINT('',#12718);
#6145=VERTEX_POINT('',#12723);
#6146=VERTEX_POINT('',#12725);
#6147=VERTEX_POINT('',#12731);
#6148=VERTEX_POINT('',#12736);
#6149=VERTEX_POINT('',#12741);
#6150=VERTEX_POINT('',#12743);
#6151=VERTEX_POINT('',#12748);
#6152=VERTEX_POINT('',#12753);
#6153=VERTEX_POINT('',#12755);
#6154=VERTEX_POINT('',#12757);
#6155=VERTEX_POINT('',#12759);
#6156=VERTEX_POINT('',#12764);
#6157=VERTEX_POINT('',#12769);
#6158=VERTEX_POINT('',#12771);
#6159=VERTEX_POINT('',#12777);
#6160=VERTEX_POINT('',#12782);
#6161=VERTEX_POINT('',#12784);
#6162=VERTEX_POINT('',#12786);
#6163=VERTEX_POINT('',#12788);
#6164=VERTEX_POINT('',#12790);
#6165=VERTEX_POINT('',#12792);
#6166=VERTEX_POINT('',#12795);
#6167=VERTEX_POINT('',#12796);
#6168=VERTEX_POINT('',#12798);
#6169=VERTEX_POINT('',#12800);
#6170=VERTEX_POINT('',#12802);
#6171=VERTEX_POINT('',#12804);
#6172=VERTEX_POINT('',#12806);
#6173=VERTEX_POINT('',#12808);
#6174=VERTEX_POINT('',#12811);
#6175=VERTEX_POINT('',#12813);
#6176=VERTEX_POINT('',#12815);
#6177=VERTEX_POINT('',#12817);
#6178=VERTEX_POINT('',#12819);
#6179=VERTEX_POINT('',#12821);
#6180=VERTEX_POINT('',#12823);
#6181=VERTEX_POINT('',#12825);
#6182=VERTEX_POINT('',#12827);
#6183=VERTEX_POINT('',#12829);
#6184=VERTEX_POINT('',#12830);
#6185=VERTEX_POINT('',#12832);
#6186=VERTEX_POINT('',#12834);
#6187=VERTEX_POINT('',#12837);
#6188=VERTEX_POINT('',#12838);
#6189=VERTEX_POINT('',#12840);
#6190=VERTEX_POINT('',#12846);
#6191=VERTEX_POINT('',#12851);
#6192=VERTEX_POINT('',#12853);
#6193=VERTEX_POINT('',#12859);
#6194=VERTEX_POINT('',#12864);
#6195=VERTEX_POINT('',#12869);
#6196=VERTEX_POINT('',#12871);
#6197=VERTEX_POINT('',#12876);
#6198=VERTEX_POINT('',#12881);
#6199=VERTEX_POINT('',#12883);
#6200=VERTEX_POINT('',#12885);
#6201=VERTEX_POINT('',#12887);
#6202=VERTEX_POINT('',#12892);
#6203=VERTEX_POINT('',#12897);
#6204=VERTEX_POINT('',#12899);
#6205=VERTEX_POINT('',#12905);
#6206=VERTEX_POINT('',#12910);
#6207=VERTEX_POINT('',#12912);
#6208=VERTEX_POINT('',#12914);
#6209=VERTEX_POINT('',#12916);
#6210=VERTEX_POINT('',#12918);
#6211=VERTEX_POINT('',#12920);
#6212=VERTEX_POINT('',#12923);
#6213=VERTEX_POINT('',#12924);
#6214=VERTEX_POINT('',#12926);
#6215=VERTEX_POINT('',#12928);
#6216=VERTEX_POINT('',#12930);
#6217=VERTEX_POINT('',#12932);
#6218=VERTEX_POINT('',#12934);
#6219=VERTEX_POINT('',#12936);
#6220=VERTEX_POINT('',#12938);
#6221=VERTEX_POINT('',#12940);
#6222=VERTEX_POINT('',#12942);
#6223=VERTEX_POINT('',#12944);
#6224=VERTEX_POINT('',#12946);
#6225=VERTEX_POINT('',#12948);
#6226=VERTEX_POINT('',#12951);
#6227=VERTEX_POINT('',#12952);
#6228=VERTEX_POINT('',#12954);
#6229=VERTEX_POINT('',#12956);
#6230=VERTEX_POINT('',#12958);
#6231=VERTEX_POINT('',#12960);
#6232=VERTEX_POINT('',#12962);
#6233=VERTEX_POINT('',#12964);
#6234=VERTEX_POINT('',#12966);
#6235=VERTEX_POINT('',#12968);
#6236=VERTEX_POINT('',#12970);
#6237=VERTEX_POINT('',#12972);
#6238=VERTEX_POINT('',#12974);
#6239=VERTEX_POINT('',#12976);
#6240=VERTEX_POINT('',#12978);
#6241=VERTEX_POINT('',#12980);
#6242=VERTEX_POINT('',#12982);
#6243=VERTEX_POINT('',#12984);
#6244=VERTEX_POINT('',#12986);
#6245=VERTEX_POINT('',#12988);
#6246=VERTEX_POINT('',#12991);
#6247=VERTEX_POINT('',#12992);
#6248=VERTEX_POINT('',#12994);
#6249=VERTEX_POINT('',#12996);
#6250=VERTEX_POINT('',#12998);
#6251=VERTEX_POINT('',#13000);
#6252=VERTEX_POINT('',#13002);
#6253=VERTEX_POINT('',#13004);
#6254=VERTEX_POINT('',#13006);
#6255=VERTEX_POINT('',#13008);
#6256=VERTEX_POINT('',#13010);
#6257=VERTEX_POINT('',#13012);
#6258=VERTEX_POINT('',#13014);
#6259=VERTEX_POINT('',#13016);
#6260=VERTEX_POINT('',#13020);
#6261=VERTEX_POINT('',#13022);
#6262=VERTEX_POINT('',#13024);
#6263=VERTEX_POINT('',#13026);
#6264=VERTEX_POINT('',#13028);
#6265=VERTEX_POINT('',#13029);
#6266=VERTEX_POINT('',#13031);
#6267=VERTEX_POINT('',#13033);
#6268=VERTEX_POINT('',#13035);
#6269=VERTEX_POINT('',#13037);
#6270=VERTEX_POINT('',#13039);
#6271=VERTEX_POINT('',#13041);
#6272=VERTEX_POINT('',#13044);
#6273=VERTEX_POINT('',#13046);
#6274=VERTEX_POINT('',#13048);
#6275=VERTEX_POINT('',#13050);
#6276=VERTEX_POINT('',#13052);
#6277=VERTEX_POINT('',#13054);
#6278=VERTEX_POINT('',#13056);
#6279=VERTEX_POINT('',#13058);
#6280=VERTEX_POINT('',#13060);
#6281=VERTEX_POINT('',#13062);
#6282=VERTEX_POINT('',#13063);
#6283=VERTEX_POINT('',#13065);
#6284=VERTEX_POINT('',#13067);
#6285=VERTEX_POINT('',#13069);
#6286=VERTEX_POINT('',#13071);
#6287=VERTEX_POINT('',#13075);
#6288=VERTEX_POINT('',#13077);
#6289=VERTEX_POINT('',#13081);
#6290=VERTEX_POINT('',#13083);
#6291=VERTEX_POINT('',#13087);
#6292=VERTEX_POINT('',#13089);
#6293=VERTEX_POINT('',#13093);
#6294=VERTEX_POINT('',#13094);
#6295=VERTEX_POINT('',#13096);
#6296=VERTEX_POINT('',#13098);
#6297=VERTEX_POINT('',#13101);
#6298=VERTEX_POINT('',#13102);
#6299=VERTEX_POINT('',#13104);
#6300=VERTEX_POINT('',#13106);
#6301=VERTEX_POINT('',#13110);
#6302=VERTEX_POINT('',#13111);
#6303=VERTEX_POINT('',#13113);
#6304=VERTEX_POINT('',#13115);
#6305=VERTEX_POINT('',#13117);
#6306=VERTEX_POINT('',#13119);
#6307=VERTEX_POINT('',#13121);
#6308=VERTEX_POINT('',#13123);
#6309=VERTEX_POINT('',#13126);
#6310=VERTEX_POINT('',#13127);
#6311=VERTEX_POINT('',#13129);
#6312=VERTEX_POINT('',#13131);
#6313=VERTEX_POINT('',#13133);
#6314=VERTEX_POINT('',#13135);
#6315=VERTEX_POINT('',#13137);
#6316=VERTEX_POINT('',#13139);
#6317=VERTEX_POINT('',#13194);
#6318=VERTEX_POINT('',#13196);
#6319=VERTEX_POINT('',#13200);
#6320=VERTEX_POINT('',#13204);
#6321=VERTEX_POINT('',#13213);
#6322=VERTEX_POINT('',#13217);
#6323=VERTEX_POINT('',#13221);
#6324=VERTEX_POINT('',#13225);
#6325=VERTEX_POINT('',#13229);
#6326=VERTEX_POINT('',#13233);
#6327=VERTEX_POINT('',#13237);
#6328=VERTEX_POINT('',#13238);
#6329=VERTEX_POINT('',#13240);
#6330=VERTEX_POINT('',#13242);
#6331=VERTEX_POINT('',#13250);
#6332=VERTEX_POINT('',#13256);
#6333=VERTEX_POINT('',#13258);
#6334=VERTEX_POINT('',#13264);
#6335=VERTEX_POINT('',#13266);
#6336=VERTEX_POINT('',#13268);
#6337=VERTEX_POINT('',#13270);
#6338=VERTEX_POINT('',#13275);
#6339=VERTEX_POINT('',#13280);
#6340=VERTEX_POINT('',#13282);
#6341=VERTEX_POINT('',#13287);
#6342=VERTEX_POINT('',#13292);
#6343=VERTEX_POINT('',#13294);
#6344=VERTEX_POINT('',#13299);
#6345=VERTEX_POINT('',#13304);
#6346=VERTEX_POINT('',#13306);
#6347=VERTEX_POINT('',#13312);
#6348=VERTEX_POINT('',#13317);
#6349=VERTEX_POINT('',#13319);
#6350=VERTEX_POINT('',#13321);
#6351=VERTEX_POINT('',#13323);
#6352=VERTEX_POINT('',#13325);
#6353=VERTEX_POINT('',#13328);
#6354=VERTEX_POINT('',#13329);
#6355=VERTEX_POINT('',#13331);
#6356=VERTEX_POINT('',#13333);
#6357=VERTEX_POINT('',#13335);
#6358=VERTEX_POINT('',#13337);
#6359=VERTEX_POINT('',#13339);
#6360=VERTEX_POINT('',#13341);
#6361=VERTEX_POINT('',#13343);
#6362=VERTEX_POINT('',#13348);
#6363=VERTEX_POINT('',#13354);
#6364=VERTEX_POINT('',#13356);
#6365=VERTEX_POINT('',#13361);
#6366=VERTEX_POINT('',#13366);
#6367=VERTEX_POINT('',#13368);
#6368=VERTEX_POINT('',#13370);
#6369=VERTEX_POINT('',#13372);
#6370=VERTEX_POINT('',#13377);
#6371=VERTEX_POINT('',#13382);
#6372=VERTEX_POINT('',#13384);
#6373=VERTEX_POINT('',#13389);
#6374=VERTEX_POINT('',#13394);
#6375=VERTEX_POINT('',#13400);
#6376=VERTEX_POINT('',#13402);
#6377=VERTEX_POINT('',#13407);
#6378=VERTEX_POINT('',#13420);
#6379=VERTEX_POINT('',#13448);
#6380=VERTEX_POINT('',#13472);
#6381=VERTEX_POINT('',#13478);
#6382=VERTEX_POINT('',#13504);
#6383=VERTEX_POINT('',#13508);
#6384=VERTEX_POINT('',#13512);
#6385=VERTEX_POINT('',#13516);
#6386=VERTEX_POINT('',#13539);
#6387=VERTEX_POINT('',#13562);
#6388=VERTEX_POINT('',#13568);
#6389=VERTEX_POINT('',#13579);
#6390=VERTEX_POINT('',#13581);
#6391=VERTEX_POINT('',#13620);
#6392=VERTEX_POINT('',#13638);
#6393=VERTEX_POINT('',#13670);
#6394=VERTEX_POINT('',#13676);
#6395=VERTEX_POINT('',#13704);
#6396=VERTEX_POINT('',#13727);
#6397=VERTEX_POINT('',#13731);
#6398=VERTEX_POINT('',#13733);
#6399=VERTEX_POINT('',#13739);
#6400=VERTEX_POINT('',#13759);
#6401=VERTEX_POINT('',#13760);
#6402=VERTEX_POINT('',#13762);
#6403=VERTEX_POINT('',#13764);
#6404=VERTEX_POINT('',#13766);
#6405=VERTEX_POINT('',#13768);
#6406=VERTEX_POINT('',#13770);
#6407=VERTEX_POINT('',#13775);
#6408=VERTEX_POINT('',#13780);
#6409=VERTEX_POINT('',#13782);
#6410=VERTEX_POINT('',#13789);
#6411=VERTEX_POINT('',#13790);
#6412=VERTEX_POINT('',#13792);
#6413=VERTEX_POINT('',#13794);
#6414=VERTEX_POINT('',#13801);
#6415=VERTEX_POINT('',#13802);
#6416=VERTEX_POINT('',#13804);
#6417=VERTEX_POINT('',#13806);
#6418=VERTEX_POINT('',#13808);
#6419=VERTEX_POINT('',#13810);
#6420=VERTEX_POINT('',#13817);
#6421=VERTEX_POINT('',#13823);
#6422=VERTEX_POINT('',#13825);
#6423=VERTEX_POINT('',#13831);
#6424=VERTEX_POINT('',#13833);
#6425=VERTEX_POINT('',#13835);
#6426=VERTEX_POINT('',#13837);
#6427=VERTEX_POINT('',#13842);
#6428=VERTEX_POINT('',#13847);
#6429=VERTEX_POINT('',#13849);
#6430=VERTEX_POINT('',#13854);
#6431=VERTEX_POINT('',#13859);
#6432=VERTEX_POINT('',#13861);
#6433=VERTEX_POINT('',#13866);
#6434=VERTEX_POINT('',#13871);
#6435=VERTEX_POINT('',#13873);
#6436=VERTEX_POINT('',#13884);
#6437=VERTEX_POINT('',#13885);
#6438=VERTEX_POINT('',#13887);
#6439=VERTEX_POINT('',#13892);
#6440=VERTEX_POINT('',#13897);
#6441=VERTEX_POINT('',#13899);
#6442=VERTEX_POINT('',#13901);
#6443=VERTEX_POINT('',#13903);
#6444=VERTEX_POINT('',#13908);
#6445=VERTEX_POINT('',#13913);
#6446=VERTEX_POINT('',#13915);
#6447=VERTEX_POINT('',#13920);
#6448=VERTEX_POINT('',#13925);
#6449=VERTEX_POINT('',#13931);
#6450=VERTEX_POINT('',#13933);
#6451=VERTEX_POINT('',#13938);
#6452=VERTEX_POINT('',#13944);
#6453=VERTEX_POINT('',#13946);
#6454=VERTEX_POINT('',#13948);
#6455=VERTEX_POINT('',#13950);
#6456=VERTEX_POINT('',#13952);
#6457=VERTEX_POINT('',#13954);
#6458=VERTEX_POINT('',#13956);
#6459=VERTEX_POINT('',#13958);
#6460=VERTEX_POINT('',#13960);
#6461=VERTEX_POINT('',#13996);
#6462=VERTEX_POINT('',#14020);
#6463=VERTEX_POINT('',#14026);
#6464=VERTEX_POINT('',#14052);
#6465=VERTEX_POINT('',#14056);
#6466=VERTEX_POINT('',#14060);
#6467=VERTEX_POINT('',#14064);
#6468=VERTEX_POINT('',#14087);
#6469=VERTEX_POINT('',#14110);
#6470=VERTEX_POINT('',#14114);
#6471=VERTEX_POINT('',#14116);
#6472=VERTEX_POINT('',#14122);
#6473=VERTEX_POINT('',#14145);
#6474=VERTEX_POINT('',#14186);
#6475=VERTEX_POINT('',#14218);
#6476=VERTEX_POINT('',#14224);
#6477=VERTEX_POINT('',#14252);
#6478=VERTEX_POINT('',#14256);
#6479=VERTEX_POINT('',#14260);
#6480=VERTEX_POINT('',#14283);
#6481=VERTEX_POINT('',#14289);
#6482=VERTEX_POINT('',#14293);
#6483=VERTEX_POINT('',#14311);
#6484=VERTEX_POINT('',#14312);
#6485=VERTEX_POINT('',#14314);
#6486=VERTEX_POINT('',#14316);
#6487=VERTEX_POINT('',#14318);
#6488=VERTEX_POINT('',#14320);
#6489=VERTEX_POINT('',#14322);
#6490=VERTEX_POINT('',#14327);
#6491=VERTEX_POINT('',#14332);
#6492=VERTEX_POINT('',#14334);
#6493=VERTEX_POINT('',#14341);
#6494=VERTEX_POINT('',#14342);
#6495=VERTEX_POINT('',#14344);
#6496=VERTEX_POINT('',#14346);
#6497=VERTEX_POINT('',#14350);
#6498=VERTEX_POINT('',#14351);
#6499=VERTEX_POINT('',#14353);
#6500=VERTEX_POINT('',#14355);
#6501=VERTEX_POINT('',#14359);
#6502=VERTEX_POINT('',#14361);
#6503=VERTEX_POINT('',#14365);
#6504=VERTEX_POINT('',#14366);
#6505=VERTEX_POINT('',#14368);
#6506=VERTEX_POINT('',#14370);
#6507=VERTEX_POINT('',#14372);
#6508=VERTEX_POINT('',#14374);
#6509=VERTEX_POINT('',#14376);
#6510=VERTEX_POINT('',#14378);
#6511=VERTEX_POINT('',#14380);
#6512=VERTEX_POINT('',#14382);
#6513=VERTEX_POINT('',#14384);
#6514=VERTEX_POINT('',#14386);
#6515=VERTEX_POINT('',#14388);
#6516=VERTEX_POINT('',#14390);
#6517=VERTEX_POINT('',#14393);
#6518=VERTEX_POINT('',#14395);
#6519=VERTEX_POINT('',#14397);
#6520=VERTEX_POINT('',#14399);
#6521=VERTEX_POINT('',#14401);
#6522=VERTEX_POINT('',#14411);
#6523=VERTEX_POINT('',#14429);
#6524=VERTEX_POINT('',#14433);
#6525=VERTEX_POINT('',#14435);
#6526=VERTEX_POINT('',#14447);
#6527=VERTEX_POINT('',#14459);
#6528=VERTEX_POINT('',#14460);
#6529=VERTEX_POINT('',#14462);
#6530=VERTEX_POINT('',#14464);
#6531=VERTEX_POINT('',#14468);
#6532=VERTEX_POINT('',#14469);
#6533=VERTEX_POINT('',#14474);
#6534=VERTEX_POINT('',#14476);
#6535=VERTEX_POINT('',#14478);
#6536=VERTEX_POINT('',#14480);
#6537=VERTEX_POINT('',#14482);
#6538=VERTEX_POINT('',#14484);
#6539=VERTEX_POINT('',#14486);
#6540=VERTEX_POINT('',#14488);
#6541=VERTEX_POINT('',#14490);
#6542=VERTEX_POINT('',#14492);
#6543=VERTEX_POINT('',#14494);
#6544=VERTEX_POINT('',#14496);
#6545=VERTEX_POINT('',#14498);
#6546=VERTEX_POINT('',#14501);
#6547=VERTEX_POINT('',#14502);
#6548=VERTEX_POINT('',#14504);
#6549=VERTEX_POINT('',#14506);
#6550=VERTEX_POINT('',#14508);
#6551=VERTEX_POINT('',#14510);
#6552=VERTEX_POINT('',#14512);
#6553=VERTEX_POINT('',#14514);
#6554=VERTEX_POINT('',#14516);
#6555=VERTEX_POINT('',#14518);
#6556=VERTEX_POINT('',#14520);
#6557=VERTEX_POINT('',#14522);
#6558=VERTEX_POINT('',#14524);
#6559=VERTEX_POINT('',#14526);
#6560=VERTEX_POINT('',#14528);
#6561=VERTEX_POINT('',#14530);
#6562=VERTEX_POINT('',#14532);
#6563=VERTEX_POINT('',#14534);
#6564=VERTEX_POINT('',#14536);
#6565=VERTEX_POINT('',#14538);
#6566=VERTEX_POINT('',#14553);
#6567=VERTEX_POINT('',#14559);
#6568=VERTEX_POINT('',#14565);
#6569=VERTEX_POINT('',#14569);
#6570=VERTEX_POINT('',#14573);
#6571=VERTEX_POINT('',#14577);
#6572=VERTEX_POINT('',#14579);
#6573=VERTEX_POINT('',#14593);
#6574=VERTEX_POINT('',#14599);
#6575=VERTEX_POINT('',#14605);
#6576=VERTEX_POINT('',#14609);
#6577=VERTEX_POINT('',#14613);
#6578=VERTEX_POINT('',#14615);
#6579=VERTEX_POINT('',#14640);
#6580=VERTEX_POINT('',#14641);
#6581=VERTEX_POINT('',#14643);
#6582=VERTEX_POINT('',#14645);
#6583=VERTEX_POINT('',#14647);
#6584=VERTEX_POINT('',#14649);
#6585=VERTEX_POINT('',#14651);
#6586=VERTEX_POINT('',#14656);
#6587=VERTEX_POINT('',#14661);
#6588=VERTEX_POINT('',#14663);
#6589=VERTEX_POINT('',#14672);
#6590=VERTEX_POINT('',#14673);
#6591=VERTEX_POINT('',#14675);
#6592=VERTEX_POINT('',#14680);
#6593=VERTEX_POINT('',#14685);
#6594=VERTEX_POINT('',#14687);
#6595=VERTEX_POINT('',#14689);
#6596=VERTEX_POINT('',#14691);
#6597=VERTEX_POINT('',#14710);
#6598=VERTEX_POINT('',#14711);
#6599=VERTEX_POINT('',#14738);
#6600=VERTEX_POINT('',#14751);
#6601=VERTEX_POINT('',#14769);
#6602=VERTEX_POINT('',#14794);
#6603=VERTEX_POINT('',#14807);
#6604=VERTEX_POINT('',#14815);
#6605=VERTEX_POINT('',#14827);
#6606=VERTEX_POINT('',#14828);
#6607=VERTEX_POINT('',#14830);
#6608=VERTEX_POINT('',#14832);
#6609=VERTEX_POINT('',#14836);
#6610=VERTEX_POINT('',#14838);
#6611=VERTEX_POINT('',#14840);
#6612=VERTEX_POINT('',#14842);
#6613=VERTEX_POINT('',#14844);
#6614=VERTEX_POINT('',#14846);
#6615=VERTEX_POINT('',#14848);
#6616=VERTEX_POINT('',#14850);
#6617=VERTEX_POINT('',#14853);
#6618=VERTEX_POINT('',#14854);
#6619=VERTEX_POINT('',#14856);
#6620=VERTEX_POINT('',#14858);
#6621=VERTEX_POINT('',#14860);
#6622=VERTEX_POINT('',#14862);
#6623=VERTEX_POINT('',#14864);
#6624=VERTEX_POINT('',#14866);
#6625=VERTEX_POINT('',#14868);
#6626=VERTEX_POINT('',#14870);
#6627=VERTEX_POINT('',#14872);
#6628=VERTEX_POINT('',#14874);
#6629=VERTEX_POINT('',#14876);
#6630=VERTEX_POINT('',#14878);
#6631=VERTEX_POINT('',#14889);
#6632=VERTEX_POINT('',#14893);
#6633=VERTEX_POINT('',#14897);
#6634=VERTEX_POINT('',#14899);
#6635=VERTEX_POINT('',#14903);
#6636=VERTEX_POINT('',#14919);
#6637=VERTEX_POINT('',#14921);
#6638=VERTEX_POINT('',#14927);
#6639=VERTEX_POINT('',#14944);
#6640=VERTEX_POINT('',#14945);
#6641=VERTEX_POINT('',#14947);
#6642=VERTEX_POINT('',#14949);
#6643=VERTEX_POINT('',#14951);
#6644=VERTEX_POINT('',#14953);
#6645=VERTEX_POINT('',#14955);
#6646=VERTEX_POINT('',#14957);
#6647=VERTEX_POINT('',#14961);
#6648=VERTEX_POINT('',#14962);
#6649=VERTEX_POINT('',#14964);
#6650=VERTEX_POINT('',#14966);
#6651=VERTEX_POINT('',#14973);
#6652=VERTEX_POINT('',#14974);
#6653=VERTEX_POINT('',#14980);
#6654=VERTEX_POINT('',#14982);
#6655=VERTEX_POINT('',#14988);
#6656=VERTEX_POINT('',#14994);
#6657=VERTEX_POINT('',#14997);
#6658=VERTEX_POINT('',#14998);
#6659=VERTEX_POINT('',#15003);
#6660=VERTEX_POINT('',#15009);
#6661=VERTEX_POINT('',#15011);
#6662=VERTEX_POINT('',#15013);
#6663=VERTEX_POINT('',#15015);
#6664=VERTEX_POINT('',#15017);
#6665=VERTEX_POINT('',#15019);
#6666=VERTEX_POINT('',#15024);
#6667=VERTEX_POINT('',#15060);
#6668=VERTEX_POINT('',#15084);
#6669=VERTEX_POINT('',#15090);
#6670=VERTEX_POINT('',#15094);
#6671=VERTEX_POINT('',#15117);
#6672=VERTEX_POINT('',#15141);
#6673=VERTEX_POINT('',#15152);
#6674=VERTEX_POINT('',#15153);
#6675=VERTEX_POINT('',#15155);
#6676=VERTEX_POINT('',#15158);
#6677=VERTEX_POINT('',#15159);
#6678=VERTEX_POINT('',#15161);
#6679=VERTEX_POINT('',#15163);
#6680=VERTEX_POINT('',#15165);
#6681=VERTEX_POINT('',#15167);
#6682=VERTEX_POINT('',#15169);
#6683=VERTEX_POINT('',#15171);
#6684=VERTEX_POINT('',#15175);
#6685=VERTEX_POINT('',#15177);
#6686=VERTEX_POINT('',#15192);
#6687=VERTEX_POINT('',#15207);
#6688=VERTEX_POINT('',#15208);
#6689=VERTEX_POINT('',#15214);
#6690=VERTEX_POINT('',#15219);
#6691=VERTEX_POINT('',#15224);
#6692=VERTEX_POINT('',#15226);
#6693=VERTEX_POINT('',#15231);
#6694=VERTEX_POINT('',#15237);
#6695=VERTEX_POINT('',#15242);
#6696=VERTEX_POINT('',#15247);
#6697=VERTEX_POINT('',#15250);
#6698=VERTEX_POINT('',#15251);
#6699=VERTEX_POINT('',#15256);
#6700=VERTEX_POINT('',#15262);
#6701=VERTEX_POINT('',#15267);
#6702=VERTEX_POINT('',#15272);
#6703=VERTEX_POINT('',#15274);
#6704=VERTEX_POINT('',#15279);
#6705=VERTEX_POINT('',#15285);
#6706=VERTEX_POINT('',#15290);
#6707=VERTEX_POINT('',#15314);
#6708=VERTEX_POINT('',#15319);
#6709=VERTEX_POINT('',#15342);
#6710=VERTEX_POINT('',#15348);
#6711=VERTEX_POINT('',#15371);
#6712=VERTEX_POINT('',#15395);
#6713=VERTEX_POINT('',#15418);
#6714=VERTEX_POINT('',#15441);
#6715=VERTEX_POINT('',#15447);
#6716=VERTEX_POINT('',#15470);
#6717=VERTEX_POINT('',#15498);
#6718=VERTEX_POINT('',#15499);
#6719=VERTEX_POINT('',#15504);
#6720=VERTEX_POINT('',#15506);
#6721=VERTEX_POINT('',#15508);
#6722=VERTEX_POINT('',#15510);
#6723=VERTEX_POINT('',#15512);
#6724=VERTEX_POINT('',#15514);
#6725=VERTEX_POINT('',#15519);
#6726=VERTEX_POINT('',#15524);
#6727=VERTEX_POINT('',#15527);
#6728=VERTEX_POINT('',#15528);
#6729=VERTEX_POINT('',#15533);
#6730=VERTEX_POINT('',#15538);
#6731=VERTEX_POINT('',#15540);
#6732=VERTEX_POINT('',#15542);
#6733=VERTEX_POINT('',#15544);
#6734=VERTEX_POINT('',#15549);
#6735=VERTEX_POINT('',#15568);
#6736=VERTEX_POINT('',#15569);
#6737=VERTEX_POINT('',#15596);
#6738=VERTEX_POINT('',#15609);
#6739=VERTEX_POINT('',#15627);
#6740=VERTEX_POINT('',#15652);
#6741=VERTEX_POINT('',#15665);
#6742=VERTEX_POINT('',#15673);
#6743=VERTEX_POINT('',#15685);
#6744=VERTEX_POINT('',#15686);
#6745=VERTEX_POINT('',#15688);
#6746=VERTEX_POINT('',#15690);
#6747=VERTEX_POINT('',#15694);
#6748=VERTEX_POINT('',#15695);
#6749=VERTEX_POINT('',#15700);
#6750=VERTEX_POINT('',#15706);
#6751=VERTEX_POINT('',#15708);
#6752=VERTEX_POINT('',#15710);
#6753=VERTEX_POINT('',#15712);
#6754=VERTEX_POINT('',#15714);
#6755=VERTEX_POINT('',#15720);
#6756=VERTEX_POINT('',#15730);
#6757=VERTEX_POINT('',#15731);
#6758=VERTEX_POINT('',#15737);
#6759=VERTEX_POINT('',#15739);
#6760=VERTEX_POINT('',#15741);
#6761=VERTEX_POINT('',#15743);
#6762=VERTEX_POINT('',#15745);
#6763=VERTEX_POINT('',#15747);
#6764=VERTEX_POINT('',#15749);
#6765=VERTEX_POINT('',#15751);
#6766=VERTEX_POINT('',#15753);
#6767=VERTEX_POINT('',#15758);
#6768=VERTEX_POINT('',#15764);
#6769=VERTEX_POINT('',#15796);
#6770=VERTEX_POINT('',#15820);
#6771=VERTEX_POINT('',#15824);
#6772=VERTEX_POINT('',#15830);
#6773=VERTEX_POINT('',#15853);
#6774=VERTEX_POINT('',#15877);
#6775=VERTEX_POINT('',#15883);
#6776=VERTEX_POINT('',#15887);
#6777=VERTEX_POINT('',#15891);
#6778=VERTEX_POINT('',#15909);
#6779=VERTEX_POINT('',#15910);
#6780=VERTEX_POINT('',#15912);
#6781=VERTEX_POINT('',#15914);
#6782=VERTEX_POINT('',#15916);
#6783=VERTEX_POINT('',#15918);
#6784=VERTEX_POINT('',#15920);
#6785=VERTEX_POINT('',#15925);
#6786=VERTEX_POINT('',#15930);
#6787=VERTEX_POINT('',#15932);
#6788=VERTEX_POINT('',#15942);
#6789=VERTEX_POINT('',#15943);
#6790=VERTEX_POINT('',#15945);
#6791=VERTEX_POINT('',#15947);
#6792=VERTEX_POINT('',#15949);
#6793=VERTEX_POINT('',#15951);
#6794=VERTEX_POINT('',#15953);
#6795=VERTEX_POINT('',#15958);
#6796=VERTEX_POINT('',#15963);
#6797=VERTEX_POINT('',#15965);
#6798=VERTEX_POINT('',#15974);
#6799=VERTEX_POINT('',#15975);
#6800=VERTEX_POINT('',#15977);
#6801=VERTEX_POINT('',#15982);
#6802=VERTEX_POINT('',#15987);
#6803=VERTEX_POINT('',#15989);
#6804=VERTEX_POINT('',#15991);
#6805=VERTEX_POINT('',#15993);
#6806=VERTEX_POINT('',#16010);
#6807=VERTEX_POINT('',#16011);
#6808=VERTEX_POINT('',#16036);
#6809=VERTEX_POINT('',#16049);
#6810=VERTEX_POINT('',#16067);
#6811=VERTEX_POINT('',#16092);
#6812=VERTEX_POINT('',#16105);
#6813=VERTEX_POINT('',#16113);
#6814=VERTEX_POINT('',#16128);
#6815=VERTEX_POINT('',#16129);
#6816=VERTEX_POINT('',#16131);
#6817=VERTEX_POINT('',#16133);
#6818=VERTEX_POINT('',#16135);
#6819=VERTEX_POINT('',#16137);
#6820=VERTEX_POINT('',#16139);
#6821=VERTEX_POINT('',#16144);
#6822=VERTEX_POINT('',#16149);
#6823=VERTEX_POINT('',#16151);
#6824=VERTEX_POINT('',#16161);
#6825=VERTEX_POINT('',#16162);
#6826=VERTEX_POINT('',#16164);
#6827=VERTEX_POINT('',#16169);
#6828=VERTEX_POINT('',#16174);
#6829=VERTEX_POINT('',#16176);
#6830=VERTEX_POINT('',#16178);
#6831=VERTEX_POINT('',#16180);
#6832=VERTEX_POINT('',#16182);
#6833=VERTEX_POINT('',#16184);
#6834=VERTEX_POINT('',#16193);
#6835=VERTEX_POINT('',#16194);
#6836=VERTEX_POINT('',#16196);
#6837=VERTEX_POINT('',#16198);
#6838=VERTEX_POINT('',#16200);
#6839=VERTEX_POINT('',#16205);
#6840=VERTEX_POINT('',#16210);
#6841=VERTEX_POINT('',#16212);
#6842=VERTEX_POINT('',#16231);
#6843=VERTEX_POINT('',#16232);
#6844=VERTEX_POINT('',#16259);
#6845=VERTEX_POINT('',#16272);
#6846=VERTEX_POINT('',#16290);
#6847=VERTEX_POINT('',#16315);
#6848=VERTEX_POINT('',#16328);
#6849=VERTEX_POINT('',#16336);
#6850=VERTEX_POINT('',#16354);
#6851=VERTEX_POINT('',#16355);
#6852=VERTEX_POINT('',#16363);
#6853=VERTEX_POINT('',#16365);
#6854=VERTEX_POINT('',#16373);
#6855=VERTEX_POINT('',#16381);
#6856=VERTEX_POINT('',#16385);
#6857=VERTEX_POINT('',#16386);
#6858=VERTEX_POINT('',#16394);
#6859=VERTEX_POINT('',#16402);
#6860=VERTEX_POINT('',#16404);
#6861=VERTEX_POINT('',#16412);
#6862=VERTEX_POINT('',#16427);
#6863=VERTEX_POINT('',#16428);
#6864=VERTEX_POINT('',#16436);
#6865=VERTEX_POINT('',#16438);
#6866=VERTEX_POINT('',#16446);
#6867=VERTEX_POINT('',#16454);
#6868=VERTEX_POINT('',#16473);
#6869=VERTEX_POINT('',#16474);
#6870=VERTEX_POINT('',#16491);
#6871=VERTEX_POINT('',#16512);
#6872=VERTEX_POINT('',#16542);
#6873=VERTEX_POINT('',#16557);
#6874=VERTEX_POINT('',#16591);
#6875=VERTEX_POINT('',#16593);
#6876=VERTEX_POINT('',#16598);
#6877=VERTEX_POINT('',#16600);
#6878=VERTEX_POINT('',#16605);
#6879=VERTEX_POINT('',#16607);
#6880=VERTEX_POINT('',#16612);
#6881=VERTEX_POINT('',#16614);
#6882=VERTEX_POINT('',#16619);
#6883=VERTEX_POINT('',#16621);
#6884=VERTEX_POINT('',#16626);
#6885=VERTEX_POINT('',#16628);
#6886=VERTEX_POINT('',#16634);
#6887=VERTEX_POINT('',#16635);
#6888=VERTEX_POINT('',#16637);
#6889=VERTEX_POINT('',#16639);
#6890=VERTEX_POINT('',#16641);
#6891=VERTEX_POINT('',#16643);
#6892=VERTEX_POINT('',#16645);
#6893=VERTEX_POINT('',#16647);
#6894=VERTEX_POINT('',#16651);
#6895=VERTEX_POINT('',#16653);
#6896=VERTEX_POINT('',#16655);
#6897=VERTEX_POINT('',#16657);
#6898=VERTEX_POINT('',#16659);
#6899=VERTEX_POINT('',#16661);
#6900=VERTEX_POINT('',#16663);
#6901=VERTEX_POINT('',#16665);
#6902=VERTEX_POINT('',#16667);
#6903=VERTEX_POINT('',#16669);
#6904=VERTEX_POINT('',#16671);
#6905=VERTEX_POINT('',#16673);
#6906=VERTEX_POINT('',#16675);
#6907=VERTEX_POINT('',#16677);
#6908=VERTEX_POINT('',#16679);
#6909=VERTEX_POINT('',#16681);
#6910=VERTEX_POINT('',#16683);
#6911=VERTEX_POINT('',#16685);
#6912=VERTEX_POINT('',#16687);
#6913=VERTEX_POINT('',#16689);
#6914=VERTEX_POINT('',#16691);
#6915=VERTEX_POINT('',#16693);
#6916=VERTEX_POINT('',#16695);
#6917=VERTEX_POINT('',#16697);
#6918=VERTEX_POINT('',#16699);
#6919=VERTEX_POINT('',#16701);
#6920=VERTEX_POINT('',#16705);
#6921=VERTEX_POINT('',#16707);
#6922=VERTEX_POINT('',#16709);
#6923=VERTEX_POINT('',#16711);
#6924=VERTEX_POINT('',#16713);
#6925=VERTEX_POINT('',#16715);
#6926=VERTEX_POINT('',#16718);
#6927=VERTEX_POINT('',#16720);
#6928=VERTEX_POINT('',#16722);
#6929=VERTEX_POINT('',#16724);
#6930=VERTEX_POINT('',#16726);
#6931=VERTEX_POINT('',#16728);
#6932=VERTEX_POINT('',#16730);
#6933=VERTEX_POINT('',#16732);
#6934=VERTEX_POINT('',#16734);
#6935=VERTEX_POINT('',#16736);
#6936=VERTEX_POINT('',#16738);
#6937=VERTEX_POINT('',#16740);
#6938=VERTEX_POINT('',#16742);
#6939=VERTEX_POINT('',#16744);
#6940=VERTEX_POINT('',#16746);
#6941=VERTEX_POINT('',#16748);
#6942=VERTEX_POINT('',#16749);
#6943=VERTEX_POINT('',#16751);
#6944=VERTEX_POINT('',#16753);
#6945=VERTEX_POINT('',#16755);
#6946=VERTEX_POINT('',#16757);
#6947=VERTEX_POINT('',#16759);
#6948=VERTEX_POINT('',#16761);
#6949=VERTEX_POINT('',#16763);
#6950=VERTEX_POINT('',#16765);
#6951=VERTEX_POINT('',#16767);
#6952=VERTEX_POINT('',#16769);
#6953=VERTEX_POINT('',#16773);
#6954=VERTEX_POINT('',#16774);
#6955=VERTEX_POINT('',#16776);
#6956=VERTEX_POINT('',#16778);
#6957=VERTEX_POINT('',#16780);
#6958=VERTEX_POINT('',#16782);
#6959=VERTEX_POINT('',#16784);
#6960=VERTEX_POINT('',#16786);
#6961=VERTEX_POINT('',#16789);
#6962=VERTEX_POINT('',#16791);
#6963=VERTEX_POINT('',#16793);
#6964=VERTEX_POINT('',#16795);
#6965=VERTEX_POINT('',#16797);
#6966=VERTEX_POINT('',#16799);
#6967=VERTEX_POINT('',#16803);
#6968=VERTEX_POINT('',#16805);
#6969=VERTEX_POINT('',#16809);
#6970=VERTEX_POINT('',#16811);
#6971=VERTEX_POINT('',#16815);
#6972=VERTEX_POINT('',#16817);
#6973=VERTEX_POINT('',#16821);
#6974=VERTEX_POINT('',#16823);
#6975=VERTEX_POINT('',#16827);
#6976=VERTEX_POINT('',#16829);
#6977=VERTEX_POINT('',#16831);
#6978=VERTEX_POINT('',#16833);
#6979=VERTEX_POINT('',#16835);
#6980=VERTEX_POINT('',#16837);
#6981=VERTEX_POINT('',#16839);
#6982=VERTEX_POINT('',#16841);
#6983=VERTEX_POINT('',#16843);
#6984=VERTEX_POINT('',#16845);
#6985=VERTEX_POINT('',#16847);
#6986=VERTEX_POINT('',#16849);
#6987=VERTEX_POINT('',#16851);
#6988=VERTEX_POINT('',#16853);
#6989=VERTEX_POINT('',#16855);
#6990=VERTEX_POINT('',#16857);
#6991=VERTEX_POINT('',#16859);
#6992=VERTEX_POINT('',#16861);
#6993=VERTEX_POINT('',#16863);
#6994=VERTEX_POINT('',#16865);
#6995=VERTEX_POINT('',#16867);
#6996=VERTEX_POINT('',#16869);
#6997=VERTEX_POINT('',#16871);
#6998=VERTEX_POINT('',#16873);
#6999=VERTEX_POINT('',#16875);
#7000=VERTEX_POINT('',#16877);
#7001=VERTEX_POINT('',#16879);
#7002=VERTEX_POINT('',#16881);
#7003=VERTEX_POINT('',#16883);
#7004=VERTEX_POINT('',#16885);
#7005=VERTEX_POINT('',#16909);
#7006=VERTEX_POINT('',#16912);
#7007=VERTEX_POINT('',#16915);
#7008=VERTEX_POINT('',#16918);
#7009=VERTEX_POINT('',#16921);
#7010=VERTEX_POINT('',#16924);
#7011=VERTEX_POINT('',#16927);
#7012=VERTEX_POINT('',#16930);
#7013=VERTEX_POINT('',#16933);
#7014=VERTEX_POINT('',#16936);
#7015=VERTEX_POINT('',#16969);
#7016=VERTEX_POINT('',#16973);
#7017=VERTEX_POINT('',#16975);
#7018=VERTEX_POINT('',#16979);
#7019=VERTEX_POINT('',#16983);
#7020=VERTEX_POINT('',#16987);
#7021=VERTEX_POINT('',#16991);
#7022=VERTEX_POINT('',#16995);
#7023=VERTEX_POINT('',#16999);
#7024=VERTEX_POINT('',#17003);
#7025=VERTEX_POINT('',#17007);
#7026=VERTEX_POINT('',#17011);
#7027=VERTEX_POINT('',#17015);
#7028=VERTEX_POINT('',#17024);
#7029=VERTEX_POINT('',#17028);
#7030=VERTEX_POINT('',#17032);
#7031=VERTEX_POINT('',#17036);
#7032=VERTEX_POINT('',#17040);
#7033=VERTEX_POINT('',#17044);
#7034=VERTEX_POINT('',#17048);
#7035=VERTEX_POINT('',#17052);
#7036=VERTEX_POINT('',#17056);
#7037=VERTEX_POINT('',#17060);
#7038=CIRCLE('',#9640,6.35E-5);
#7039=CIRCLE('',#9641,6.35E-5);
#7040=CIRCLE('',#9642,6.35E-5);
#7041=CIRCLE('',#9643,6.35E-5);
#7042=CIRCLE('',#9644,6.35E-5);
#7043=CIRCLE('',#9645,6.35E-5);
#7044=CIRCLE('',#9646,6.35E-5);
#7045=CIRCLE('',#9647,6.35E-5);
#7046=CIRCLE('',#9648,6.35E-5);
#7047=CIRCLE('',#9649,6.35E-5);
#7048=CIRCLE('',#9650,0.008);
#7049=CIRCLE('',#9651,0.008);
#7050=CIRCLE('',#9652,0.008);
#7051=CIRCLE('',#9653,0.008);
#7052=CIRCLE('',#9654,0.0045);
#7053=CIRCLE('',#9655,0.0035);
#7054=CIRCLE('',#9656,0.0035);
#7055=CIRCLE('',#9657,0.0035);
#7056=CIRCLE('',#9658,0.0127);
#7057=CIRCLE('',#9659,0.0045);
#7058=CIRCLE('',#9660,0.0045);
#7059=CIRCLE('',#9661,0.0045);
#7060=CIRCLE('',#9662,0.00475);
#7061=CIRCLE('',#9663,6.35E-5);
#7062=CIRCLE('',#9664,6.35E-5);
#7063=CIRCLE('',#9665,6.35E-5);
#7064=CIRCLE('',#9666,6.35E-5);
#7065=CIRCLE('',#9667,6.35E-5);
#7066=CIRCLE('',#9668,6.35E-5);
#7067=CIRCLE('',#9669,6.35E-5);
#7068=CIRCLE('',#9670,6.35E-5);
#7069=CIRCLE('',#9671,6.35E-5);
#7070=CIRCLE('',#9672,6.35E-5);
#7071=CIRCLE('',#9673,6.35E-5);
#7072=CIRCLE('',#9674,6.35E-5);
#7073=CIRCLE('',#9675,6.35E-5);
#7074=CIRCLE('',#9676,6.35E-5);
#7075=CIRCLE('',#9677,6.35E-5);
#7076=CIRCLE('',#9678,6.35E-5);
#7077=CIRCLE('',#9679,6.35E-5);
#7078=CIRCLE('',#9680,6.35E-5);
#7079=CIRCLE('',#9681,6.35E-5);
#7080=CIRCLE('',#9682,6.35E-5);
#7081=CIRCLE('',#9683,6.35E-5);
#7082=CIRCLE('',#9684,6.35E-5);
#7083=CIRCLE('',#9685,6.35E-5);
#7084=CIRCLE('',#9686,6.35E-5);
#7085=CIRCLE('',#9687,6.35E-5);
#7086=CIRCLE('',#9689,0.0025);
#7087=CIRCLE('',#9690,0.0025);
#7088=CIRCLE('',#9691,0.0025);
#7089=CIRCLE('',#9692,0.0025);
#7090=CIRCLE('',#9693,0.006);
#7091=CIRCLE('',#9694,0.006);
#7092=CIRCLE('',#9695,0.006);
#7093=CIRCLE('',#9696,0.006);
#7094=CIRCLE('',#9697,0.0045);
#7095=CIRCLE('',#9698,0.0035);
#7096=CIRCLE('',#9699,0.0035);
#7097=CIRCLE('',#9700,0.0035);
#7098=CIRCLE('',#9701,0.0127);
#7099=CIRCLE('',#9702,0.0045);
#7100=CIRCLE('',#9703,0.0045);
#7101=CIRCLE('',#9704,0.0045);
#7102=CIRCLE('',#9705,0.00475);
#7103=CIRCLE('',#9706,0.0025);
#7104=CIRCLE('',#9707,0.0025);
#7105=CIRCLE('',#9713,0.008);
#7106=CIRCLE('',#9714,0.008);
#7107=CIRCLE('',#9715,0.008);
#7108=CIRCLE('',#9716,0.008);
#7109=CIRCLE('',#9717,0.006);
#7110=CIRCLE('',#9718,0.006);
#7111=CIRCLE('',#9719,0.006);
#7112=CIRCLE('',#9720,0.006);
#7113=CIRCLE('',#9756,0.0025);
#7114=CIRCLE('',#9757,0.0025);
#7115=CIRCLE('',#9759,0.0025);
#7116=CIRCLE('',#9762,0.0025);
#7117=CIRCLE('',#9765,0.0025);
#7118=CIRCLE('',#9768,0.0025);
#7119=CIRCLE('',#9771,0.0025);
#7120=CIRCLE('',#9774,0.0025);
#7121=CIRCLE('',#9778,6.35E-5);
#7122=CIRCLE('',#9779,6.35E-5);
#7123=CIRCLE('',#9780,6.35E-5);
#7124=CIRCLE('',#9781,6.35E-5);
#7125=CIRCLE('',#9782,6.35E-5);
#7126=CIRCLE('',#9783,6.35E-5);
#7127=CIRCLE('',#9784,6.35E-5);
#7128=CIRCLE('',#9785,6.35E-5);
#7129=CIRCLE('',#9792,6.35E-5);
#7130=CIRCLE('',#9795,6.35E-5);
#7131=CIRCLE('',#9808,6.35E-5);
#7132=CIRCLE('',#9816,6.35E-5);
#7133=CIRCLE('',#9817,6.35E-5);
#7134=CIRCLE('',#9820,6.35E-5);
#7135=CIRCLE('',#9821,6.35E-5);
#7136=CIRCLE('',#9822,6.35E-5);
#7137=CIRCLE('',#9823,6.35E-5);
#7138=CIRCLE('',#9824,6.35E-5);
#7139=CIRCLE('',#9825,6.35E-5);
#7140=CIRCLE('',#9826,6.35E-5);
#7141=CIRCLE('',#9827,6.35E-5);
#7142=CIRCLE('',#9833,6.35E-5);
#7143=CIRCLE('',#9836,6.35E-5);
#7144=CIRCLE('',#9850,6.35E-5);
#7145=CIRCLE('',#9858,6.35E-5);
#7146=CIRCLE('',#9859,6.35E-5);
#7147=CIRCLE('',#9864,6.35E-5);
#7148=CIRCLE('',#9865,6.35E-5);
#7149=CIRCLE('',#9866,6.35E-5);
#7150=CIRCLE('',#9867,6.35E-5);
#7151=CIRCLE('',#9868,6.35E-5);
#7152=CIRCLE('',#9869,6.35E-5);
#7153=CIRCLE('',#9870,6.35E-5);
#7154=CIRCLE('',#9871,6.35E-5);
#7155=CIRCLE('',#9875,6.35E-5);
#7156=CIRCLE('',#9887,6.35E-5);
#7157=CIRCLE('',#9899,6.35E-5);
#7158=CIRCLE('',#9900,6.35E-5);
#7159=CIRCLE('',#9901,6.35E-5);
#7160=CIRCLE('',#9902,6.35E-5);
#7161=CIRCLE('',#9903,6.35E-5);
#7162=CIRCLE('',#9904,6.35E-5);
#7163=CIRCLE('',#9905,6.35E-5);
#7164=CIRCLE('',#9906,6.35E-5);
#7165=CIRCLE('',#9907,6.35E-5);
#7166=CIRCLE('',#9908,6.35E-5);
#7167=CIRCLE('',#9909,6.35E-5);
#7168=CIRCLE('',#9910,6.35E-5);
#7169=CIRCLE('',#9919,6.35E-5);
#7170=CIRCLE('',#9923,6.35E-5);
#7171=CIRCLE('',#9934,6.35E-5);
#7172=CIRCLE('',#9938,6.35E-5);
#7173=CIRCLE('',#9951,6.35E-5);
#7174=CIRCLE('',#9952,6.35E-5);
#7175=CIRCLE('',#9966,6.35E-5);
#7176=CIRCLE('',#9967,6.35E-5);
#7177=CIRCLE('',#9968,6.35E-5);
#7178=CIRCLE('',#9969,6.35E-5);
#7179=CIRCLE('',#9970,6.35E-5);
#7180=CIRCLE('',#9971,6.35E-5);
#7181=CIRCLE('',#9972,6.35E-5);
#7182=CIRCLE('',#9973,6.35E-5);
#7183=CIRCLE('',#9980,6.35E-5);
#7184=CIRCLE('',#9992,6.35E-5);
#7185=CIRCLE('',#10000,6.35E-5);
#7186=CIRCLE('',#10001,6.35E-5);
#7187=CIRCLE('',#10002,6.35E-5);
#7188=CIRCLE('',#10003,6.35E-5);
#7189=CIRCLE('',#10006,6.35E-5);
#7190=CIRCLE('',#10007,6.35E-5);
#7191=CIRCLE('',#10018,6.35E-5);
#7192=CIRCLE('',#10019,6.35E-5);
#7193=CIRCLE('',#10020,6.35E-5);
#7194=CIRCLE('',#10021,6.35E-5);
#7195=CIRCLE('',#10040,6.35E-5);
#7196=CIRCLE('',#10041,6.35E-5);
#7197=CIRCLE('',#10055,6.35E-5);
#7198=CIRCLE('',#10056,6.35E-5);
#7199=CIRCLE('',#10057,6.35E-5);
#7200=CIRCLE('',#10058,6.35E-5);
#7201=CIRCLE('',#10067,6.35E-5);
#7202=CIRCLE('',#10076,6.35E-5);
#7203=CIRCLE('',#10077,6.35E-5);
#7204=CIRCLE('',#10079,6.35E-5);
#7205=CIRCLE('',#10080,6.35E-5);
#7206=CIRCLE('',#10093,6.35E-5);
#7207=CIRCLE('',#10094,6.35E-5);
#7208=CIRCLE('',#10096,6.35E-5);
#7209=CIRCLE('',#10097,6.35E-5);
#7210=CIRCLE('',#10117,0.001);
#7211=CIRCLE('',#10118,0.001);
#7212=CIRCLE('',#10122,0.001);
#7213=CIRCLE('',#10123,0.001);
#7214=CIRCLE('',#10127,0.001);
#7215=CIRCLE('',#10128,0.001);
#7216=CIRCLE('',#10132,0.001);
#7217=CIRCLE('',#10133,0.001);
#7218=CIRCLE('',#10137,0.001);
#7219=CIRCLE('',#10138,0.001);
#7220=CIRCLE('',#10142,0.001);
#7221=CIRCLE('',#10143,0.001);
#7222=CIRCLE('',#10149,0.00075);
#7223=CIRCLE('',#10150,0.00075);
#7224=CIRCLE('',#10151,0.00075);
#7225=CIRCLE('',#10152,0.00075);
#7226=CIRCLE('',#10153,0.00075);
#7227=CIRCLE('',#10154,0.00075);
#7228=CIRCLE('',#10155,0.00075);
#7229=CIRCLE('',#10156,0.00075);
#7230=CIRCLE('',#10157,0.00075);
#7231=CIRCLE('',#10158,0.00075);
#7232=CIRCLE('',#10159,0.00075);
#7233=CIRCLE('',#10160,0.00075);
#7234=CIRCLE('',#10161,0.00075);
#7235=CIRCLE('',#10162,0.00075);
#7236=CIRCLE('',#10163,0.00075);
#7237=CIRCLE('',#10164,0.00075);
#7238=CIRCLE('',#10165,0.00075);
#7239=CIRCLE('',#10166,0.00075);
#7240=CIRCLE('',#10167,0.00075);
#7241=CIRCLE('',#10168,0.00075);
#7242=CIRCLE('',#10169,0.00075);
#7243=CIRCLE('',#10170,0.00075);
#7244=CIRCLE('',#10171,0.00075);
#7245=CIRCLE('',#10172,0.00075);
#7246=CIRCLE('',#10173,0.00075);
#7247=CIRCLE('',#10174,0.024625);
#7248=CIRCLE('',#10176,0.0258654281800917);
#7249=CIRCLE('',#10177,0.006);
#7250=CIRCLE('',#10178,0.006);
#7251=CIRCLE('',#10179,0.006);
#7252=CIRCLE('',#10180,0.006);
#7253=CIRCLE('',#10181,0.001);
#7254=CIRCLE('',#10182,0.001625);
#7255=CIRCLE('',#10183,0.001625);
#7256=CIRCLE('',#10184,0.001);
#7257=CIRCLE('',#10185,0.001);
#7258=CIRCLE('',#10186,0.00135);
#7259=CIRCLE('',#10187,0.00135);
#7260=CIRCLE('',#10188,0.00135);
#7261=CIRCLE('',#10189,0.001);
#7262=CIRCLE('',#10190,0.00135);
#7263=CIRCLE('',#10191,0.0025);
#7264=CIRCLE('',#10192,0.0025);
#7265=CIRCLE('',#10193,0.0025);
#7266=CIRCLE('',#10194,0.0025);
#7267=CIRCLE('',#10195,0.0025);
#7268=CIRCLE('',#10197,0.008);
#7269=CIRCLE('',#10198,0.008);
#7270=CIRCLE('',#10199,0.008);
#7271=CIRCLE('',#10200,0.008);
#7272=CIRCLE('',#10201,0.006);
#7273=CIRCLE('',#10202,0.006);
#7274=CIRCLE('',#10203,0.006);
#7275=CIRCLE('',#10204,0.006);
#7276=CIRCLE('',#10210,0.00075);
#7277=CIRCLE('',#10211,0.00075);
#7278=CIRCLE('',#10212,0.00075);
#7279=CIRCLE('',#10213,0.00075);
#7280=CIRCLE('',#10214,0.00075);
#7281=CIRCLE('',#10215,0.00075);
#7282=CIRCLE('',#10216,0.00075);
#7283=CIRCLE('',#10217,0.00075);
#7284=CIRCLE('',#10218,0.00075);
#7285=CIRCLE('',#10219,0.00075);
#7286=CIRCLE('',#10220,0.00075);
#7287=CIRCLE('',#10221,0.00075);
#7288=CIRCLE('',#10222,0.00075);
#7289=CIRCLE('',#10223,0.00075);
#7290=CIRCLE('',#10224,0.00075);
#7291=CIRCLE('',#10225,0.00075);
#7292=CIRCLE('',#10226,0.00075);
#7293=CIRCLE('',#10227,0.00075);
#7294=CIRCLE('',#10228,0.00075);
#7295=CIRCLE('',#10229,0.00075);
#7296=CIRCLE('',#10230,0.00075);
#7297=CIRCLE('',#10231,0.00075);
#7298=CIRCLE('',#10232,0.00075);
#7299=CIRCLE('',#10233,0.00075);
#7300=CIRCLE('',#10234,0.00075);
#7301=CIRCLE('',#10235,0.0011);
#7302=CIRCLE('',#10236,0.0011);
#7303=CIRCLE('',#10237,0.0011);
#7304=CIRCLE('',#10238,0.0011);
#7305=CIRCLE('',#10239,0.0011);
#7306=CIRCLE('',#10240,0.008);
#7307=CIRCLE('',#10241,0.008);
#7308=CIRCLE('',#10242,0.008);
#7309=CIRCLE('',#10243,0.008);
#7310=CIRCLE('',#10256,0.0025);
#7311=CIRCLE('',#10258,0.0011);
#7312=CIRCLE('',#10260,0.0025);
#7313=CIRCLE('',#10262,0.0011);
#7314=CIRCLE('',#10264,0.0025);
#7315=CIRCLE('',#10266,0.0011);
#7316=CIRCLE('',#10268,0.0025);
#7317=CIRCLE('',#10270,0.0011);
#7318=CIRCLE('',#10272,0.0025);
#7319=CIRCLE('',#10274,0.0011);
#7320=CIRCLE('',#10306,0.00135);
#7321=CIRCLE('',#10322,0.0258654281800917);
#7322=CIRCLE('',#10324,0.024625);
#7323=CIRCLE('',#10327,0.001);
#7324=CIRCLE('',#10330,0.00135);
#7325=CIRCLE('',#10333,0.00135);
#7326=CIRCLE('',#10336,0.00135);
#7327=CIRCLE('',#10339,0.001);
#7328=CIRCLE('',#10342,0.001);
#7329=CIRCLE('',#10345,0.001625);
#7330=CIRCLE('',#10348,0.001625);
#7331=CIRCLE('',#10351,0.001);
#7332=EDGE_LOOP('',(#2121,#2122,#2123,#2124,#2125,#2126,#2127,#2128,#2129,
#2130,#2131,#2132,#2133));
#7333=EDGE_LOOP('',(#2134,#2135,#2136,#2137,#2138,#2139,#2140,#2141,#2142,
#2143));
#7334=EDGE_LOOP('',(#2144,#2145,#2146,#2147,#2148,#2149,#2150,#2151,#2152,
#2153));
#7335=EDGE_LOOP('',(#2154,#2155,#2156,#2157,#2158,#2159,#2160,#2161,#2162,
#2163,#2164,#2165,#2166,#2167,#2168,#2169,#2170,#2171,#2172,#2173,#2174,
#2175,#2176,#2177,#2178));
#7336=EDGE_LOOP('',(#2179,#2180,#2181,#2182,#2183,#2184,#2185,#2186));
#7337=EDGE_LOOP('',(#2187));
#7338=EDGE_LOOP('',(#2188));
#7339=EDGE_LOOP('',(#2189));
#7340=EDGE_LOOP('',(#2190));
#7341=EDGE_LOOP('',(#2191));
#7342=EDGE_LOOP('',(#2192));
#7343=EDGE_LOOP('',(#2193));
#7344=EDGE_LOOP('',(#2194));
#7345=EDGE_LOOP('',(#2195));
#7346=EDGE_LOOP('',(#2196,#2197,#2198,#2199));
#7347=EDGE_LOOP('',(#2200,#2201,#2202,#2203,#2204,#2205,#2206,#2207,#2208,
#2209,#2210,#2211,#2212,#2213,#2214,#2215,#2216,#2217,#2218,#2219,#2220,
#2221,#2222,#2223,#2224));
#7348=EDGE_LOOP('',(#2225,#2226,#2227,#2228,#2229,#2230,#2231,#2232,#2233,
#2234,#2235,#2236,#2237,#2238));
#7349=EDGE_LOOP('',(#2239,#2240,#2241,#2242,#2243,#2244,#2245,#2246,#2247,
#2248,#2249,#2250,#2251,#2252,#2253,#2254,#2255,#2256,#2257,#2258));
#7350=EDGE_LOOP('',(#2259,#2260,#2261,#2262,#2263,#2264,#2265,#2266,#2267,
#2268,#2269,#2270,#2271,#2272));
#7351=EDGE_LOOP('',(#2273));
#7352=EDGE_LOOP('',(#2274));
#7353=EDGE_LOOP('',(#2275));
#7354=EDGE_LOOP('',(#2276));
#7355=EDGE_LOOP('',(#2277,#2278,#2279,#2280,#2281,#2282,#2283,#2284));
#7356=EDGE_LOOP('',(#2285));
#7357=EDGE_LOOP('',(#2286));
#7358=EDGE_LOOP('',(#2287));
#7359=EDGE_LOOP('',(#2288));
#7360=EDGE_LOOP('',(#2289));
#7361=EDGE_LOOP('',(#2290));
#7362=EDGE_LOOP('',(#2291));
#7363=EDGE_LOOP('',(#2292));
#7364=EDGE_LOOP('',(#2293));
#7365=EDGE_LOOP('',(#2294,#2295,#2296,#2297,#2298,#2299));
#7366=EDGE_LOOP('',(#2300,#2301,#2302,#2303));
#7367=EDGE_LOOP('',(#2304,#2305,#2306,#2307));
#7368=EDGE_LOOP('',(#2308,#2309,#2310,#2311));
#7369=EDGE_LOOP('',(#2312,#2313,#2314,#2315));
#7370=EDGE_LOOP('',(#2316,#2317,#2318,#2319));
#7371=EDGE_LOOP('',(#2320,#2321,#2322,#2323,#2324,#2325,#2326,#2327));
#7372=EDGE_LOOP('',(#2328,#2329,#2330,#2331,#2332,#2333,#2334,#2335));
#7373=EDGE_LOOP('',(#2336,#2337,#2338,#2339));
#7374=EDGE_LOOP('',(#2340,#2341,#2342,#2343));
#7375=EDGE_LOOP('',(#2344,#2345,#2346,#2347));
#7376=EDGE_LOOP('',(#2348,#2349,#2350,#2351));
#7377=EDGE_LOOP('',(#2352,#2353,#2354,#2355));
#7378=EDGE_LOOP('',(#2356,#2357,#2358,#2359));
#7379=EDGE_LOOP('',(#2360,#2361,#2362,#2363));
#7380=EDGE_LOOP('',(#2364,#2365,#2366,#2367));
#7381=EDGE_LOOP('',(#2368,#2369,#2370,#2371));
#7382=EDGE_LOOP('',(#2372,#2373,#2374,#2375));
#7383=EDGE_LOOP('',(#2376,#2377,#2378,#2379));
#7384=EDGE_LOOP('',(#2380,#2381,#2382,#2383));
#7385=EDGE_LOOP('',(#2384,#2385,#2386,#2387));
#7386=EDGE_LOOP('',(#2388,#2389,#2390,#2391));
#7387=EDGE_LOOP('',(#2392,#2393,#2394,#2395));
#7388=EDGE_LOOP('',(#2396,#2397,#2398,#2399));
#7389=EDGE_LOOP('',(#2400));
#7390=EDGE_LOOP('',(#2401));
#7391=EDGE_LOOP('',(#2402));
#7392=EDGE_LOOP('',(#2403));
#7393=EDGE_LOOP('',(#2404));
#7394=EDGE_LOOP('',(#2405));
#7395=EDGE_LOOP('',(#2406));
#7396=EDGE_LOOP('',(#2407));
#7397=EDGE_LOOP('',(#2408));
#7398=EDGE_LOOP('',(#2409));
#7399=EDGE_LOOP('',(#2410));
#7400=EDGE_LOOP('',(#2411));
#7401=EDGE_LOOP('',(#2412));
#7402=EDGE_LOOP('',(#2413));
#7403=EDGE_LOOP('',(#2414));
#7404=EDGE_LOOP('',(#2415));
#7405=EDGE_LOOP('',(#2416));
#7406=EDGE_LOOP('',(#2417));
#7407=EDGE_LOOP('',(#2418,#2419,#2420,#2421));
#7408=EDGE_LOOP('',(#2422,#2423,#2424,#2425));
#7409=EDGE_LOOP('',(#2426,#2427,#2428,#2429));
#7410=EDGE_LOOP('',(#2430,#2431,#2432,#2433));
#7411=EDGE_LOOP('',(#2434,#2435,#2436,#2437));
#7412=EDGE_LOOP('',(#2438,#2439,#2440,#2441));
#7413=EDGE_LOOP('',(#2442,#2443,#2444,#2445));
#7414=EDGE_LOOP('',(#2446,#2447,#2448,#2449));
#7415=EDGE_LOOP('',(#2450,#2451,#2452,#2453));
#7416=EDGE_LOOP('',(#2454,#2455,#2456,#2457));
#7417=EDGE_LOOP('',(#2458,#2459,#2460,#2461,#2462,#2463));
#7418=EDGE_LOOP('',(#2464));
#7419=EDGE_LOOP('',(#2465,#2466,#2467,#2468));
#7420=EDGE_LOOP('',(#2469));
#7421=EDGE_LOOP('',(#2470));
#7422=EDGE_LOOP('',(#2471,#2472,#2473,#2474));
#7423=EDGE_LOOP('',(#2475));
#7424=EDGE_LOOP('',(#2476));
#7425=EDGE_LOOP('',(#2477));
#7426=EDGE_LOOP('',(#2478));
#7427=EDGE_LOOP('',(#2479));
#7428=EDGE_LOOP('',(#2480));
#7429=EDGE_LOOP('',(#2481));
#7430=EDGE_LOOP('',(#2482));
#7431=EDGE_LOOP('',(#2483));
#7432=EDGE_LOOP('',(#2484));
#7433=EDGE_LOOP('',(#2485));
#7434=EDGE_LOOP('',(#2486));
#7435=EDGE_LOOP('',(#2487));
#7436=EDGE_LOOP('',(#2488,#2489,#2490,#2491));
#7437=EDGE_LOOP('',(#2492,#2493,#2494,#2495,#2496,#2497,#2498,#2499,#2500,
#2501,#2502,#2503,#2504,#2505,#2506,#2507,#2508,#2509,#2510,#2511,#2512,
#2513,#2514,#2515));
#7438=EDGE_LOOP('',(#2516,#2517,#2518,#2519,#2520,#2521,#2522,#2523,#2524,
#2525,#2526,#2527,#2528,#2529,#2530,#2531,#2532,#2533,#2534,#2535,#2536,
#2537,#2538,#2539,#2540));
#7439=EDGE_LOOP('',(#2541,#2542,#2543,#2544));
#7440=EDGE_LOOP('',(#2545,#2546,#2547,#2548));
#7441=EDGE_LOOP('',(#2549,#2550,#2551,#2552));
#7442=EDGE_LOOP('',(#2553,#2554,#2555,#2556));
#7443=EDGE_LOOP('',(#2557,#2558,#2559,#2560));
#7444=EDGE_LOOP('',(#2561,#2562,#2563,#2564));
#7445=EDGE_LOOP('',(#2565,#2566,#2567,#2568));
#7446=EDGE_LOOP('',(#2569,#2570,#2571,#2572));
#7447=EDGE_LOOP('',(#2573,#2574,#2575,#2576));
#7448=EDGE_LOOP('',(#2577,#2578,#2579,#2580));
#7449=EDGE_LOOP('',(#2581,#2582,#2583,#2584));
#7450=EDGE_LOOP('',(#2585,#2586,#2587,#2588));
#7451=EDGE_LOOP('',(#2589,#2590,#2591,#2592));
#7452=EDGE_LOOP('',(#2593,#2594,#2595,#2596));
#7453=EDGE_LOOP('',(#2597,#2598,#2599,#2600));
#7454=EDGE_LOOP('',(#2601,#2602,#2603,#2604));
#7455=EDGE_LOOP('',(#2605,#2606,#2607,#2608));
#7456=EDGE_LOOP('',(#2609,#2610,#2611,#2612));
#7457=EDGE_LOOP('',(#2613,#2614,#2615,#2616));
#7458=EDGE_LOOP('',(#2617,#2618,#2619,#2620));
#7459=EDGE_LOOP('',(#2621,#2622,#2623,#2624));
#7460=EDGE_LOOP('',(#2625,#2626,#2627,#2628));
#7461=EDGE_LOOP('',(#2629,#2630,#2631,#2632));
#7462=EDGE_LOOP('',(#2633,#2634,#2635,#2636));
#7463=EDGE_LOOP('',(#2637,#2638,#2639,#2640));
#7464=EDGE_LOOP('',(#2641,#2642,#2643,#2644));
#7465=EDGE_LOOP('',(#2645,#2646,#2647,#2648));
#7466=EDGE_LOOP('',(#2649,#2650,#2651,#2652));
#7467=EDGE_LOOP('',(#2653,#2654,#2655,#2656));
#7468=EDGE_LOOP('',(#2657,#2658,#2659,#2660));
#7469=EDGE_LOOP('',(#2661,#2662,#2663,#2664));
#7470=EDGE_LOOP('',(#2665,#2666,#2667,#2668));
#7471=EDGE_LOOP('',(#2669,#2670,#2671,#2672));
#7472=EDGE_LOOP('',(#2673,#2674,#2675,#2676));
#7473=EDGE_LOOP('',(#2677,#2678,#2679,#2680));
#7474=EDGE_LOOP('',(#2681,#2682,#2683,#2684));
#7475=EDGE_LOOP('',(#2685,#2686,#2687,#2688));
#7476=EDGE_LOOP('',(#2689,#2690,#2691,#2692));
#7477=EDGE_LOOP('',(#2693,#2694,#2695,#2696));
#7478=EDGE_LOOP('',(#2697,#2698,#2699,#2700));
#7479=EDGE_LOOP('',(#2701,#2702,#2703,#2704));
#7480=EDGE_LOOP('',(#2705,#2706,#2707,#2708));
#7481=EDGE_LOOP('',(#2709,#2710,#2711,#2712));
#7482=EDGE_LOOP('',(#2713,#2714,#2715,#2716));
#7483=EDGE_LOOP('',(#2717,#2718,#2719,#2720));
#7484=EDGE_LOOP('',(#2721,#2722,#2723,#2724));
#7485=EDGE_LOOP('',(#2725,#2726,#2727,#2728));
#7486=EDGE_LOOP('',(#2729,#2730,#2731,#2732));
#7487=EDGE_LOOP('',(#2733,#2734,#2735,#2736,#2737,#2738,#2739,#2740,#2741,
#2742,#2743,#2744,#2745,#2746,#2747,#2748,#2749,#2750,#2751,#2752,#2753,
#2754,#2755,#2756));
#7488=EDGE_LOOP('',(#2757,#2758,#2759,#2760,#2761,#2762,#2763,#2764,#2765,
#2766));
#7489=EDGE_LOOP('',(#2767,#2768,#2769,#2770));
#7490=EDGE_LOOP('',(#2771,#2772,#2773,#2774,#2775,#2776,#2777,#2778,#2779,
#2780,#2781,#2782,#2783,#2784,#2785,#2786,#2787,#2788,#2789,#2790,#2791,
#2792,#2793,#2794));
#7491=EDGE_LOOP('',(#2795,#2796,#2797,#2798,#2799,#2800,#2801,#2802,#2803,
#2804,#2805,#2806,#2807,#2808,#2809,#2810,#2811,#2812,#2813,#2814,#2815,
#2816,#2817,#2818,#2819));
#7492=EDGE_LOOP('',(#2820,#2821,#2822,#2823));
#7493=EDGE_LOOP('',(#2824,#2825,#2826,#2827));
#7494=EDGE_LOOP('',(#2828,#2829,#2830,#2831));
#7495=EDGE_LOOP('',(#2832,#2833,#2834,#2835));
#7496=EDGE_LOOP('',(#2836,#2837,#2838,#2839));
#7497=EDGE_LOOP('',(#2840,#2841,#2842,#2843));
#7498=EDGE_LOOP('',(#2844,#2845,#2846,#2847));
#7499=EDGE_LOOP('',(#2848,#2849,#2850,#2851));
#7500=EDGE_LOOP('',(#2852,#2853,#2854,#2855));
#7501=EDGE_LOOP('',(#2856,#2857,#2858,#2859));
#7502=EDGE_LOOP('',(#2860,#2861,#2862,#2863));
#7503=EDGE_LOOP('',(#2864,#2865,#2866,#2867));
#7504=EDGE_LOOP('',(#2868,#2869,#2870,#2871));
#7505=EDGE_LOOP('',(#2872,#2873,#2874,#2875));
#7506=EDGE_LOOP('',(#2876,#2877,#2878,#2879));
#7507=EDGE_LOOP('',(#2880,#2881,#2882,#2883));
#7508=EDGE_LOOP('',(#2884,#2885,#2886,#2887));
#7509=EDGE_LOOP('',(#2888,#2889,#2890,#2891));
#7510=EDGE_LOOP('',(#2892,#2893,#2894,#2895));
#7511=EDGE_LOOP('',(#2896,#2897,#2898,#2899));
#7512=EDGE_LOOP('',(#2900,#2901,#2902,#2903));
#7513=EDGE_LOOP('',(#2904,#2905,#2906,#2907));
#7514=EDGE_LOOP('',(#2908,#2909,#2910,#2911));
#7515=EDGE_LOOP('',(#2912,#2913,#2914,#2915));
#7516=EDGE_LOOP('',(#2916,#2917,#2918,#2919));
#7517=EDGE_LOOP('',(#2920,#2921,#2922,#2923));
#7518=EDGE_LOOP('',(#2924,#2925,#2926,#2927));
#7519=EDGE_LOOP('',(#2928,#2929,#2930,#2931));
#7520=EDGE_LOOP('',(#2932,#2933,#2934,#2935));
#7521=EDGE_LOOP('',(#2936,#2937,#2938,#2939));
#7522=EDGE_LOOP('',(#2940,#2941,#2942,#2943));
#7523=EDGE_LOOP('',(#2944,#2945,#2946,#2947));
#7524=EDGE_LOOP('',(#2948,#2949,#2950,#2951));
#7525=EDGE_LOOP('',(#2952,#2953,#2954,#2955));
#7526=EDGE_LOOP('',(#2956,#2957,#2958,#2959));
#7527=EDGE_LOOP('',(#2960,#2961,#2962,#2963));
#7528=EDGE_LOOP('',(#2964,#2965,#2966,#2967));
#7529=EDGE_LOOP('',(#2968,#2969,#2970,#2971));
#7530=EDGE_LOOP('',(#2972,#2973,#2974,#2975));
#7531=EDGE_LOOP('',(#2976,#2977,#2978,#2979));
#7532=EDGE_LOOP('',(#2980,#2981,#2982,#2983));
#7533=EDGE_LOOP('',(#2984,#2985,#2986,#2987));
#7534=EDGE_LOOP('',(#2988,#2989,#2990,#2991));
#7535=EDGE_LOOP('',(#2992,#2993,#2994,#2995));
#7536=EDGE_LOOP('',(#2996,#2997,#2998,#2999));
#7537=EDGE_LOOP('',(#3000,#3001,#3002,#3003));
#7538=EDGE_LOOP('',(#3004,#3005,#3006,#3007));
#7539=EDGE_LOOP('',(#3008,#3009,#3010,#3011));
#7540=EDGE_LOOP('',(#3012,#3013,#3014,#3015,#3016,#3017,#3018,#3019,#3020,
#3021,#3022,#3023,#3024,#3025,#3026,#3027,#3028,#3029,#3030,#3031,#3032,
#3033,#3034,#3035));
#7541=EDGE_LOOP('',(#3036,#3037,#3038,#3039,#3040,#3041,#3042,#3043,#3044,
#3045));
#7542=EDGE_LOOP('',(#3046,#3047,#3048,#3049));
#7543=EDGE_LOOP('',(#3050,#3051,#3052,#3053));
#7544=EDGE_LOOP('',(#3054,#3055,#3056,#3057));
#7545=EDGE_LOOP('',(#3058,#3059,#3060,#3061,#3062,#3063,#3064,#3065,#3066,
#3067,#3068,#3069,#3070,#3071));
#7546=EDGE_LOOP('',(#3072,#3073,#3074,#3075,#3076,#3077,#3078,#3079,#3080,
#3081));
#7547=EDGE_LOOP('',(#3082,#3083,#3084,#3085));
#7548=EDGE_LOOP('',(#3086,#3087,#3088,#3089));
#7549=EDGE_LOOP('',(#3090,#3091,#3092,#3093));
#7550=EDGE_LOOP('',(#3094,#3095,#3096,#3097));
#7551=EDGE_LOOP('',(#3098,#3099,#3100,#3101));
#7552=EDGE_LOOP('',(#3102,#3103,#3104,#3105));
#7553=EDGE_LOOP('',(#3106,#3107,#3108,#3109));
#7554=EDGE_LOOP('',(#3110,#3111,#3112,#3113));
#7555=EDGE_LOOP('',(#3114,#3115,#3116,#3117));
#7556=EDGE_LOOP('',(#3118,#3119,#3120,#3121));
#7557=EDGE_LOOP('',(#3122,#3123,#3124,#3125));
#7558=EDGE_LOOP('',(#3126,#3127,#3128,#3129));
#7559=EDGE_LOOP('',(#3130,#3131,#3132,#3133));
#7560=EDGE_LOOP('',(#3134,#3135,#3136,#3137));
#7561=EDGE_LOOP('',(#3138,#3139,#3140,#3141));
#7562=EDGE_LOOP('',(#3142,#3143,#3144,#3145));
#7563=EDGE_LOOP('',(#3146,#3147,#3148,#3149));
#7564=EDGE_LOOP('',(#3150,#3151,#3152,#3153));
#7565=EDGE_LOOP('',(#3154,#3155,#3156,#3157));
#7566=EDGE_LOOP('',(#3158,#3159,#3160,#3161));
#7567=EDGE_LOOP('',(#3162,#3163,#3164,#3165));
#7568=EDGE_LOOP('',(#3166,#3167,#3168,#3169,#3170,#3171,#3172,#3173,#3174,
#3175));
#7569=EDGE_LOOP('',(#3176,#3177,#3178,#3179));
#7570=EDGE_LOOP('',(#3180,#3181,#3182,#3183));
#7571=EDGE_LOOP('',(#3184,#3185,#3186,#3187,#3188,#3189,#3190,#3191,#3192,
#3193,#3194,#3195,#3196,#3197,#3198,#3199));
#7572=EDGE_LOOP('',(#3200,#3201,#3202,#3203,#3204,#3205,#3206,#3207,#3208,
#3209,#3210,#3211,#3212,#3213,#3214,#3215,#3216,#3217,#3218,#3219));
#7573=EDGE_LOOP('',(#3220,#3221,#3222,#3223));
#7574=EDGE_LOOP('',(#3224,#3225,#3226,#3227));
#7575=EDGE_LOOP('',(#3228,#3229,#3230,#3231));
#7576=EDGE_LOOP('',(#3232,#3233,#3234,#3235));
#7577=EDGE_LOOP('',(#3236,#3237,#3238,#3239));
#7578=EDGE_LOOP('',(#3240,#3241,#3242,#3243));
#7579=EDGE_LOOP('',(#3244,#3245,#3246,#3247));
#7580=EDGE_LOOP('',(#3248,#3249,#3250,#3251));
#7581=EDGE_LOOP('',(#3252,#3253,#3254,#3255));
#7582=EDGE_LOOP('',(#3256,#3257,#3258,#3259));
#7583=EDGE_LOOP('',(#3260,#3261,#3262,#3263));
#7584=EDGE_LOOP('',(#3264,#3265,#3266,#3267));
#7585=EDGE_LOOP('',(#3268,#3269,#3270,#3271));
#7586=EDGE_LOOP('',(#3272,#3273,#3274,#3275));
#7587=EDGE_LOOP('',(#3276,#3277,#3278,#3279));
#7588=EDGE_LOOP('',(#3280,#3281,#3282,#3283));
#7589=EDGE_LOOP('',(#3284,#3285,#3286,#3287));
#7590=EDGE_LOOP('',(#3288,#3289,#3290,#3291));
#7591=EDGE_LOOP('',(#3292,#3293,#3294,#3295));
#7592=EDGE_LOOP('',(#3296,#3297,#3298,#3299));
#7593=EDGE_LOOP('',(#3300,#3301,#3302,#3303));
#7594=EDGE_LOOP('',(#3304,#3305,#3306,#3307));
#7595=EDGE_LOOP('',(#3308,#3309,#3310,#3311));
#7596=EDGE_LOOP('',(#3312,#3313,#3314,#3315));
#7597=EDGE_LOOP('',(#3316,#3317,#3318,#3319));
#7598=EDGE_LOOP('',(#3320,#3321,#3322,#3323));
#7599=EDGE_LOOP('',(#3324,#3325,#3326,#3327));
#7600=EDGE_LOOP('',(#3328,#3329,#3330,#3331));
#7601=EDGE_LOOP('',(#3332,#3333,#3334,#3335));
#7602=EDGE_LOOP('',(#3336,#3337,#3338,#3339));
#7603=EDGE_LOOP('',(#3340,#3341,#3342,#3343));
#7604=EDGE_LOOP('',(#3344,#3345,#3346,#3347));
#7605=EDGE_LOOP('',(#3348,#3349,#3350,#3351));
#7606=EDGE_LOOP('',(#3352,#3353,#3354,#3355));
#7607=EDGE_LOOP('',(#3356,#3357,#3358,#3359,#3360,#3361,#3362,#3363,#3364,
#3365,#3366,#3367,#3368,#3369,#3370,#3371));
#7608=EDGE_LOOP('',(#3372,#3373,#3374,#3375,#3376,#3377,#3378,#3379,#3380,
#3381));
#7609=EDGE_LOOP('',(#3382,#3383,#3384,#3385,#3386,#3387,#3388,#3389));
#7610=EDGE_LOOP('',(#3390,#3391,#3392,#3393));
#7611=EDGE_LOOP('',(#3394,#3395,#3396,#3397));
#7612=EDGE_LOOP('',(#3398,#3399,#3400,#3401));
#7613=EDGE_LOOP('',(#3402,#3403,#3404,#3405));
#7614=EDGE_LOOP('',(#3406,#3407,#3408,#3409));
#7615=EDGE_LOOP('',(#3410,#3411,#3412,#3413));
#7616=EDGE_LOOP('',(#3414,#3415,#3416,#3417));
#7617=EDGE_LOOP('',(#3418,#3419,#3420,#3421));
#7618=EDGE_LOOP('',(#3422,#3423,#3424,#3425));
#7619=EDGE_LOOP('',(#3426,#3427,#3428,#3429));
#7620=EDGE_LOOP('',(#3430,#3431,#3432,#3433));
#7621=EDGE_LOOP('',(#3434,#3435,#3436,#3437));
#7622=EDGE_LOOP('',(#3438,#3439,#3440,#3441));
#7623=EDGE_LOOP('',(#3442,#3443,#3444,#3445));
#7624=EDGE_LOOP('',(#3446,#3447,#3448,#3449));
#7625=EDGE_LOOP('',(#3450,#3451,#3452,#3453));
#7626=EDGE_LOOP('',(#3454,#3455,#3456,#3457));
#7627=EDGE_LOOP('',(#3458,#3459,#3460,#3461));
#7628=EDGE_LOOP('',(#3462,#3463,#3464,#3465,#3466,#3467,#3468,#3469));
#7629=EDGE_LOOP('',(#3470,#3471,#3472,#3473));
#7630=EDGE_LOOP('',(#3474,#3475,#3476,#3477,#3478,#3479,#3480,#3481,#3482,
#3483));
#7631=EDGE_LOOP('',(#3484,#3485,#3486,#3487,#3488,#3489,#3490,#3491,#3492,
#3493,#3494,#3495,#3496,#3497));
#7632=EDGE_LOOP('',(#3498,#3499,#3500,#3501));
#7633=EDGE_LOOP('',(#3502,#3503,#3504,#3505));
#7634=EDGE_LOOP('',(#3506,#3507,#3508,#3509));
#7635=EDGE_LOOP('',(#3510,#3511,#3512,#3513));
#7636=EDGE_LOOP('',(#3514,#3515,#3516,#3517));
#7637=EDGE_LOOP('',(#3518,#3519,#3520,#3521));
#7638=EDGE_LOOP('',(#3522,#3523,#3524,#3525));
#7639=EDGE_LOOP('',(#3526,#3527,#3528,#3529));
#7640=EDGE_LOOP('',(#3530,#3531,#3532,#3533));
#7641=EDGE_LOOP('',(#3534,#3535,#3536,#3537));
#7642=EDGE_LOOP('',(#3538,#3539,#3540,#3541));
#7643=EDGE_LOOP('',(#3542,#3543,#3544,#3545));
#7644=EDGE_LOOP('',(#3546,#3547,#3548,#3549));
#7645=EDGE_LOOP('',(#3550,#3551,#3552,#3553));
#7646=EDGE_LOOP('',(#3554,#3555,#3556,#3557));
#7647=EDGE_LOOP('',(#3558,#3559,#3560,#3561));
#7648=EDGE_LOOP('',(#3562,#3563,#3564,#3565));
#7649=EDGE_LOOP('',(#3566,#3567,#3568,#3569));
#7650=EDGE_LOOP('',(#3570,#3571,#3572,#3573));
#7651=EDGE_LOOP('',(#3574,#3575,#3576,#3577));
#7652=EDGE_LOOP('',(#3578,#3579,#3580,#3581));
#7653=EDGE_LOOP('',(#3582,#3583,#3584,#3585));
#7654=EDGE_LOOP('',(#3586,#3587,#3588,#3589));
#7655=EDGE_LOOP('',(#3590,#3591,#3592,#3593,#3594,#3595,#3596,#3597,#3598,
#3599));
#7656=EDGE_LOOP('',(#3600,#3601,#3602,#3603,#3604,#3605,#3606,#3607));
#7657=EDGE_LOOP('',(#3608,#3609,#3610,#3611));
#7658=EDGE_LOOP('',(#3612,#3613,#3614,#3615,#3616,#3617,#3618,#3619));
#7659=EDGE_LOOP('',(#3620,#3621,#3622,#3623,#3624,#3625,#3626,#3627,#3628,
#3629));
#7660=EDGE_LOOP('',(#3630,#3631,#3632,#3633));
#7661=EDGE_LOOP('',(#3634,#3635,#3636,#3637));
#7662=EDGE_LOOP('',(#3638,#3639,#3640,#3641));
#7663=EDGE_LOOP('',(#3642,#3643,#3644,#3645));
#7664=EDGE_LOOP('',(#3646,#3647,#3648,#3649));
#7665=EDGE_LOOP('',(#3650,#3651,#3652,#3653));
#7666=EDGE_LOOP('',(#3654,#3655,#3656,#3657));
#7667=EDGE_LOOP('',(#3658,#3659,#3660,#3661));
#7668=EDGE_LOOP('',(#3662,#3663,#3664,#3665));
#7669=EDGE_LOOP('',(#3666,#3667,#3668,#3669));
#7670=EDGE_LOOP('',(#3670,#3671,#3672,#3673));
#7671=EDGE_LOOP('',(#3674,#3675,#3676,#3677));
#7672=EDGE_LOOP('',(#3678,#3679,#3680,#3681));
#7673=EDGE_LOOP('',(#3682,#3683,#3684,#3685));
#7674=EDGE_LOOP('',(#3686,#3687,#3688,#3689));
#7675=EDGE_LOOP('',(#3690,#3691,#3692,#3693));
#7676=EDGE_LOOP('',(#3694,#3695,#3696,#3697));
#7677=EDGE_LOOP('',(#3698,#3699,#3700));
#7678=EDGE_LOOP('',(#3701,#3702,#3703,#3704,#3705,#3706,#3707,#3708));
#7679=EDGE_LOOP('',(#3709,#3710,#3711,#3712));
#7680=EDGE_LOOP('',(#3713,#3714,#3715,#3716));
#7681=EDGE_LOOP('',(#3717,#3718,#3719,#3720));
#7682=EDGE_LOOP('',(#3721,#3722,#3723,#3724));
#7683=EDGE_LOOP('',(#3725,#3726,#3727,#3728));
#7684=EDGE_LOOP('',(#3729,#3730,#3731,#3732));
#7685=EDGE_LOOP('',(#3733,#3734,#3735,#3736));
#7686=EDGE_LOOP('',(#3737,#3738,#3739,#3740));
#7687=EDGE_LOOP('',(#3741,#3742,#3743,#3744));
#7688=EDGE_LOOP('',(#3745,#3746,#3747,#3748));
#7689=EDGE_LOOP('',(#3749,#3750,#3751,#3752));
#7690=EDGE_LOOP('',(#3753,#3754,#3755));
#7691=EDGE_LOOP('',(#3756,#3757,#3758,#3759,#3760,#3761,#3762,#3763,#3764,
#3765));
#7692=EDGE_LOOP('',(#3766,#3767,#3768,#3769,#3770,#3771,#3772,#3773,#3774,
#3775));
#7693=EDGE_LOOP('',(#3776,#3777,#3778,#3779));
#7694=EDGE_LOOP('',(#3780,#3781,#3782,#3783));
#7695=EDGE_LOOP('',(#3784,#3785,#3786,#3787));
#7696=EDGE_LOOP('',(#3788,#3789,#3790,#3791));
#7697=EDGE_LOOP('',(#3792,#3793,#3794,#3795));
#7698=EDGE_LOOP('',(#3796,#3797,#3798,#3799));
#7699=EDGE_LOOP('',(#3800,#3801,#3802,#3803));
#7700=EDGE_LOOP('',(#3804,#3805,#3806,#3807));
#7701=EDGE_LOOP('',(#3808,#3809,#3810,#3811));
#7702=EDGE_LOOP('',(#3812,#3813,#3814,#3815));
#7703=EDGE_LOOP('',(#3816,#3817,#3818,#3819));
#7704=EDGE_LOOP('',(#3820,#3821,#3822,#3823));
#7705=EDGE_LOOP('',(#3824,#3825,#3826,#3827));
#7706=EDGE_LOOP('',(#3828,#3829,#3830,#3831));
#7707=EDGE_LOOP('',(#3832,#3833,#3834,#3835));
#7708=EDGE_LOOP('',(#3836,#3837,#3838,#3839));
#7709=EDGE_LOOP('',(#3840,#3841,#3842,#3843));
#7710=EDGE_LOOP('',(#3844,#3845,#3846,#3847));
#7711=EDGE_LOOP('',(#3848,#3849,#3850,#3851));
#7712=EDGE_LOOP('',(#3852,#3853,#3854,#3855));
#7713=EDGE_LOOP('',(#3856,#3857,#3858,#3859,#3860,#3861,#3862,#3863,#3864,
#3865));
#7714=EDGE_LOOP('',(#3866,#3867,#3868,#3869,#3870,#3871,#3872,#3873));
#7715=EDGE_LOOP('',(#3874,#3875,#3876,#3877));
#7716=EDGE_LOOP('',(#3878,#3879,#3880,#3881));
#7717=EDGE_LOOP('',(#3882,#3883,#3884,#3885));
#7718=EDGE_LOOP('',(#3886,#3887,#3888,#3889));
#7719=EDGE_LOOP('',(#3890,#3891,#3892,#3893));
#7720=EDGE_LOOP('',(#3894,#3895,#3896,#3897));
#7721=EDGE_LOOP('',(#3898,#3899,#3900,#3901));
#7722=EDGE_LOOP('',(#3902,#3903,#3904,#3905));
#7723=EDGE_LOOP('',(#3906,#3907,#3908,#3909));
#7724=EDGE_LOOP('',(#3910,#3911,#3912,#3913));
#7725=EDGE_LOOP('',(#3914,#3915,#3916,#3917));
#7726=EDGE_LOOP('',(#3918,#3919,#3920,#3921));
#7727=EDGE_LOOP('',(#3922,#3923,#3924,#3925));
#7728=EDGE_LOOP('',(#3926,#3927,#3928,#3929));
#7729=EDGE_LOOP('',(#3930,#3931,#3932,#3933));
#7730=EDGE_LOOP('',(#3934,#3935,#3936,#3937));
#7731=EDGE_LOOP('',(#3938,#3939,#3940,#3941));
#7732=EDGE_LOOP('',(#3942,#3943,#3944,#3945));
#7733=EDGE_LOOP('',(#3946,#3947,#3948,#3949,#3950,#3951,#3952,#3953));
#7734=EDGE_LOOP('',(#3954,#3955,#3956,#3957));
#7735=EDGE_LOOP('',(#3958,#3959,#3960,#3961,#3962,#3963,#3964,#3965,#3966,
#3967,#3968));
#7736=EDGE_LOOP('',(#3969,#3970,#3971,#3972,#3973,#3974,#3975,#3976,#3977,
#3978,#3979,#3980,#3981));
#7737=EDGE_LOOP('',(#3982,#3983,#3984,#3985));
#7738=EDGE_LOOP('',(#3986,#3987,#3988,#3989));
#7739=EDGE_LOOP('',(#3990,#3991,#3992,#3993));
#7740=EDGE_LOOP('',(#3994,#3995,#3996,#3997));
#7741=EDGE_LOOP('',(#3998,#3999,#4000,#4001));
#7742=EDGE_LOOP('',(#4002,#4003,#4004,#4005));
#7743=EDGE_LOOP('',(#4006,#4007,#4008,#4009));
#7744=EDGE_LOOP('',(#4010,#4011,#4012,#4013));
#7745=EDGE_LOOP('',(#4014,#4015,#4016,#4017));
#7746=EDGE_LOOP('',(#4018,#4019,#4020,#4021));
#7747=EDGE_LOOP('',(#4022,#4023,#4024,#4025));
#7748=EDGE_LOOP('',(#4026,#4027,#4028,#4029));
#7749=EDGE_LOOP('',(#4030,#4031,#4032,#4033));
#7750=EDGE_LOOP('',(#4034,#4035,#4036,#4037));
#7751=EDGE_LOOP('',(#4038,#4039,#4040,#4041));
#7752=EDGE_LOOP('',(#4042,#4043,#4044,#4045));
#7753=EDGE_LOOP('',(#4046,#4047,#4048,#4049));
#7754=EDGE_LOOP('',(#4050,#4051,#4052,#4053));
#7755=EDGE_LOOP('',(#4054,#4055,#4056,#4057));
#7756=EDGE_LOOP('',(#4058,#4059,#4060,#4061));
#7757=EDGE_LOOP('',(#4062,#4063,#4064,#4065));
#7758=EDGE_LOOP('',(#4066,#4067,#4068,#4069));
#7759=EDGE_LOOP('',(#4070,#4071,#4072,#4073));
#7760=EDGE_LOOP('',(#4074,#4075,#4076,#4077,#4078,#4079,#4080,#4081,#4082,
#4083));
#7761=EDGE_LOOP('',(#4084,#4085,#4086,#4087,#4088,#4089,#4090,#4091));
#7762=EDGE_LOOP('',(#4092,#4093,#4094,#4095,#4096,#4097,#4098,#4099,#4100,
#4101));
#7763=EDGE_LOOP('',(#4102,#4103,#4104,#4105,#4106,#4107,#4108,#4109));
#7764=EDGE_LOOP('',(#4110,#4111,#4112,#4113));
#7765=EDGE_LOOP('',(#4114,#4115,#4116,#4117));
#7766=EDGE_LOOP('',(#4118,#4119,#4120,#4121));
#7767=EDGE_LOOP('',(#4122,#4123,#4124,#4125));
#7768=EDGE_LOOP('',(#4126,#4127,#4128,#4129));
#7769=EDGE_LOOP('',(#4130,#4131,#4132,#4133));
#7770=EDGE_LOOP('',(#4134,#4135,#4136,#4137));
#7771=EDGE_LOOP('',(#4138,#4139,#4140,#4141));
#7772=EDGE_LOOP('',(#4142,#4143,#4144,#4145));
#7773=EDGE_LOOP('',(#4146,#4147,#4148,#4149));
#7774=EDGE_LOOP('',(#4150,#4151,#4152,#4153));
#7775=EDGE_LOOP('',(#4154,#4155,#4156,#4157));
#7776=EDGE_LOOP('',(#4158,#4159,#4160,#4161));
#7777=EDGE_LOOP('',(#4162,#4163,#4164,#4165));
#7778=EDGE_LOOP('',(#4166,#4167,#4168,#4169));
#7779=EDGE_LOOP('',(#4170,#4171,#4172,#4173));
#7780=EDGE_LOOP('',(#4174,#4175,#4176,#4177));
#7781=EDGE_LOOP('',(#4178,#4179,#4180,#4181));
#7782=EDGE_LOOP('',(#4182,#4183,#4184,#4185,#4186,#4187,#4188,#4189));
#7783=EDGE_LOOP('',(#4190,#4191,#4192,#4193,#4194,#4195,#4196,#4197,#4198,
#4199));
#7784=EDGE_LOOP('',(#4200,#4201,#4202,#4203,#4204,#4205,#4206,#4207,#4208,
#4209,#4210));
#7785=EDGE_LOOP('',(#4211,#4212,#4213,#4214,#4215,#4216,#4217,#4218,#4219,
#4220));
#7786=EDGE_LOOP('',(#4221,#4222,#4223,#4224,#4225,#4226,#4227,#4228));
#7787=EDGE_LOOP('',(#4229,#4230,#4231,#4232));
#7788=EDGE_LOOP('',(#4233,#4234,#4235,#4236));
#7789=EDGE_LOOP('',(#4237,#4238,#4239,#4240));
#7790=EDGE_LOOP('',(#4241,#4242,#4243,#4244));
#7791=EDGE_LOOP('',(#4245,#4246,#4247,#4248));
#7792=EDGE_LOOP('',(#4249,#4250,#4251,#4252));
#7793=EDGE_LOOP('',(#4253,#4254,#4255,#4256));
#7794=EDGE_LOOP('',(#4257,#4258,#4259,#4260));
#7795=EDGE_LOOP('',(#4261,#4262,#4263,#4264));
#7796=EDGE_LOOP('',(#4265,#4266,#4267,#4268));
#7797=EDGE_LOOP('',(#4269,#4270,#4271,#4272));
#7798=EDGE_LOOP('',(#4273,#4274,#4275,#4276));
#7799=EDGE_LOOP('',(#4277,#4278,#4279,#4280));
#7800=EDGE_LOOP('',(#4281,#4282,#4283,#4284));
#7801=EDGE_LOOP('',(#4285,#4286,#4287,#4288));
#7802=EDGE_LOOP('',(#4289,#4290,#4291,#4292));
#7803=EDGE_LOOP('',(#4293,#4294,#4295,#4296));
#7804=EDGE_LOOP('',(#4297,#4298,#4299,#4300));
#7805=EDGE_LOOP('',(#4301,#4302,#4303,#4304,#4305,#4306,#4307,#4308));
#7806=EDGE_LOOP('',(#4309,#4310,#4311,#4312,#4313,#4314,#4315,#4316,#4317,
#4318));
#7807=EDGE_LOOP('',(#4319,#4320,#4321,#4322,#4323,#4324));
#7808=EDGE_LOOP('',(#4325,#4326,#4327,#4328,#4329,#4330));
#7809=EDGE_LOOP('',(#4331,#4332,#4333,#4334,#4335,#4336));
#7810=EDGE_LOOP('',(#4337,#4338,#4339,#4340));
#7811=EDGE_LOOP('',(#4341,#4342,#4343,#4344));
#7812=EDGE_LOOP('',(#4345,#4346,#4347,#4348));
#7813=EDGE_LOOP('',(#4349,#4350,#4351,#4352));
#7814=EDGE_LOOP('',(#4353,#4354,#4355,#4356));
#7815=EDGE_LOOP('',(#4357,#4358,#4359,#4360));
#7816=EDGE_LOOP('',(#4361,#4362,#4363,#4364));
#7817=EDGE_LOOP('',(#4365,#4366,#4367,#4368));
#7818=EDGE_LOOP('',(#4369,#4370,#4371,#4372));
#7819=EDGE_LOOP('',(#4373,#4374,#4375,#4376));
#7820=EDGE_LOOP('',(#4377,#4378,#4379,#4380));
#7821=EDGE_LOOP('',(#4381,#4382,#4383,#4384));
#7822=EDGE_LOOP('',(#4385,#4386,#4387,#4388,#4389,#4390));
#7823=EDGE_LOOP('',(#4391));
#7824=EDGE_LOOP('',(#4392));
#7825=EDGE_LOOP('',(#4393));
#7826=EDGE_LOOP('',(#4394));
#7827=EDGE_LOOP('',(#4395));
#7828=EDGE_LOOP('',(#4396));
#7829=EDGE_LOOP('',(#4397));
#7830=EDGE_LOOP('',(#4398));
#7831=EDGE_LOOP('',(#4399));
#7832=EDGE_LOOP('',(#4400));
#7833=EDGE_LOOP('',(#4401));
#7834=EDGE_LOOP('',(#4402));
#7835=EDGE_LOOP('',(#4403));
#7836=EDGE_LOOP('',(#4404));
#7837=EDGE_LOOP('',(#4405));
#7838=EDGE_LOOP('',(#4406));
#7839=EDGE_LOOP('',(#4407));
#7840=EDGE_LOOP('',(#4408));
#7841=EDGE_LOOP('',(#4409));
#7842=EDGE_LOOP('',(#4410));
#7843=EDGE_LOOP('',(#4411));
#7844=EDGE_LOOP('',(#4412));
#7845=EDGE_LOOP('',(#4413));
#7846=EDGE_LOOP('',(#4414));
#7847=EDGE_LOOP('',(#4415,#4416,#4417,#4418,#4419,#4420,#4421,#4422));
#7848=EDGE_LOOP('',(#4423));
#7849=EDGE_LOOP('',(#4424));
#7850=EDGE_LOOP('',(#4425));
#7851=EDGE_LOOP('',(#4426));
#7852=EDGE_LOOP('',(#4427));
#7853=EDGE_LOOP('',(#4428));
#7854=EDGE_LOOP('',(#4429));
#7855=EDGE_LOOP('',(#4430));
#7856=EDGE_LOOP('',(#4431));
#7857=EDGE_LOOP('',(#4432));
#7858=EDGE_LOOP('',(#4433));
#7859=EDGE_LOOP('',(#4434));
#7860=EDGE_LOOP('',(#4435));
#7861=EDGE_LOOP('',(#4436));
#7862=EDGE_LOOP('',(#4437));
#7863=EDGE_LOOP('',(#4438));
#7864=EDGE_LOOP('',(#4439));
#7865=EDGE_LOOP('',(#4440));
#7866=EDGE_LOOP('',(#4441));
#7867=EDGE_LOOP('',(#4442));
#7868=EDGE_LOOP('',(#4443));
#7869=EDGE_LOOP('',(#4444));
#7870=EDGE_LOOP('',(#4445));
#7871=EDGE_LOOP('',(#4446));
#7872=EDGE_LOOP('',(#4447));
#7873=EDGE_LOOP('',(#4448));
#7874=EDGE_LOOP('',(#4449,#4450,#4451,#4452,#4453,#4454,#4455,#4456,#4457,
#4458));
#7875=EDGE_LOOP('',(#4459));
#7876=EDGE_LOOP('',(#4460));
#7877=EDGE_LOOP('',(#4461));
#7878=EDGE_LOOP('',(#4462));
#7879=EDGE_LOOP('',(#4463));
#7880=EDGE_LOOP('',(#4464));
#7881=EDGE_LOOP('',(#4465));
#7882=EDGE_LOOP('',(#4466));
#7883=EDGE_LOOP('',(#4467));
#7884=EDGE_LOOP('',(#4468));
#7885=EDGE_LOOP('',(#4469));
#7886=EDGE_LOOP('',(#4470));
#7887=EDGE_LOOP('',(#4471));
#7888=EDGE_LOOP('',(#4472));
#7889=EDGE_LOOP('',(#4473));
#7890=EDGE_LOOP('',(#4474,#4475,#4476,#4477,#4478,#4479,#4480,#4481,#4482,
#4483,#4484,#4485));
#7891=EDGE_LOOP('',(#4486,#4487,#4488,#4489,#4490,#4491,#4492,#4493));
#7892=EDGE_LOOP('',(#4494,#4495,#4496,#4497,#4498,#4499,#4500,#4501));
#7893=EDGE_LOOP('',(#4502,#4503,#4504,#4505));
#7894=EDGE_LOOP('',(#4506,#4507,#4508,#4509));
#7895=EDGE_LOOP('',(#4510,#4511,#4512,#4513));
#7896=EDGE_LOOP('',(#4514,#4515,#4516,#4517));
#7897=EDGE_LOOP('',(#4518));
#7898=EDGE_LOOP('',(#4519));
#7899=EDGE_LOOP('',(#4520));
#7900=EDGE_LOOP('',(#4521));
#7901=EDGE_LOOP('',(#4522));
#7902=EDGE_LOOP('',(#4523));
#7903=EDGE_LOOP('',(#4524));
#7904=EDGE_LOOP('',(#4525));
#7905=EDGE_LOOP('',(#4526));
#7906=EDGE_LOOP('',(#4527));
#7907=EDGE_LOOP('',(#4528));
#7908=EDGE_LOOP('',(#4529));
#7909=EDGE_LOOP('',(#4530));
#7910=EDGE_LOOP('',(#4531));
#7911=EDGE_LOOP('',(#4532));
#7912=EDGE_LOOP('',(#4533));
#7913=EDGE_LOOP('',(#4534));
#7914=EDGE_LOOP('',(#4535));
#7915=EDGE_LOOP('',(#4536));
#7916=EDGE_LOOP('',(#4537));
#7917=EDGE_LOOP('',(#4538));
#7918=EDGE_LOOP('',(#4539));
#7919=EDGE_LOOP('',(#4540));
#7920=EDGE_LOOP('',(#4541));
#7921=EDGE_LOOP('',(#4542));
#7922=EDGE_LOOP('',(#4543));
#7923=EDGE_LOOP('',(#4544));
#7924=EDGE_LOOP('',(#4545));
#7925=EDGE_LOOP('',(#4546));
#7926=EDGE_LOOP('',(#4547));
#7927=EDGE_LOOP('',(#4548,#4549,#4550,#4551,#4552,#4553,#4554,#4555));
#7928=EDGE_LOOP('',(#4556,#4557,#4558,#4559));
#7929=EDGE_LOOP('',(#4560,#4561,#4562,#4563));
#7930=EDGE_LOOP('',(#4564,#4565,#4566,#4567));
#7931=EDGE_LOOP('',(#4568,#4569,#4570,#4571));
#7932=EDGE_LOOP('',(#4572,#4573,#4574,#4575));
#7933=EDGE_LOOP('',(#4576,#4577,#4578,#4579));
#7934=EDGE_LOOP('',(#4580,#4581,#4582,#4583));
#7935=EDGE_LOOP('',(#4584,#4585,#4586,#4587));
#7936=EDGE_LOOP('',(#4588,#4589,#4590,#4591));
#7937=EDGE_LOOP('',(#4592,#4593,#4594,#4595));
#7938=EDGE_LOOP('',(#4596,#4597,#4598,#4599));
#7939=EDGE_LOOP('',(#4600));
#7940=EDGE_LOOP('',(#4601));
#7941=EDGE_LOOP('',(#4602));
#7942=EDGE_LOOP('',(#4603));
#7943=EDGE_LOOP('',(#4604));
#7944=EDGE_LOOP('',(#4605));
#7945=EDGE_LOOP('',(#4606));
#7946=EDGE_LOOP('',(#4607));
#7947=EDGE_LOOP('',(#4608));
#7948=EDGE_LOOP('',(#4609));
#7949=EDGE_LOOP('',(#4610));
#7950=EDGE_LOOP('',(#4611));
#7951=EDGE_LOOP('',(#4612));
#7952=EDGE_LOOP('',(#4613));
#7953=EDGE_LOOP('',(#4614));
#7954=EDGE_LOOP('',(#4615));
#7955=EDGE_LOOP('',(#4616));
#7956=EDGE_LOOP('',(#4617));
#7957=EDGE_LOOP('',(#4618));
#7958=EDGE_LOOP('',(#4619));
#7959=EDGE_LOOP('',(#4620));
#7960=EDGE_LOOP('',(#4621));
#7961=EDGE_LOOP('',(#4622));
#7962=EDGE_LOOP('',(#4623));
#7963=EDGE_LOOP('',(#4624));
#7964=EDGE_LOOP('',(#4625));
#7965=EDGE_LOOP('',(#4626));
#7966=EDGE_LOOP('',(#4627));
#7967=EDGE_LOOP('',(#4628));
#7968=EDGE_LOOP('',(#4629));
#7969=EDGE_LOOP('',(#4630));
#7970=EDGE_LOOP('',(#4631));
#7971=EDGE_LOOP('',(#4632));
#7972=EDGE_LOOP('',(#4633));
#7973=EDGE_LOOP('',(#4634));
#7974=EDGE_LOOP('',(#4635));
#7975=EDGE_LOOP('',(#4636));
#7976=EDGE_LOOP('',(#4637));
#7977=EDGE_LOOP('',(#4638));
#7978=EDGE_LOOP('',(#4639));
#7979=EDGE_LOOP('',(#4640));
#7980=EDGE_LOOP('',(#4641));
#7981=EDGE_LOOP('',(#4642));
#7982=EDGE_LOOP('',(#4643));
#7983=EDGE_LOOP('',(#4644));
#7984=EDGE_LOOP('',(#4645));
#7985=EDGE_LOOP('',(#4646));
#7986=EDGE_LOOP('',(#4647));
#7987=EDGE_LOOP('',(#4648));
#7988=EDGE_LOOP('',(#4649));
#7989=EDGE_LOOP('',(#4650));
#7990=EDGE_LOOP('',(#4651));
#7991=EDGE_LOOP('',(#4652));
#7992=EDGE_LOOP('',(#4653));
#7993=EDGE_LOOP('',(#4654));
#7994=EDGE_LOOP('',(#4655));
#7995=EDGE_LOOP('',(#4656));
#7996=EDGE_LOOP('',(#4657));
#7997=EDGE_LOOP('',(#4658));
#7998=EDGE_LOOP('',(#4659));
#7999=EDGE_LOOP('',(#4660));
#8000=EDGE_LOOP('',(#4661));
#8001=EDGE_LOOP('',(#4662));
#8002=EDGE_LOOP('',(#4663));
#8003=EDGE_LOOP('',(#4664));
#8004=EDGE_LOOP('',(#4665));
#8005=EDGE_LOOP('',(#4666));
#8006=EDGE_LOOP('',(#4667));
#8007=EDGE_LOOP('',(#4668));
#8008=EDGE_LOOP('',(#4669));
#8009=EDGE_LOOP('',(#4670));
#8010=EDGE_LOOP('',(#4671));
#8011=EDGE_LOOP('',(#4672));
#8012=EDGE_LOOP('',(#4673));
#8013=EDGE_LOOP('',(#4674));
#8014=EDGE_LOOP('',(#4675));
#8015=EDGE_LOOP('',(#4676));
#8016=EDGE_LOOP('',(#4677));
#8017=EDGE_LOOP('',(#4678));
#8018=EDGE_LOOP('',(#4679));
#8019=EDGE_LOOP('',(#4680));
#8020=EDGE_LOOP('',(#4681));
#8021=EDGE_LOOP('',(#4682));
#8022=EDGE_LOOP('',(#4683,#4684,#4685,#4686));
#8023=EDGE_LOOP('',(#4687,#4688,#4689,#4690));
#8024=EDGE_LOOP('',(#4691,#4692,#4693,#4694));
#8025=EDGE_LOOP('',(#4695,#4696,#4697,#4698));
#8026=EDGE_LOOP('',(#4699,#4700,#4701,#4702));
#8027=EDGE_LOOP('',(#4703,#4704,#4705,#4706));
#8028=EDGE_LOOP('',(#4707,#4708,#4709,#4710));
#8029=EDGE_LOOP('',(#4711,#4712,#4713,#4714));
#8030=EDGE_LOOP('',(#4715,#4716,#4717,#4718));
#8031=EDGE_LOOP('',(#4719,#4720,#4721,#4722));
#8032=EDGE_LOOP('',(#4723,#4724,#4725,#4726));
#8033=EDGE_LOOP('',(#4727,#4728,#4729,#4730));
#8034=EDGE_LOOP('',(#4731,#4732,#4733,#4734,#4735,#4736,#4737,#4738,#4739,
#4740,#4741,#4742));
#8035=EDGE_LOOP('',(#4743,#4744,#4745,#4746));
#8036=EDGE_LOOP('',(#4747));
#8037=EDGE_LOOP('',(#4748));
#8038=EDGE_LOOP('',(#4749,#4750));
#8039=EDGE_LOOP('',(#4751));
#8040=EDGE_LOOP('',(#4752));
#8041=EDGE_LOOP('',(#4753));
#8042=EDGE_LOOP('',(#4754));
#8043=EDGE_LOOP('',(#4755));
#8044=EDGE_LOOP('',(#4756));
#8045=EDGE_LOOP('',(#4757));
#8046=EDGE_LOOP('',(#4758));
#8047=EDGE_LOOP('',(#4759));
#8048=EDGE_LOOP('',(#4760));
#8049=EDGE_LOOP('',(#4761));
#8050=EDGE_LOOP('',(#4762));
#8051=EDGE_LOOP('',(#4763));
#8052=EDGE_LOOP('',(#4764));
#8053=EDGE_LOOP('',(#4765));
#8054=EDGE_LOOP('',(#4766));
#8055=EDGE_LOOP('',(#4767));
#8056=EDGE_LOOP('',(#4768));
#8057=EDGE_LOOP('',(#4769));
#8058=EDGE_LOOP('',(#4770));
#8059=EDGE_LOOP('',(#4771));
#8060=EDGE_LOOP('',(#4772));
#8061=EDGE_LOOP('',(#4773));
#8062=EDGE_LOOP('',(#4774));
#8063=EDGE_LOOP('',(#4775));
#8064=EDGE_LOOP('',(#4776));
#8065=EDGE_LOOP('',(#4777));
#8066=EDGE_LOOP('',(#4778));
#8067=FACE_BOUND('',#7332,.T.);
#8068=FACE_BOUND('',#7333,.T.);
#8069=FACE_BOUND('',#7334,.T.);
#8070=FACE_BOUND('',#7335,.T.);
#8071=FACE_BOUND('',#7336,.T.);
#8072=FACE_BOUND('',#7337,.T.);
#8073=FACE_BOUND('',#7338,.T.);
#8074=FACE_BOUND('',#7339,.T.);
#8075=FACE_BOUND('',#7340,.T.);
#8076=FACE_BOUND('',#7341,.T.);
#8077=FACE_BOUND('',#7342,.T.);
#8078=FACE_BOUND('',#7343,.T.);
#8079=FACE_BOUND('',#7344,.T.);
#8080=FACE_BOUND('',#7345,.T.);
#8081=FACE_BOUND('',#7346,.T.);
#8082=FACE_BOUND('',#7347,.T.);
#8083=FACE_BOUND('',#7348,.T.);
#8084=FACE_BOUND('',#7349,.T.);
#8085=FACE_BOUND('',#7350,.T.);
#8086=FACE_BOUND('',#7351,.T.);
#8087=FACE_BOUND('',#7352,.T.);
#8088=FACE_BOUND('',#7353,.T.);
#8089=FACE_BOUND('',#7354,.T.);
#8090=FACE_BOUND('',#7355,.T.);
#8091=FACE_BOUND('',#7356,.T.);
#8092=FACE_BOUND('',#7357,.T.);
#8093=FACE_BOUND('',#7358,.T.);
#8094=FACE_BOUND('',#7359,.T.);
#8095=FACE_BOUND('',#7360,.T.);
#8096=FACE_BOUND('',#7361,.T.);
#8097=FACE_BOUND('',#7362,.T.);
#8098=FACE_BOUND('',#7363,.T.);
#8099=FACE_BOUND('',#7364,.T.);
#8100=FACE_BOUND('',#7365,.T.);
#8101=FACE_BOUND('',#7366,.T.);
#8102=FACE_BOUND('',#7367,.T.);
#8103=FACE_BOUND('',#7368,.T.);
#8104=FACE_BOUND('',#7369,.T.);
#8105=FACE_BOUND('',#7370,.T.);
#8106=FACE_BOUND('',#7371,.T.);
#8107=FACE_BOUND('',#7372,.T.);
#8108=FACE_BOUND('',#7373,.T.);
#8109=FACE_BOUND('',#7374,.T.);
#8110=FACE_BOUND('',#7375,.T.);
#8111=FACE_BOUND('',#7376,.T.);
#8112=FACE_BOUND('',#7377,.T.);
#8113=FACE_BOUND('',#7378,.T.);
#8114=FACE_BOUND('',#7379,.T.);
#8115=FACE_BOUND('',#7380,.T.);
#8116=FACE_BOUND('',#7381,.T.);
#8117=FACE_BOUND('',#7382,.T.);
#8118=FACE_BOUND('',#7383,.T.);
#8119=FACE_BOUND('',#7384,.T.);
#8120=FACE_BOUND('',#7385,.T.);
#8121=FACE_BOUND('',#7386,.T.);
#8122=FACE_BOUND('',#7387,.T.);
#8123=FACE_BOUND('',#7388,.T.);
#8124=FACE_BOUND('',#7389,.T.);
#8125=FACE_BOUND('',#7390,.T.);
#8126=FACE_BOUND('',#7391,.T.);
#8127=FACE_BOUND('',#7392,.T.);
#8128=FACE_BOUND('',#7393,.T.);
#8129=FACE_BOUND('',#7394,.T.);
#8130=FACE_BOUND('',#7395,.T.);
#8131=FACE_BOUND('',#7396,.T.);
#8132=FACE_BOUND('',#7397,.T.);
#8133=FACE_BOUND('',#7398,.T.);
#8134=FACE_BOUND('',#7399,.T.);
#8135=FACE_BOUND('',#7400,.T.);
#8136=FACE_BOUND('',#7401,.T.);
#8137=FACE_BOUND('',#7402,.T.);
#8138=FACE_BOUND('',#7403,.T.);
#8139=FACE_BOUND('',#7404,.T.);
#8140=FACE_BOUND('',#7405,.T.);
#8141=FACE_BOUND('',#7406,.T.);
#8142=FACE_BOUND('',#7407,.T.);
#8143=FACE_BOUND('',#7408,.T.);
#8144=FACE_BOUND('',#7409,.T.);
#8145=FACE_BOUND('',#7410,.T.);
#8146=FACE_BOUND('',#7411,.T.);
#8147=FACE_BOUND('',#7412,.T.);
#8148=FACE_BOUND('',#7413,.T.);
#8149=FACE_BOUND('',#7414,.T.);
#8150=FACE_BOUND('',#7415,.T.);
#8151=FACE_BOUND('',#7416,.T.);
#8152=FACE_BOUND('',#7417,.T.);
#8153=FACE_BOUND('',#7418,.T.);
#8154=FACE_BOUND('',#7419,.T.);
#8155=FACE_BOUND('',#7420,.T.);
#8156=FACE_BOUND('',#7421,.T.);
#8157=FACE_BOUND('',#7422,.T.);
#8158=FACE_BOUND('',#7423,.T.);
#8159=FACE_BOUND('',#7424,.T.);
#8160=FACE_BOUND('',#7425,.T.);
#8161=FACE_BOUND('',#7426,.T.);
#8162=FACE_BOUND('',#7427,.T.);
#8163=FACE_BOUND('',#7428,.T.);
#8164=FACE_BOUND('',#7429,.T.);
#8165=FACE_BOUND('',#7430,.T.);
#8166=FACE_BOUND('',#7431,.T.);
#8167=FACE_BOUND('',#7432,.T.);
#8168=FACE_BOUND('',#7433,.T.);
#8169=FACE_BOUND('',#7434,.T.);
#8170=FACE_BOUND('',#7435,.T.);
#8171=FACE_BOUND('',#7436,.T.);
#8172=FACE_BOUND('',#7437,.T.);
#8173=FACE_BOUND('',#7438,.T.);
#8174=FACE_BOUND('',#7439,.T.);
#8175=FACE_BOUND('',#7440,.T.);
#8176=FACE_BOUND('',#7441,.T.);
#8177=FACE_BOUND('',#7442,.T.);
#8178=FACE_BOUND('',#7443,.T.);
#8179=FACE_BOUND('',#7444,.T.);
#8180=FACE_BOUND('',#7445,.T.);
#8181=FACE_BOUND('',#7446,.T.);
#8182=FACE_BOUND('',#7447,.T.);
#8183=FACE_BOUND('',#7448,.T.);
#8184=FACE_BOUND('',#7449,.T.);
#8185=FACE_BOUND('',#7450,.T.);
#8186=FACE_BOUND('',#7451,.T.);
#8187=FACE_BOUND('',#7452,.T.);
#8188=FACE_BOUND('',#7453,.T.);
#8189=FACE_BOUND('',#7454,.T.);
#8190=FACE_BOUND('',#7455,.T.);
#8191=FACE_BOUND('',#7456,.T.);
#8192=FACE_BOUND('',#7457,.T.);
#8193=FACE_BOUND('',#7458,.T.);
#8194=FACE_BOUND('',#7459,.T.);
#8195=FACE_BOUND('',#7460,.T.);
#8196=FACE_BOUND('',#7461,.T.);
#8197=FACE_BOUND('',#7462,.T.);
#8198=FACE_BOUND('',#7463,.T.);
#8199=FACE_BOUND('',#7464,.T.);
#8200=FACE_BOUND('',#7465,.T.);
#8201=FACE_BOUND('',#7466,.T.);
#8202=FACE_BOUND('',#7467,.T.);
#8203=FACE_BOUND('',#7468,.T.);
#8204=FACE_BOUND('',#7469,.T.);
#8205=FACE_BOUND('',#7470,.T.);
#8206=FACE_BOUND('',#7471,.T.);
#8207=FACE_BOUND('',#7472,.T.);
#8208=FACE_BOUND('',#7473,.T.);
#8209=FACE_BOUND('',#7474,.T.);
#8210=FACE_BOUND('',#7475,.T.);
#8211=FACE_BOUND('',#7476,.T.);
#8212=FACE_BOUND('',#7477,.T.);
#8213=FACE_BOUND('',#7478,.T.);
#8214=FACE_BOUND('',#7479,.T.);
#8215=FACE_BOUND('',#7480,.T.);
#8216=FACE_BOUND('',#7481,.T.);
#8217=FACE_BOUND('',#7482,.T.);
#8218=FACE_BOUND('',#7483,.T.);
#8219=FACE_BOUND('',#7484,.T.);
#8220=FACE_BOUND('',#7485,.T.);
#8221=FACE_BOUND('',#7486,.T.);
#8222=FACE_BOUND('',#7487,.T.);
#8223=FACE_BOUND('',#7488,.T.);
#8224=FACE_BOUND('',#7489,.T.);
#8225=FACE_BOUND('',#7490,.T.);
#8226=FACE_BOUND('',#7491,.T.);
#8227=FACE_BOUND('',#7492,.T.);
#8228=FACE_BOUND('',#7493,.T.);
#8229=FACE_BOUND('',#7494,.T.);
#8230=FACE_BOUND('',#7495,.T.);
#8231=FACE_BOUND('',#7496,.T.);
#8232=FACE_BOUND('',#7497,.T.);
#8233=FACE_BOUND('',#7498,.T.);
#8234=FACE_BOUND('',#7499,.T.);
#8235=FACE_BOUND('',#7500,.T.);
#8236=FACE_BOUND('',#7501,.T.);
#8237=FACE_BOUND('',#7502,.T.);
#8238=FACE_BOUND('',#7503,.T.);
#8239=FACE_BOUND('',#7504,.T.);
#8240=FACE_BOUND('',#7505,.T.);
#8241=FACE_BOUND('',#7506,.T.);
#8242=FACE_BOUND('',#7507,.T.);
#8243=FACE_BOUND('',#7508,.T.);
#8244=FACE_BOUND('',#7509,.T.);
#8245=FACE_BOUND('',#7510,.T.);
#8246=FACE_BOUND('',#7511,.T.);
#8247=FACE_BOUND('',#7512,.T.);
#8248=FACE_BOUND('',#7513,.T.);
#8249=FACE_BOUND('',#7514,.T.);
#8250=FACE_BOUND('',#7515,.T.);
#8251=FACE_BOUND('',#7516,.T.);
#8252=FACE_BOUND('',#7517,.T.);
#8253=FACE_BOUND('',#7518,.T.);
#8254=FACE_BOUND('',#7519,.T.);
#8255=FACE_BOUND('',#7520,.T.);
#8256=FACE_BOUND('',#7521,.T.);
#8257=FACE_BOUND('',#7522,.T.);
#8258=FACE_BOUND('',#7523,.T.);
#8259=FACE_BOUND('',#7524,.T.);
#8260=FACE_BOUND('',#7525,.T.);
#8261=FACE_BOUND('',#7526,.T.);
#8262=FACE_BOUND('',#7527,.T.);
#8263=FACE_BOUND('',#7528,.T.);
#8264=FACE_BOUND('',#7529,.T.);
#8265=FACE_BOUND('',#7530,.T.);
#8266=FACE_BOUND('',#7531,.T.);
#8267=FACE_BOUND('',#7532,.T.);
#8268=FACE_BOUND('',#7533,.T.);
#8269=FACE_BOUND('',#7534,.T.);
#8270=FACE_BOUND('',#7535,.T.);
#8271=FACE_BOUND('',#7536,.T.);
#8272=FACE_BOUND('',#7537,.T.);
#8273=FACE_BOUND('',#7538,.T.);
#8274=FACE_BOUND('',#7539,.T.);
#8275=FACE_BOUND('',#7540,.T.);
#8276=FACE_BOUND('',#7541,.T.);
#8277=FACE_BOUND('',#7542,.T.);
#8278=FACE_BOUND('',#7543,.T.);
#8279=FACE_BOUND('',#7544,.T.);
#8280=FACE_BOUND('',#7545,.T.);
#8281=FACE_BOUND('',#7546,.T.);
#8282=FACE_BOUND('',#7547,.T.);
#8283=FACE_BOUND('',#7548,.T.);
#8284=FACE_BOUND('',#7549,.T.);
#8285=FACE_BOUND('',#7550,.T.);
#8286=FACE_BOUND('',#7551,.T.);
#8287=FACE_BOUND('',#7552,.T.);
#8288=FACE_BOUND('',#7553,.T.);
#8289=FACE_BOUND('',#7554,.T.);
#8290=FACE_BOUND('',#7555,.T.);
#8291=FACE_BOUND('',#7556,.T.);
#8292=FACE_BOUND('',#7557,.T.);
#8293=FACE_BOUND('',#7558,.T.);
#8294=FACE_BOUND('',#7559,.T.);
#8295=FACE_BOUND('',#7560,.T.);
#8296=FACE_BOUND('',#7561,.T.);
#8297=FACE_BOUND('',#7562,.T.);
#8298=FACE_BOUND('',#7563,.T.);
#8299=FACE_BOUND('',#7564,.T.);
#8300=FACE_BOUND('',#7565,.T.);
#8301=FACE_BOUND('',#7566,.T.);
#8302=FACE_BOUND('',#7567,.T.);
#8303=FACE_BOUND('',#7568,.T.);
#8304=FACE_BOUND('',#7569,.T.);
#8305=FACE_BOUND('',#7570,.T.);
#8306=FACE_BOUND('',#7571,.T.);
#8307=FACE_BOUND('',#7572,.T.);
#8308=FACE_BOUND('',#7573,.T.);
#8309=FACE_BOUND('',#7574,.T.);
#8310=FACE_BOUND('',#7575,.T.);
#8311=FACE_BOUND('',#7576,.T.);
#8312=FACE_BOUND('',#7577,.T.);
#8313=FACE_BOUND('',#7578,.T.);
#8314=FACE_BOUND('',#7579,.T.);
#8315=FACE_BOUND('',#7580,.T.);
#8316=FACE_BOUND('',#7581,.T.);
#8317=FACE_BOUND('',#7582,.T.);
#8318=FACE_BOUND('',#7583,.T.);
#8319=FACE_BOUND('',#7584,.T.);
#8320=FACE_BOUND('',#7585,.T.);
#8321=FACE_BOUND('',#7586,.T.);
#8322=FACE_BOUND('',#7587,.T.);
#8323=FACE_BOUND('',#7588,.T.);
#8324=FACE_BOUND('',#7589,.T.);
#8325=FACE_BOUND('',#7590,.T.);
#8326=FACE_BOUND('',#7591,.T.);
#8327=FACE_BOUND('',#7592,.T.);
#8328=FACE_BOUND('',#7593,.T.);
#8329=FACE_BOUND('',#7594,.T.);
#8330=FACE_BOUND('',#7595,.T.);
#8331=FACE_BOUND('',#7596,.T.);
#8332=FACE_BOUND('',#7597,.T.);
#8333=FACE_BOUND('',#7598,.T.);
#8334=FACE_BOUND('',#7599,.T.);
#8335=FACE_BOUND('',#7600,.T.);
#8336=FACE_BOUND('',#7601,.T.);
#8337=FACE_BOUND('',#7602,.T.);
#8338=FACE_BOUND('',#7603,.T.);
#8339=FACE_BOUND('',#7604,.T.);
#8340=FACE_BOUND('',#7605,.T.);
#8341=FACE_BOUND('',#7606,.T.);
#8342=FACE_BOUND('',#7607,.T.);
#8343=FACE_BOUND('',#7608,.T.);
#8344=FACE_BOUND('',#7609,.T.);
#8345=FACE_BOUND('',#7610,.T.);
#8346=FACE_BOUND('',#7611,.T.);
#8347=FACE_BOUND('',#7612,.T.);
#8348=FACE_BOUND('',#7613,.T.);
#8349=FACE_BOUND('',#7614,.T.);
#8350=FACE_BOUND('',#7615,.T.);
#8351=FACE_BOUND('',#7616,.T.);
#8352=FACE_BOUND('',#7617,.T.);
#8353=FACE_BOUND('',#7618,.T.);
#8354=FACE_BOUND('',#7619,.T.);
#8355=FACE_BOUND('',#7620,.T.);
#8356=FACE_BOUND('',#7621,.T.);
#8357=FACE_BOUND('',#7622,.T.);
#8358=FACE_BOUND('',#7623,.T.);
#8359=FACE_BOUND('',#7624,.T.);
#8360=FACE_BOUND('',#7625,.T.);
#8361=FACE_BOUND('',#7626,.T.);
#8362=FACE_BOUND('',#7627,.T.);
#8363=FACE_BOUND('',#7628,.T.);
#8364=FACE_BOUND('',#7629,.T.);
#8365=FACE_BOUND('',#7630,.T.);
#8366=FACE_BOUND('',#7631,.T.);
#8367=FACE_BOUND('',#7632,.T.);
#8368=FACE_BOUND('',#7633,.T.);
#8369=FACE_BOUND('',#7634,.T.);
#8370=FACE_BOUND('',#7635,.T.);
#8371=FACE_BOUND('',#7636,.T.);
#8372=FACE_BOUND('',#7637,.T.);
#8373=FACE_BOUND('',#7638,.T.);
#8374=FACE_BOUND('',#7639,.T.);
#8375=FACE_BOUND('',#7640,.T.);
#8376=FACE_BOUND('',#7641,.T.);
#8377=FACE_BOUND('',#7642,.T.);
#8378=FACE_BOUND('',#7643,.T.);
#8379=FACE_BOUND('',#7644,.T.);
#8380=FACE_BOUND('',#7645,.T.);
#8381=FACE_BOUND('',#7646,.T.);
#8382=FACE_BOUND('',#7647,.T.);
#8383=FACE_BOUND('',#7648,.T.);
#8384=FACE_BOUND('',#7649,.T.);
#8385=FACE_BOUND('',#7650,.T.);
#8386=FACE_BOUND('',#7651,.T.);
#8387=FACE_BOUND('',#7652,.T.);
#8388=FACE_BOUND('',#7653,.T.);
#8389=FACE_BOUND('',#7654,.T.);
#8390=FACE_BOUND('',#7655,.T.);
#8391=FACE_BOUND('',#7656,.T.);
#8392=FACE_BOUND('',#7657,.T.);
#8393=FACE_BOUND('',#7658,.T.);
#8394=FACE_BOUND('',#7659,.T.);
#8395=FACE_BOUND('',#7660,.T.);
#8396=FACE_BOUND('',#7661,.T.);
#8397=FACE_BOUND('',#7662,.T.);
#8398=FACE_BOUND('',#7663,.T.);
#8399=FACE_BOUND('',#7664,.T.);
#8400=FACE_BOUND('',#7665,.T.);
#8401=FACE_BOUND('',#7666,.T.);
#8402=FACE_BOUND('',#7667,.T.);
#8403=FACE_BOUND('',#7668,.T.);
#8404=FACE_BOUND('',#7669,.T.);
#8405=FACE_BOUND('',#7670,.T.);
#8406=FACE_BOUND('',#7671,.T.);
#8407=FACE_BOUND('',#7672,.T.);
#8408=FACE_BOUND('',#7673,.T.);
#8409=FACE_BOUND('',#7674,.T.);
#8410=FACE_BOUND('',#7675,.T.);
#8411=FACE_BOUND('',#7676,.T.);
#8412=FACE_BOUND('',#7677,.T.);
#8413=FACE_BOUND('',#7678,.T.);
#8414=FACE_BOUND('',#7679,.T.);
#8415=FACE_BOUND('',#7680,.T.);
#8416=FACE_BOUND('',#7681,.T.);
#8417=FACE_BOUND('',#7682,.T.);
#8418=FACE_BOUND('',#7683,.T.);
#8419=FACE_BOUND('',#7684,.T.);
#8420=FACE_BOUND('',#7685,.T.);
#8421=FACE_BOUND('',#7686,.T.);
#8422=FACE_BOUND('',#7687,.T.);
#8423=FACE_BOUND('',#7688,.T.);
#8424=FACE_BOUND('',#7689,.T.);
#8425=FACE_BOUND('',#7690,.T.);
#8426=FACE_BOUND('',#7691,.T.);
#8427=FACE_BOUND('',#7692,.T.);
#8428=FACE_BOUND('',#7693,.T.);
#8429=FACE_BOUND('',#7694,.T.);
#8430=FACE_BOUND('',#7695,.T.);
#8431=FACE_BOUND('',#7696,.T.);
#8432=FACE_BOUND('',#7697,.T.);
#8433=FACE_BOUND('',#7698,.T.);
#8434=FACE_BOUND('',#7699,.T.);
#8435=FACE_BOUND('',#7700,.T.);
#8436=FACE_BOUND('',#7701,.T.);
#8437=FACE_BOUND('',#7702,.T.);
#8438=FACE_BOUND('',#7703,.T.);
#8439=FACE_BOUND('',#7704,.T.);
#8440=FACE_BOUND('',#7705,.T.);
#8441=FACE_BOUND('',#7706,.T.);
#8442=FACE_BOUND('',#7707,.T.);
#8443=FACE_BOUND('',#7708,.T.);
#8444=FACE_BOUND('',#7709,.T.);
#8445=FACE_BOUND('',#7710,.T.);
#8446=FACE_BOUND('',#7711,.T.);
#8447=FACE_BOUND('',#7712,.T.);
#8448=FACE_BOUND('',#7713,.T.);
#8449=FACE_BOUND('',#7714,.T.);
#8450=FACE_BOUND('',#7715,.T.);
#8451=FACE_BOUND('',#7716,.T.);
#8452=FACE_BOUND('',#7717,.T.);
#8453=FACE_BOUND('',#7718,.T.);
#8454=FACE_BOUND('',#7719,.T.);
#8455=FACE_BOUND('',#7720,.T.);
#8456=FACE_BOUND('',#7721,.T.);
#8457=FACE_BOUND('',#7722,.T.);
#8458=FACE_BOUND('',#7723,.T.);
#8459=FACE_BOUND('',#7724,.T.);
#8460=FACE_BOUND('',#7725,.T.);
#8461=FACE_BOUND('',#7726,.T.);
#8462=FACE_BOUND('',#7727,.T.);
#8463=FACE_BOUND('',#7728,.T.);
#8464=FACE_BOUND('',#7729,.T.);
#8465=FACE_BOUND('',#7730,.T.);
#8466=FACE_BOUND('',#7731,.T.);
#8467=FACE_BOUND('',#7732,.T.);
#8468=FACE_BOUND('',#7733,.T.);
#8469=FACE_BOUND('',#7734,.T.);
#8470=FACE_BOUND('',#7735,.T.);
#8471=FACE_BOUND('',#7736,.T.);
#8472=FACE_BOUND('',#7737,.T.);
#8473=FACE_BOUND('',#7738,.T.);
#8474=FACE_BOUND('',#7739,.T.);
#8475=FACE_BOUND('',#7740,.T.);
#8476=FACE_BOUND('',#7741,.T.);
#8477=FACE_BOUND('',#7742,.T.);
#8478=FACE_BOUND('',#7743,.T.);
#8479=FACE_BOUND('',#7744,.T.);
#8480=FACE_BOUND('',#7745,.T.);
#8481=FACE_BOUND('',#7746,.T.);
#8482=FACE_BOUND('',#7747,.T.);
#8483=FACE_BOUND('',#7748,.T.);
#8484=FACE_BOUND('',#7749,.T.);
#8485=FACE_BOUND('',#7750,.T.);
#8486=FACE_BOUND('',#7751,.T.);
#8487=FACE_BOUND('',#7752,.T.);
#8488=FACE_BOUND('',#7753,.T.);
#8489=FACE_BOUND('',#7754,.T.);
#8490=FACE_BOUND('',#7755,.T.);
#8491=FACE_BOUND('',#7756,.T.);
#8492=FACE_BOUND('',#7757,.T.);
#8493=FACE_BOUND('',#7758,.T.);
#8494=FACE_BOUND('',#7759,.T.);
#8495=FACE_BOUND('',#7760,.T.);
#8496=FACE_BOUND('',#7761,.T.);
#8497=FACE_BOUND('',#7762,.T.);
#8498=FACE_BOUND('',#7763,.T.);
#8499=FACE_BOUND('',#7764,.T.);
#8500=FACE_BOUND('',#7765,.T.);
#8501=FACE_BOUND('',#7766,.T.);
#8502=FACE_BOUND('',#7767,.T.);
#8503=FACE_BOUND('',#7768,.T.);
#8504=FACE_BOUND('',#7769,.T.);
#8505=FACE_BOUND('',#7770,.T.);
#8506=FACE_BOUND('',#7771,.T.);
#8507=FACE_BOUND('',#7772,.T.);
#8508=FACE_BOUND('',#7773,.T.);
#8509=FACE_BOUND('',#7774,.T.);
#8510=FACE_BOUND('',#7775,.T.);
#8511=FACE_BOUND('',#7776,.T.);
#8512=FACE_BOUND('',#7777,.T.);
#8513=FACE_BOUND('',#7778,.T.);
#8514=FACE_BOUND('',#7779,.T.);
#8515=FACE_BOUND('',#7780,.T.);
#8516=FACE_BOUND('',#7781,.T.);
#8517=FACE_BOUND('',#7782,.T.);
#8518=FACE_BOUND('',#7783,.T.);
#8519=FACE_BOUND('',#7784,.T.);
#8520=FACE_BOUND('',#7785,.T.);
#8521=FACE_BOUND('',#7786,.T.);
#8522=FACE_BOUND('',#7787,.T.);
#8523=FACE_BOUND('',#7788,.T.);
#8524=FACE_BOUND('',#7789,.T.);
#8525=FACE_BOUND('',#7790,.T.);
#8526=FACE_BOUND('',#7791,.T.);
#8527=FACE_BOUND('',#7792,.T.);
#8528=FACE_BOUND('',#7793,.T.);
#8529=FACE_BOUND('',#7794,.T.);
#8530=FACE_BOUND('',#7795,.T.);
#8531=FACE_BOUND('',#7796,.T.);
#8532=FACE_BOUND('',#7797,.T.);
#8533=FACE_BOUND('',#7798,.T.);
#8534=FACE_BOUND('',#7799,.T.);
#8535=FACE_BOUND('',#7800,.T.);
#8536=FACE_BOUND('',#7801,.T.);
#8537=FACE_BOUND('',#7802,.T.);
#8538=FACE_BOUND('',#7803,.T.);
#8539=FACE_BOUND('',#7804,.T.);
#8540=FACE_BOUND('',#7805,.T.);
#8541=FACE_BOUND('',#7806,.T.);
#8542=FACE_BOUND('',#7807,.T.);
#8543=FACE_BOUND('',#7808,.T.);
#8544=FACE_BOUND('',#7809,.T.);
#8545=FACE_BOUND('',#7810,.T.);
#8546=FACE_BOUND('',#7811,.T.);
#8547=FACE_BOUND('',#7812,.T.);
#8548=FACE_BOUND('',#7813,.T.);
#8549=FACE_BOUND('',#7814,.T.);
#8550=FACE_BOUND('',#7815,.T.);
#8551=FACE_BOUND('',#7816,.T.);
#8552=FACE_BOUND('',#7817,.T.);
#8553=FACE_BOUND('',#7818,.T.);
#8554=FACE_BOUND('',#7819,.T.);
#8555=FACE_BOUND('',#7820,.T.);
#8556=FACE_BOUND('',#7821,.T.);
#8557=FACE_BOUND('',#7822,.T.);
#8558=FACE_BOUND('',#7823,.T.);
#8559=FACE_BOUND('',#7824,.T.);
#8560=FACE_BOUND('',#7825,.T.);
#8561=FACE_BOUND('',#7826,.T.);
#8562=FACE_BOUND('',#7827,.T.);
#8563=FACE_BOUND('',#7828,.T.);
#8564=FACE_BOUND('',#7829,.T.);
#8565=FACE_BOUND('',#7830,.T.);
#8566=FACE_BOUND('',#7831,.T.);
#8567=FACE_BOUND('',#7832,.T.);
#8568=FACE_BOUND('',#7833,.T.);
#8569=FACE_BOUND('',#7834,.T.);
#8570=FACE_BOUND('',#7835,.T.);
#8571=FACE_BOUND('',#7836,.T.);
#8572=FACE_BOUND('',#7837,.T.);
#8573=FACE_BOUND('',#7838,.T.);
#8574=FACE_BOUND('',#7839,.T.);
#8575=FACE_BOUND('',#7840,.T.);
#8576=FACE_BOUND('',#7841,.T.);
#8577=FACE_BOUND('',#7842,.T.);
#8578=FACE_BOUND('',#7843,.T.);
#8579=FACE_BOUND('',#7844,.T.);
#8580=FACE_BOUND('',#7845,.T.);
#8581=FACE_BOUND('',#7846,.T.);
#8582=FACE_BOUND('',#7847,.T.);
#8583=FACE_BOUND('',#7848,.T.);
#8584=FACE_BOUND('',#7849,.T.);
#8585=FACE_BOUND('',#7850,.T.);
#8586=FACE_BOUND('',#7851,.T.);
#8587=FACE_BOUND('',#7852,.T.);
#8588=FACE_BOUND('',#7853,.T.);
#8589=FACE_BOUND('',#7854,.T.);
#8590=FACE_BOUND('',#7855,.T.);
#8591=FACE_BOUND('',#7856,.T.);
#8592=FACE_BOUND('',#7857,.T.);
#8593=FACE_BOUND('',#7858,.T.);
#8594=FACE_BOUND('',#7859,.T.);
#8595=FACE_BOUND('',#7860,.T.);
#8596=FACE_BOUND('',#7861,.T.);
#8597=FACE_BOUND('',#7862,.T.);
#8598=FACE_BOUND('',#7863,.T.);
#8599=FACE_BOUND('',#7864,.T.);
#8600=FACE_BOUND('',#7865,.T.);
#8601=FACE_BOUND('',#7866,.T.);
#8602=FACE_BOUND('',#7867,.T.);
#8603=FACE_BOUND('',#7868,.T.);
#8604=FACE_BOUND('',#7869,.T.);
#8605=FACE_BOUND('',#7870,.T.);
#8606=FACE_BOUND('',#7871,.T.);
#8607=FACE_BOUND('',#7872,.T.);
#8608=FACE_BOUND('',#7873,.T.);
#8609=FACE_BOUND('',#7874,.T.);
#8610=FACE_BOUND('',#7875,.T.);
#8611=FACE_BOUND('',#7876,.T.);
#8612=FACE_BOUND('',#7877,.T.);
#8613=FACE_BOUND('',#7878,.T.);
#8614=FACE_BOUND('',#7879,.T.);
#8615=FACE_BOUND('',#7880,.T.);
#8616=FACE_BOUND('',#7881,.T.);
#8617=FACE_BOUND('',#7882,.T.);
#8618=FACE_BOUND('',#7883,.T.);
#8619=FACE_BOUND('',#7884,.T.);
#8620=FACE_BOUND('',#7885,.T.);
#8621=FACE_BOUND('',#7886,.T.);
#8622=FACE_BOUND('',#7887,.T.);
#8623=FACE_BOUND('',#7888,.T.);
#8624=FACE_BOUND('',#7889,.T.);
#8625=FACE_BOUND('',#7890,.T.);
#8626=FACE_BOUND('',#7891,.T.);
#8627=FACE_BOUND('',#7892,.T.);
#8628=FACE_BOUND('',#7893,.T.);
#8629=FACE_BOUND('',#7894,.T.);
#8630=FACE_BOUND('',#7895,.T.);
#8631=FACE_BOUND('',#7896,.T.);
#8632=FACE_BOUND('',#7897,.T.);
#8633=FACE_BOUND('',#7898,.T.);
#8634=FACE_BOUND('',#7899,.T.);
#8635=FACE_BOUND('',#7900,.T.);
#8636=FACE_BOUND('',#7901,.T.);
#8637=FACE_BOUND('',#7902,.T.);
#8638=FACE_BOUND('',#7903,.T.);
#8639=FACE_BOUND('',#7904,.T.);
#8640=FACE_BOUND('',#7905,.T.);
#8641=FACE_BOUND('',#7906,.T.);
#8642=FACE_BOUND('',#7907,.T.);
#8643=FACE_BOUND('',#7908,.T.);
#8644=FACE_BOUND('',#7909,.T.);
#8645=FACE_BOUND('',#7910,.T.);
#8646=FACE_BOUND('',#7911,.T.);
#8647=FACE_BOUND('',#7912,.T.);
#8648=FACE_BOUND('',#7913,.T.);
#8649=FACE_BOUND('',#7914,.T.);
#8650=FACE_BOUND('',#7915,.T.);
#8651=FACE_BOUND('',#7916,.T.);
#8652=FACE_BOUND('',#7917,.T.);
#8653=FACE_BOUND('',#7918,.T.);
#8654=FACE_BOUND('',#7919,.T.);
#8655=FACE_BOUND('',#7920,.T.);
#8656=FACE_BOUND('',#7921,.T.);
#8657=FACE_BOUND('',#7922,.T.);
#8658=FACE_BOUND('',#7923,.T.);
#8659=FACE_BOUND('',#7924,.T.);
#8660=FACE_BOUND('',#7925,.T.);
#8661=FACE_BOUND('',#7926,.T.);
#8662=FACE_BOUND('',#7927,.T.);
#8663=FACE_BOUND('',#7928,.T.);
#8664=FACE_BOUND('',#7929,.T.);
#8665=FACE_BOUND('',#7930,.T.);
#8666=FACE_BOUND('',#7931,.T.);
#8667=FACE_BOUND('',#7932,.T.);
#8668=FACE_BOUND('',#7933,.T.);
#8669=FACE_BOUND('',#7934,.T.);
#8670=FACE_BOUND('',#7935,.T.);
#8671=FACE_BOUND('',#7936,.T.);
#8672=FACE_BOUND('',#7937,.T.);
#8673=FACE_BOUND('',#7938,.T.);
#8674=FACE_BOUND('',#7939,.T.);
#8675=FACE_BOUND('',#7940,.T.);
#8676=FACE_BOUND('',#7941,.T.);
#8677=FACE_BOUND('',#7942,.T.);
#8678=FACE_BOUND('',#7943,.T.);
#8679=FACE_BOUND('',#7944,.T.);
#8680=FACE_BOUND('',#7945,.T.);
#8681=FACE_BOUND('',#7946,.T.);
#8682=FACE_BOUND('',#7947,.T.);
#8683=FACE_BOUND('',#7948,.T.);
#8684=FACE_BOUND('',#7949,.T.);
#8685=FACE_BOUND('',#7950,.T.);
#8686=FACE_BOUND('',#7951,.T.);
#8687=FACE_BOUND('',#7952,.T.);
#8688=FACE_BOUND('',#7953,.T.);
#8689=FACE_BOUND('',#7954,.T.);
#8690=FACE_BOUND('',#7955,.T.);
#8691=FACE_BOUND('',#7956,.T.);
#8692=FACE_BOUND('',#7957,.T.);
#8693=FACE_BOUND('',#7958,.T.);
#8694=FACE_BOUND('',#7959,.T.);
#8695=FACE_BOUND('',#7960,.T.);
#8696=FACE_BOUND('',#7961,.T.);
#8697=FACE_BOUND('',#7962,.T.);
#8698=FACE_BOUND('',#7963,.T.);
#8699=FACE_BOUND('',#7964,.T.);
#8700=FACE_BOUND('',#7965,.T.);
#8701=FACE_BOUND('',#7966,.T.);
#8702=FACE_BOUND('',#7967,.T.);
#8703=FACE_BOUND('',#7968,.T.);
#8704=FACE_BOUND('',#7969,.T.);
#8705=FACE_BOUND('',#7970,.T.);
#8706=FACE_BOUND('',#7971,.T.);
#8707=FACE_BOUND('',#7972,.T.);
#8708=FACE_BOUND('',#7973,.T.);
#8709=FACE_BOUND('',#7974,.T.);
#8710=FACE_BOUND('',#7975,.T.);
#8711=FACE_BOUND('',#7976,.T.);
#8712=FACE_BOUND('',#7977,.T.);
#8713=FACE_BOUND('',#7978,.T.);
#8714=FACE_BOUND('',#7979,.T.);
#8715=FACE_BOUND('',#7980,.T.);
#8716=FACE_BOUND('',#7981,.T.);
#8717=FACE_BOUND('',#7982,.T.);
#8718=FACE_BOUND('',#7983,.T.);
#8719=FACE_BOUND('',#7984,.T.);
#8720=FACE_BOUND('',#7985,.T.);
#8721=FACE_BOUND('',#7986,.T.);
#8722=FACE_BOUND('',#7987,.T.);
#8723=FACE_BOUND('',#7988,.T.);
#8724=FACE_BOUND('',#7989,.T.);
#8725=FACE_BOUND('',#7990,.T.);
#8726=FACE_BOUND('',#7991,.T.);
#8727=FACE_BOUND('',#7992,.T.);
#8728=FACE_BOUND('',#7993,.T.);
#8729=FACE_BOUND('',#7994,.T.);
#8730=FACE_BOUND('',#7995,.T.);
#8731=FACE_BOUND('',#7996,.T.);
#8732=FACE_BOUND('',#7997,.T.);
#8733=FACE_BOUND('',#7998,.T.);
#8734=FACE_BOUND('',#7999,.T.);
#8735=FACE_BOUND('',#8000,.T.);
#8736=FACE_BOUND('',#8001,.T.);
#8737=FACE_BOUND('',#8002,.T.);
#8738=FACE_BOUND('',#8003,.T.);
#8739=FACE_BOUND('',#8004,.T.);
#8740=FACE_BOUND('',#8005,.T.);
#8741=FACE_BOUND('',#8006,.T.);
#8742=FACE_BOUND('',#8007,.T.);
#8743=FACE_BOUND('',#8008,.T.);
#8744=FACE_BOUND('',#8009,.T.);
#8745=FACE_BOUND('',#8010,.T.);
#8746=FACE_BOUND('',#8011,.T.);
#8747=FACE_BOUND('',#8012,.T.);
#8748=FACE_BOUND('',#8013,.T.);
#8749=FACE_BOUND('',#8014,.T.);
#8750=FACE_BOUND('',#8015,.T.);
#8751=FACE_BOUND('',#8016,.T.);
#8752=FACE_BOUND('',#8017,.T.);
#8753=FACE_BOUND('',#8018,.T.);
#8754=FACE_BOUND('',#8019,.T.);
#8755=FACE_BOUND('',#8020,.T.);
#8756=FACE_BOUND('',#8021,.T.);
#8757=FACE_BOUND('',#8022,.T.);
#8758=FACE_BOUND('',#8023,.T.);
#8759=FACE_BOUND('',#8024,.T.);
#8760=FACE_BOUND('',#8025,.T.);
#8761=FACE_BOUND('',#8026,.T.);
#8762=FACE_BOUND('',#8027,.T.);
#8763=FACE_BOUND('',#8028,.T.);
#8764=FACE_BOUND('',#8029,.T.);
#8765=FACE_BOUND('',#8030,.T.);
#8766=FACE_BOUND('',#8031,.T.);
#8767=FACE_BOUND('',#8032,.T.);
#8768=FACE_BOUND('',#8033,.T.);
#8769=FACE_BOUND('',#8034,.T.);
#8770=FACE_BOUND('',#8035,.T.);
#8771=FACE_BOUND('',#8036,.T.);
#8772=FACE_BOUND('',#8037,.T.);
#8773=FACE_BOUND('',#8038,.T.);
#8774=FACE_BOUND('',#8039,.T.);
#8775=FACE_BOUND('',#8040,.T.);
#8776=FACE_BOUND('',#8041,.T.);
#8777=FACE_BOUND('',#8042,.T.);
#8778=FACE_BOUND('',#8043,.T.);
#8779=FACE_BOUND('',#8044,.T.);
#8780=FACE_BOUND('',#8045,.T.);
#8781=FACE_BOUND('',#8046,.T.);
#8782=FACE_BOUND('',#8047,.T.);
#8783=FACE_BOUND('',#8048,.T.);
#8784=FACE_BOUND('',#8049,.T.);
#8785=FACE_BOUND('',#8050,.T.);
#8786=FACE_BOUND('',#8051,.T.);
#8787=FACE_BOUND('',#8052,.T.);
#8788=FACE_BOUND('',#8053,.T.);
#8789=FACE_BOUND('',#8054,.T.);
#8790=FACE_BOUND('',#8055,.T.);
#8791=FACE_BOUND('',#8056,.T.);
#8792=FACE_BOUND('',#8057,.T.);
#8793=FACE_BOUND('',#8058,.T.);
#8794=FACE_BOUND('',#8059,.T.);
#8795=FACE_BOUND('',#8060,.T.);
#8796=FACE_BOUND('',#8061,.T.);
#8797=FACE_BOUND('',#8062,.T.);
#8798=FACE_BOUND('',#8063,.T.);
#8799=FACE_BOUND('',#8064,.T.);
#8800=FACE_BOUND('',#8065,.T.);
#8801=FACE_BOUND('',#8066,.T.);
#8802=PLANE('',#9639);
#8803=PLANE('',#9688);
#8804=PLANE('',#9708);
#8805=PLANE('',#9709);
#8806=PLANE('',#9710);
#8807=PLANE('',#9711);
#8808=PLANE('',#9712);
#8809=PLANE('',#9723);
#8810=PLANE('',#9725);
#8811=PLANE('',#9727);
#8812=PLANE('',#9728);
#8813=PLANE('',#9731);
#8814=PLANE('',#9733);
#8815=PLANE('',#9735);
#8816=PLANE('',#9736);
#8817=PLANE('',#9746);
#8818=PLANE('',#9747);
#8819=PLANE('',#9748);
#8820=PLANE('',#9749);
#8821=PLANE('',#9750);
#8822=PLANE('',#9751);
#8823=PLANE('',#9752);
#8824=PLANE('',#9753);
#8825=PLANE('',#9754);
#8826=PLANE('',#9755);
#8827=PLANE('',#9760);
#8828=PLANE('',#9763);
#8829=PLANE('',#9766);
#8830=PLANE('',#9769);
#8831=PLANE('',#9772);
#8832=PLANE('',#9775);
#8833=PLANE('',#9776);
#8834=PLANE('',#9777);
#8835=PLANE('',#9786);
#8836=PLANE('',#9788);
#8837=PLANE('',#9789);
#8838=PLANE('',#9790);
#8839=PLANE('',#9793);
#8840=PLANE('',#9796);
#8841=PLANE('',#9797);
#8842=PLANE('',#9799);
#8843=PLANE('',#9800);
#8844=PLANE('',#9802);
#8845=PLANE('',#9803);
#8846=PLANE('',#9804);
#8847=PLANE('',#9805);
#8848=PLANE('',#9806);
#8849=PLANE('',#9809);
#8850=PLANE('',#9811);
#8851=PLANE('',#9812);
#8852=PLANE('',#9814);
#8853=PLANE('',#9815);
#8854=PLANE('',#9818);
#8855=PLANE('',#9819);
#8856=PLANE('',#9828);
#8857=PLANE('',#9830);
#8858=PLANE('',#9831);
#8859=PLANE('',#9834);
#8860=PLANE('',#9837);
#8861=PLANE('',#9838);
#8862=PLANE('',#9839);
#8863=PLANE('',#9841);
#8864=PLANE('',#9843);
#8865=PLANE('',#9844);
#8866=PLANE('',#9845);
#8867=PLANE('',#9846);
#8868=PLANE('',#9847);
#8869=PLANE('',#9848);
#8870=PLANE('',#9851);
#8871=PLANE('',#9852);
#8872=PLANE('',#9854);
#8873=PLANE('',#9856);
#8874=PLANE('',#9857);
#8875=PLANE('',#9860);
#8876=PLANE('',#9861);
#8877=PLANE('',#9862);
#8878=PLANE('',#9863);
#8879=PLANE('',#9872);
#8880=PLANE('',#9876);
#8881=PLANE('',#9878);
#8882=PLANE('',#9879);
#8883=PLANE('',#9881);
#8884=PLANE('',#9883);
#8885=PLANE('',#9884);
#8886=PLANE('',#9885);
#8887=PLANE('',#9888);
#8888=PLANE('',#9890);
#8889=PLANE('',#9891);
#8890=PLANE('',#9893);
#8891=PLANE('',#9894);
#8892=PLANE('',#9895);
#8893=PLANE('',#9896);
#8894=PLANE('',#9897);
#8895=PLANE('',#9898);
#8896=PLANE('',#9911);
#8897=PLANE('',#9914);
#8898=PLANE('',#9916);
#8899=PLANE('',#9917);
#8900=PLANE('',#9920);
#8901=PLANE('',#9921);
#8902=PLANE('',#9924);
#8903=PLANE('',#9925);
#8904=PLANE('',#9926);
#8905=PLANE('',#9927);
#8906=PLANE('',#9929);
#8907=PLANE('',#9931);
#8908=PLANE('',#9932);
#8909=PLANE('',#9935);
#8910=PLANE('',#9936);
#8911=PLANE('',#9939);
#8912=PLANE('',#9940);
#8913=PLANE('',#9941);
#8914=PLANE('',#9943);
#8915=PLANE('',#9945);
#8916=PLANE('',#9946);
#8917=PLANE('',#9948);
#8918=PLANE('',#9949);
#8919=PLANE('',#9950);
#8920=PLANE('',#9953);
#8921=PLANE('',#9954);
#8922=PLANE('',#9955);
#8923=PLANE('',#9956);
#8924=PLANE('',#9958);
#8925=PLANE('',#9959);
#8926=PLANE('',#9961);
#8927=PLANE('',#9962);
#8928=PLANE('',#9963);
#8929=PLANE('',#9964);
#8930=PLANE('',#9965);
#8931=PLANE('',#9974);
#8932=PLANE('',#9977);
#8933=PLANE('',#9978);
#8934=PLANE('',#9981);
#8935=PLANE('',#9982);
#8936=PLANE('',#9984);
#8937=PLANE('',#9986);
#8938=PLANE('',#9987);
#8939=PLANE('',#9988);
#8940=PLANE('',#9989);
#8941=PLANE('',#9990);
#8942=PLANE('',#9993);
#8943=PLANE('',#9995);
#8944=PLANE('',#9996);
#8945=PLANE('',#9998);
#8946=PLANE('',#9999);
#8947=PLANE('',#10004);
#8948=PLANE('',#10005);
#8949=PLANE('',#10008);
#8950=PLANE('',#10010);
#8951=PLANE('',#10011);
#8952=PLANE('',#10012);
#8953=PLANE('',#10013);
#8954=PLANE('',#10014);
#8955=PLANE('',#10016);
#8956=PLANE('',#10017);
#8957=PLANE('',#10022);
#8958=PLANE('',#10023);
#8959=PLANE('',#10026);
#8960=PLANE('',#10028);
#8961=PLANE('',#10029);
#8962=PLANE('',#10031);
#8963=PLANE('',#10032);
#8964=PLANE('',#10033);
#8965=PLANE('',#10034);
#8966=PLANE('',#10035);
#8967=PLANE('',#10036);
#8968=PLANE('',#10037);
#8969=PLANE('',#10038);
#8970=PLANE('',#10039);
#8971=PLANE('',#10042);
#8972=PLANE('',#10043);
#8973=PLANE('',#10044);
#8974=PLANE('',#10045);
#8975=PLANE('',#10047);
#8976=PLANE('',#10048);
#8977=PLANE('',#10050);
#8978=PLANE('',#10051);
#8979=PLANE('',#10052);
#8980=PLANE('',#10053);
#8981=PLANE('',#10054);
#8982=PLANE('',#10059);
#8983=PLANE('',#10061);
#8984=PLANE('',#10062);
#8985=PLANE('',#10063);
#8986=PLANE('',#10064);
#8987=PLANE('',#10065);
#8988=PLANE('',#10068);
#8989=PLANE('',#10069);
#8990=PLANE('',#10070);
#8991=PLANE('',#10072);
#8992=PLANE('',#10074);
#8993=PLANE('',#10075);
#8994=PLANE('',#10078);
#8995=PLANE('',#10081);
#8996=PLANE('',#10082);
#8997=PLANE('',#10083);
#8998=PLANE('',#10084);
#8999=PLANE('',#10086);
#9000=PLANE('',#10087);
#9001=PLANE('',#10089);
#9002=PLANE('',#10090);
#9003=PLANE('',#10091);
#9004=PLANE('',#10092);
#9005=PLANE('',#10095);
#9006=PLANE('',#10098);
#9007=PLANE('',#10099);
#9008=PLANE('',#10100);
#9009=PLANE('',#10101);
#9010=PLANE('',#10103);
#9011=PLANE('',#10104);
#9012=PLANE('',#10106);
#9013=PLANE('',#10107);
#9014=PLANE('',#10108);
#9015=PLANE('',#10109);
#9016=PLANE('',#10110);
#9017=PLANE('',#10111);
#9018=PLANE('',#10112);
#9019=PLANE('',#10113);
#9020=PLANE('',#10114);
#9021=PLANE('',#10115);
#9022=PLANE('',#10119);
#9023=PLANE('',#10120);
#9024=PLANE('',#10124);
#9025=PLANE('',#10125);
#9026=PLANE('',#10129);
#9027=PLANE('',#10130);
#9028=PLANE('',#10134);
#9029=PLANE('',#10135);
#9030=PLANE('',#10139);
#9031=PLANE('',#10140);
#9032=PLANE('',#10144);
#9033=PLANE('',#10145);
#9034=PLANE('',#10147);
#9035=PLANE('',#10148);
#9036=PLANE('',#10175);
#9037=PLANE('',#10196);
#9038=PLANE('',#10205);
#9039=PLANE('',#10206);
#9040=PLANE('',#10207);
#9041=PLANE('',#10208);
#9042=PLANE('',#10209);
#9043=PLANE('',#10248);
#9044=PLANE('',#10249);
#9045=PLANE('',#10250);
#9046=PLANE('',#10257);
#9047=PLANE('',#10261);
#9048=PLANE('',#10265);
#9049=PLANE('',#10269);
#9050=PLANE('',#10273);
#9051=PLANE('',#10307);
#9052=PLANE('',#10308);
#9053=PLANE('',#10309);
#9054=PLANE('',#10310);
#9055=PLANE('',#10311);
#9056=PLANE('',#10312);
#9057=PLANE('',#10313);
#9058=PLANE('',#10314);
#9059=PLANE('',#10315);
#9060=PLANE('',#10316);
#9061=PLANE('',#10317);
#9062=PLANE('',#10318);
#9063=PLANE('',#10319);
#9064=PLANE('',#10320);
#9065=PLANE('',#10325);
#9066=PLANE('',#10328);
#9067=PLANE('',#10331);
#9068=PLANE('',#10334);
#9069=PLANE('',#10337);
#9070=PLANE('',#10340);
#9071=PLANE('',#10343);
#9072=PLANE('',#10346);
#9073=PLANE('',#10349);
#9074=PLANE('',#10352);
#9075=ADVANCED_FACE('',(#8067,#8068,#8069,#8070,#8071,#8072,#8073,#8074,
#8075,#8076,#8077,#8078,#8079,#8080,#8081,#8082,#8083,#8084,#8085),#8802,
 .F.);
#9076=ADVANCED_FACE('',(#8086,#8087,#8088,#8089,#8090,#8091,#8092,#8093,
#8094,#8095,#8096,#8097,#8098,#8099,#8100),#8803,.T.);
#9077=ADVANCED_FACE('',(#8101),#8804,.F.);
#9078=ADVANCED_FACE('',(#8102),#8805,.F.);
#9079=ADVANCED_FACE('',(#8103),#8806,.F.);
#9080=ADVANCED_FACE('',(#8104,#8105),#8807,.T.);
#9081=ADVANCED_FACE('',(#8106,#8107),#8808,.T.);
#9082=ADVANCED_FACE('',(#8108),#137,.T.);
#9083=ADVANCED_FACE('',(#8109),#138,.T.);
#9084=ADVANCED_FACE('',(#8110),#8809,.F.);
#9085=ADVANCED_FACE('',(#8111),#139,.T.);
#9086=ADVANCED_FACE('',(#8112),#8810,.F.);
#9087=ADVANCED_FACE('',(#8113),#140,.T.);
#9088=ADVANCED_FACE('',(#8114),#8811,.F.);
#9089=ADVANCED_FACE('',(#8115),#8812,.F.);
#9090=ADVANCED_FACE('',(#8116),#141,.F.);
#9091=ADVANCED_FACE('',(#8117),#142,.F.);
#9092=ADVANCED_FACE('',(#8118),#8813,.T.);
#9093=ADVANCED_FACE('',(#8119),#143,.F.);
#9094=ADVANCED_FACE('',(#8120),#8814,.T.);
#9095=ADVANCED_FACE('',(#8121),#144,.F.);
#9096=ADVANCED_FACE('',(#8122),#8815,.T.);
#9097=ADVANCED_FACE('',(#8123),#8816,.T.);
#9098=ADVANCED_FACE('',(#8124,#8125),#145,.F.);
#9099=ADVANCED_FACE('',(#8126,#8127),#146,.F.);
#9100=ADVANCED_FACE('',(#8128,#8129),#147,.F.);
#9101=ADVANCED_FACE('',(#8130,#8131),#148,.F.);
#9102=ADVANCED_FACE('',(#8132,#8133),#149,.F.);
#9103=ADVANCED_FACE('',(#8134,#8135),#150,.F.);
#9104=ADVANCED_FACE('',(#8136,#8137),#151,.F.);
#9105=ADVANCED_FACE('',(#8138,#8139),#152,.F.);
#9106=ADVANCED_FACE('',(#8140,#8141),#153,.F.);
#9107=ADVANCED_FACE('',(#8142),#8817,.T.);
#9108=ADVANCED_FACE('',(#8143),#8818,.T.);
#9109=ADVANCED_FACE('',(#8144),#8819,.T.);
#9110=ADVANCED_FACE('',(#8145),#8820,.T.);
#9111=ADVANCED_FACE('',(#8146),#8821,.F.);
#9112=ADVANCED_FACE('',(#8147),#8822,.T.);
#9113=ADVANCED_FACE('',(#8148),#8823,.T.);
#9114=ADVANCED_FACE('',(#8149),#8824,.T.);
#9115=ADVANCED_FACE('',(#8150),#8825,.T.);
#9116=ADVANCED_FACE('',(#8151,#8152),#8826,.T.);
#9117=ADVANCED_FACE('',(#8153,#8154),#154,.T.);
#9118=ADVANCED_FACE('',(#8155),#8827,.T.);
#9119=ADVANCED_FACE('',(#8156,#8157),#155,.T.);
#9120=ADVANCED_FACE('',(#8158),#8828,.T.);
#9121=ADVANCED_FACE('',(#8159,#8160),#156,.T.);
#9122=ADVANCED_FACE('',(#8161),#8829,.T.);
#9123=ADVANCED_FACE('',(#8162,#8163),#157,.T.);
#9124=ADVANCED_FACE('',(#8164),#8830,.T.);
#9125=ADVANCED_FACE('',(#8165,#8166),#158,.T.);
#9126=ADVANCED_FACE('',(#8167),#8831,.T.);
#9127=ADVANCED_FACE('',(#8168,#8169),#159,.T.);
#9128=ADVANCED_FACE('',(#8170),#8832,.T.);
#9129=ADVANCED_FACE('',(#8171),#8833,.T.);
#9130=ADVANCED_FACE('',(#8172,#8173),#8834,.T.);
#9131=ADVANCED_FACE('',(#8174),#8835,.F.);
#9132=ADVANCED_FACE('',(#8175),#160,.F.);
#9133=ADVANCED_FACE('',(#8176),#8836,.T.);
#9134=ADVANCED_FACE('',(#8177),#21,.F.);
#9135=ADVANCED_FACE('',(#8178),#22,.T.);
#9136=ADVANCED_FACE('',(#8179),#23,.F.);
#9137=ADVANCED_FACE('',(#8180),#24,.T.);
#9138=ADVANCED_FACE('',(#8181),#8837,.F.);
#9139=ADVANCED_FACE('',(#8182),#8838,.T.);
#9140=ADVANCED_FACE('',(#8183),#25,.F.);
#9141=ADVANCED_FACE('',(#8184),#26,.T.);
#9142=ADVANCED_FACE('',(#8185),#161,.F.);
#9143=ADVANCED_FACE('',(#8186),#8839,.T.);
#9144=ADVANCED_FACE('',(#8187),#162,.F.);
#9145=ADVANCED_FACE('',(#8188),#27,.F.);
#9146=ADVANCED_FACE('',(#8189),#28,.T.);
#9147=ADVANCED_FACE('',(#8190),#29,.F.);
#9148=ADVANCED_FACE('',(#8191),#30,.T.);
#9149=ADVANCED_FACE('',(#8192),#8840,.F.);
#9150=ADVANCED_FACE('',(#8193),#8841,.T.);
#9151=ADVANCED_FACE('',(#8194),#31,.T.);
#9152=ADVANCED_FACE('',(#8195),#32,.F.);
#9153=ADVANCED_FACE('',(#8196),#33,.T.);
#9154=ADVANCED_FACE('',(#8197),#34,.F.);
#9155=ADVANCED_FACE('',(#8198),#163,.F.);
#9156=ADVANCED_FACE('',(#8199),#8842,.T.);
#9157=ADVANCED_FACE('',(#8200),#8843,.F.);
#9158=ADVANCED_FACE('',(#8201),#164,.F.);
#9159=ADVANCED_FACE('',(#8202),#35,.T.);
#9160=ADVANCED_FACE('',(#8203),#36,.F.);
#9161=ADVANCED_FACE('',(#8204),#37,.F.);
#9162=ADVANCED_FACE('',(#8205),#38,.T.);
#9163=ADVANCED_FACE('',(#8206),#8844,.F.);
#9164=ADVANCED_FACE('',(#8207),#8845,.T.);
#9165=ADVANCED_FACE('',(#8208),#39,.F.);
#9166=ADVANCED_FACE('',(#8209),#40,.T.);
#9167=ADVANCED_FACE('',(#8210),#41,.F.);
#9168=ADVANCED_FACE('',(#8211),#42,.T.);
#9169=ADVANCED_FACE('',(#8212),#8846,.T.);
#9170=ADVANCED_FACE('',(#8213),#8847,.F.);
#9171=ADVANCED_FACE('',(#8214),#8848,.T.);
#9172=ADVANCED_FACE('',(#8215),#165,.F.);
#9173=ADVANCED_FACE('',(#8216),#8849,.F.);
#9174=ADVANCED_FACE('',(#8217),#166,.F.);
#9175=ADVANCED_FACE('',(#8218),#8850,.T.);
#9176=ADVANCED_FACE('',(#8219),#8851,.F.);
#9177=ADVANCED_FACE('',(#8220),#167,.F.);
#9178=ADVANCED_FACE('',(#8221),#8852,.F.);
#9179=ADVANCED_FACE('',(#8222,#8223),#8853,.F.);
#9180=ADVANCED_FACE('',(#8224),#8854,.T.);
#9181=ADVANCED_FACE('',(#8225,#8226),#8855,.T.);
#9182=ADVANCED_FACE('',(#8227),#8856,.F.);
#9183=ADVANCED_FACE('',(#8228),#168,.F.);
#9184=ADVANCED_FACE('',(#8229),#43,.F.);
#9185=ADVANCED_FACE('',(#8230),#44,.T.);
#9186=ADVANCED_FACE('',(#8231),#45,.F.);
#9187=ADVANCED_FACE('',(#8232),#46,.T.);
#9188=ADVANCED_FACE('',(#8233),#8857,.F.);
#9189=ADVANCED_FACE('',(#8234),#8858,.T.);
#9190=ADVANCED_FACE('',(#8235),#47,.F.);
#9191=ADVANCED_FACE('',(#8236),#48,.T.);
#9192=ADVANCED_FACE('',(#8237),#169,.F.);
#9193=ADVANCED_FACE('',(#8238),#8859,.T.);
#9194=ADVANCED_FACE('',(#8239),#170,.F.);
#9195=ADVANCED_FACE('',(#8240),#49,.F.);
#9196=ADVANCED_FACE('',(#8241),#50,.T.);
#9197=ADVANCED_FACE('',(#8242),#51,.F.);
#9198=ADVANCED_FACE('',(#8243),#52,.T.);
#9199=ADVANCED_FACE('',(#8244),#8860,.T.);
#9200=ADVANCED_FACE('',(#8245),#8861,.F.);
#9201=ADVANCED_FACE('',(#8246),#8862,.T.);
#9202=ADVANCED_FACE('',(#8247),#53,.F.);
#9203=ADVANCED_FACE('',(#8248),#54,.T.);
#9204=ADVANCED_FACE('',(#8249),#55,.T.);
#9205=ADVANCED_FACE('',(#8250),#56,.F.);
#9206=ADVANCED_FACE('',(#8251),#171,.F.);
#9207=ADVANCED_FACE('',(#8252),#8863,.F.);
#9208=ADVANCED_FACE('',(#8253),#172,.F.);
#9209=ADVANCED_FACE('',(#8254),#57,.T.);
#9210=ADVANCED_FACE('',(#8255),#58,.F.);
#9211=ADVANCED_FACE('',(#8256),#59,.F.);
#9212=ADVANCED_FACE('',(#8257),#60,.T.);
#9213=ADVANCED_FACE('',(#8258),#8864,.F.);
#9214=ADVANCED_FACE('',(#8259),#8865,.T.);
#9215=ADVANCED_FACE('',(#8260),#61,.F.);
#9216=ADVANCED_FACE('',(#8261),#62,.T.);
#9217=ADVANCED_FACE('',(#8262),#8866,.T.);
#9218=ADVANCED_FACE('',(#8263),#8867,.T.);
#9219=ADVANCED_FACE('',(#8264),#63,.F.);
#9220=ADVANCED_FACE('',(#8265),#64,.T.);
#9221=ADVANCED_FACE('',(#8266),#8868,.F.);
#9222=ADVANCED_FACE('',(#8267),#8869,.T.);
#9223=ADVANCED_FACE('',(#8268),#173,.F.);
#9224=ADVANCED_FACE('',(#8269),#8870,.T.);
#9225=ADVANCED_FACE('',(#8270),#8871,.F.);
#9226=ADVANCED_FACE('',(#8271),#174,.F.);
#9227=ADVANCED_FACE('',(#8272),#8872,.F.);
#9228=ADVANCED_FACE('',(#8273),#175,.F.);
#9229=ADVANCED_FACE('',(#8274),#8873,.F.);
#9230=ADVANCED_FACE('',(#8275,#8276),#8874,.F.);
#9231=ADVANCED_FACE('',(#8277),#8875,.T.);
#9232=ADVANCED_FACE('',(#8278),#8876,.T.);
#9233=ADVANCED_FACE('',(#8279),#8877,.T.);
#9234=ADVANCED_FACE('',(#8280,#8281),#8878,.T.);
#9235=ADVANCED_FACE('',(#8282),#8879,.F.);
#9236=ADVANCED_FACE('',(#8283),#176,.F.);
#9237=ADVANCED_FACE('',(#8284),#177,.F.);
#9238=ADVANCED_FACE('',(#8285),#8880,.F.);
#9239=ADVANCED_FACE('',(#8286),#178,.F.);
#9240=ADVANCED_FACE('',(#8287),#8881,.T.);
#9241=ADVANCED_FACE('',(#8288),#8882,.F.);
#9242=ADVANCED_FACE('',(#8289),#179,.F.);
#9243=ADVANCED_FACE('',(#8290),#8883,.F.);
#9244=ADVANCED_FACE('',(#8291),#180,.F.);
#9245=ADVANCED_FACE('',(#8292),#8884,.T.);
#9246=ADVANCED_FACE('',(#8293),#8885,.T.);
#9247=ADVANCED_FACE('',(#8294),#8886,.F.);
#9248=ADVANCED_FACE('',(#8295),#181,.F.);
#9249=ADVANCED_FACE('',(#8296),#8887,.F.);
#9250=ADVANCED_FACE('',(#8297),#182,.F.);
#9251=ADVANCED_FACE('',(#8298),#8888,.T.);
#9252=ADVANCED_FACE('',(#8299),#8889,.F.);
#9253=ADVANCED_FACE('',(#8300),#183,.F.);
#9254=ADVANCED_FACE('',(#8301),#8890,.T.);
#9255=ADVANCED_FACE('',(#8302),#8891,.F.);
#9256=ADVANCED_FACE('',(#8303),#8892,.F.);
#9257=ADVANCED_FACE('',(#8304),#8893,.T.);
#9258=ADVANCED_FACE('',(#8305),#8894,.T.);
#9259=ADVANCED_FACE('',(#8306,#8307),#8895,.T.);
#9260=ADVANCED_FACE('',(#8308),#8896,.F.);
#9261=ADVANCED_FACE('',(#8309),#184,.F.);
#9262=ADVANCED_FACE('',(#8310),#185,.F.);
#9263=ADVANCED_FACE('',(#8311),#8897,.F.);
#9264=ADVANCED_FACE('',(#8312),#186,.F.);
#9265=ADVANCED_FACE('',(#8313),#8898,.T.);
#9266=ADVANCED_FACE('',(#8314),#8899,.F.);
#9267=ADVANCED_FACE('',(#8315),#187,.F.);
#9268=ADVANCED_FACE('',(#8316),#8900,.F.);
#9269=ADVANCED_FACE('',(#8317),#8901,.T.);
#9270=ADVANCED_FACE('',(#8318),#188,.F.);
#9271=ADVANCED_FACE('',(#8319),#8902,.T.);
#9272=ADVANCED_FACE('',(#8320),#8903,.T.);
#9273=ADVANCED_FACE('',(#8321),#8904,.T.);
#9274=ADVANCED_FACE('',(#8322),#8905,.F.);
#9275=ADVANCED_FACE('',(#8323),#189,.F.);
#9276=ADVANCED_FACE('',(#8324),#8906,.F.);
#9277=ADVANCED_FACE('',(#8325),#190,.F.);
#9278=ADVANCED_FACE('',(#8326),#8907,.T.);
#9279=ADVANCED_FACE('',(#8327),#8908,.F.);
#9280=ADVANCED_FACE('',(#8328),#191,.F.);
#9281=ADVANCED_FACE('',(#8329),#8909,.F.);
#9282=ADVANCED_FACE('',(#8330),#8910,.T.);
#9283=ADVANCED_FACE('',(#8331),#192,.F.);
#9284=ADVANCED_FACE('',(#8332),#8911,.T.);
#9285=ADVANCED_FACE('',(#8333),#8912,.T.);
#9286=ADVANCED_FACE('',(#8334),#8913,.F.);
#9287=ADVANCED_FACE('',(#8335),#193,.F.);
#9288=ADVANCED_FACE('',(#8336),#8914,.F.);
#9289=ADVANCED_FACE('',(#8337),#194,.F.);
#9290=ADVANCED_FACE('',(#8338),#8915,.T.);
#9291=ADVANCED_FACE('',(#8339),#8916,.F.);
#9292=ADVANCED_FACE('',(#8340),#195,.F.);
#9293=ADVANCED_FACE('',(#8341),#8917,.F.);
#9294=ADVANCED_FACE('',(#8342),#8918,.F.);
#9295=ADVANCED_FACE('',(#8343,#8344),#8919,.T.);
#9296=ADVANCED_FACE('',(#8345),#65,.F.);
#9297=ADVANCED_FACE('',(#8346),#66,.T.);
#9298=ADVANCED_FACE('',(#8347),#67,.F.);
#9299=ADVANCED_FACE('',(#8348),#68,.T.);
#9300=ADVANCED_FACE('',(#8349),#8920,.F.);
#9301=ADVANCED_FACE('',(#8350),#8921,.T.);
#9302=ADVANCED_FACE('',(#8351),#69,.F.);
#9303=ADVANCED_FACE('',(#8352),#70,.T.);
#9304=ADVANCED_FACE('',(#8353),#71,.F.);
#9305=ADVANCED_FACE('',(#8354),#72,.T.);
#9306=ADVANCED_FACE('',(#8355),#8922,.F.);
#9307=ADVANCED_FACE('',(#8356),#8923,.T.);
#9308=ADVANCED_FACE('',(#8357),#196,.F.);
#9309=ADVANCED_FACE('',(#8358),#8924,.F.);
#9310=ADVANCED_FACE('',(#8359),#8925,.T.);
#9311=ADVANCED_FACE('',(#8360),#197,.F.);
#9312=ADVANCED_FACE('',(#8361),#8926,.F.);
#9313=ADVANCED_FACE('',(#8362),#8927,.T.);
#9314=ADVANCED_FACE('',(#8363),#8928,.F.);
#9315=ADVANCED_FACE('',(#8364),#8929,.T.);
#9316=ADVANCED_FACE('',(#8365,#8366),#8930,.T.);
#9317=ADVANCED_FACE('',(#8367),#8931,.F.);
#9318=ADVANCED_FACE('',(#8368),#198,.F.);
#9319=ADVANCED_FACE('',(#8369),#199,.F.);
#9320=ADVANCED_FACE('',(#8370),#8932,.T.);
#9321=ADVANCED_FACE('',(#8371),#8933,.T.);
#9322=ADVANCED_FACE('',(#8372),#200,.F.);
#9323=ADVANCED_FACE('',(#8373),#8934,.T.);
#9324=ADVANCED_FACE('',(#8374),#8935,.F.);
#9325=ADVANCED_FACE('',(#8375),#201,.F.);
#9326=ADVANCED_FACE('',(#8376),#8936,.F.);
#9327=ADVANCED_FACE('',(#8377),#202,.F.);
#9328=ADVANCED_FACE('',(#8378),#8937,.T.);
#9329=ADVANCED_FACE('',(#8379),#8938,.F.);
#9330=ADVANCED_FACE('',(#8380),#8939,.T.);
#9331=ADVANCED_FACE('',(#8381),#8940,.F.);
#9332=ADVANCED_FACE('',(#8382),#8941,.T.);
#9333=ADVANCED_FACE('',(#8383),#203,.F.);
#9334=ADVANCED_FACE('',(#8384),#8942,.F.);
#9335=ADVANCED_FACE('',(#8385),#204,.F.);
#9336=ADVANCED_FACE('',(#8386),#8943,.T.);
#9337=ADVANCED_FACE('',(#8387),#8944,.F.);
#9338=ADVANCED_FACE('',(#8388),#205,.F.);
#9339=ADVANCED_FACE('',(#8389),#8945,.F.);
#9340=ADVANCED_FACE('',(#8390,#8391),#8946,.F.);
#9341=ADVANCED_FACE('',(#8392),#8947,.T.);
#9342=ADVANCED_FACE('',(#8393,#8394),#8948,.T.);
#9343=ADVANCED_FACE('',(#8395),#8949,.F.);
#9344=ADVANCED_FACE('',(#8396),#206,.F.);
#9345=ADVANCED_FACE('',(#8397),#73,.F.);
#9346=ADVANCED_FACE('',(#8398),#74,.T.);
#9347=ADVANCED_FACE('',(#8399),#75,.F.);
#9348=ADVANCED_FACE('',(#8400),#76,.T.);
#9349=ADVANCED_FACE('',(#8401),#8950,.F.);
#9350=ADVANCED_FACE('',(#8402),#8951,.T.);
#9351=ADVANCED_FACE('',(#8403),#8952,.T.);
#9352=ADVANCED_FACE('',(#8404),#77,.F.);
#9353=ADVANCED_FACE('',(#8405),#78,.T.);
#9354=ADVANCED_FACE('',(#8406),#79,.F.);
#9355=ADVANCED_FACE('',(#8407),#80,.T.);
#9356=ADVANCED_FACE('',(#8408),#8953,.T.);
#9357=ADVANCED_FACE('',(#8409),#8954,.F.);
#9358=ADVANCED_FACE('',(#8410),#207,.F.);
#9359=ADVANCED_FACE('',(#8411),#8955,.F.);
#9360=ADVANCED_FACE('',(#8412,#8413),#8956,.T.);
#9361=ADVANCED_FACE('',(#8414),#8957,.F.);
#9362=ADVANCED_FACE('',(#8415),#8958,.T.);
#9363=ADVANCED_FACE('',(#8416),#208,.F.);
#9364=ADVANCED_FACE('',(#8417),#209,.F.);
#9365=ADVANCED_FACE('',(#8418),#8959,.T.);
#9366=ADVANCED_FACE('',(#8419),#210,.F.);
#9367=ADVANCED_FACE('',(#8420),#8960,.F.);
#9368=ADVANCED_FACE('',(#8421),#8961,.T.);
#9369=ADVANCED_FACE('',(#8422),#211,.F.);
#9370=ADVANCED_FACE('',(#8423),#8962,.F.);
#9371=ADVANCED_FACE('',(#8424),#8963,.T.);
#9372=ADVANCED_FACE('',(#8425),#8964,.F.);
#9373=ADVANCED_FACE('',(#8426,#8427),#8965,.T.);
#9374=ADVANCED_FACE('',(#8428),#81,.F.);
#9375=ADVANCED_FACE('',(#8429),#82,.T.);
#9376=ADVANCED_FACE('',(#8430),#83,.F.);
#9377=ADVANCED_FACE('',(#8431),#84,.T.);
#9378=ADVANCED_FACE('',(#8432),#8966,.F.);
#9379=ADVANCED_FACE('',(#8433),#8967,.T.);
#9380=ADVANCED_FACE('',(#8434),#85,.F.);
#9381=ADVANCED_FACE('',(#8435),#86,.T.);
#9382=ADVANCED_FACE('',(#8436),#87,.F.);
#9383=ADVANCED_FACE('',(#8437),#88,.T.);
#9384=ADVANCED_FACE('',(#8438),#89,.F.);
#9385=ADVANCED_FACE('',(#8439),#90,.T.);
#9386=ADVANCED_FACE('',(#8440),#91,.F.);
#9387=ADVANCED_FACE('',(#8441),#92,.T.);
#9388=ADVANCED_FACE('',(#8442),#8968,.F.);
#9389=ADVANCED_FACE('',(#8443),#8969,.T.);
#9390=ADVANCED_FACE('',(#8444),#93,.F.);
#9391=ADVANCED_FACE('',(#8445),#94,.T.);
#9392=ADVANCED_FACE('',(#8446),#95,.F.);
#9393=ADVANCED_FACE('',(#8447),#96,.T.);
#9394=ADVANCED_FACE('',(#8448,#8449),#8970,.T.);
#9395=ADVANCED_FACE('',(#8450),#97,.F.);
#9396=ADVANCED_FACE('',(#8451),#98,.T.);
#9397=ADVANCED_FACE('',(#8452),#99,.F.);
#9398=ADVANCED_FACE('',(#8453),#100,.T.);
#9399=ADVANCED_FACE('',(#8454),#8971,.F.);
#9400=ADVANCED_FACE('',(#8455),#8972,.T.);
#9401=ADVANCED_FACE('',(#8456),#101,.F.);
#9402=ADVANCED_FACE('',(#8457),#102,.T.);
#9403=ADVANCED_FACE('',(#8458),#103,.F.);
#9404=ADVANCED_FACE('',(#8459),#104,.T.);
#9405=ADVANCED_FACE('',(#8460),#8973,.F.);
#9406=ADVANCED_FACE('',(#8461),#8974,.T.);
#9407=ADVANCED_FACE('',(#8462),#212,.F.);
#9408=ADVANCED_FACE('',(#8463),#8975,.F.);
#9409=ADVANCED_FACE('',(#8464),#8976,.T.);
#9410=ADVANCED_FACE('',(#8465),#213,.F.);
#9411=ADVANCED_FACE('',(#8466),#8977,.F.);
#9412=ADVANCED_FACE('',(#8467),#8978,.T.);
#9413=ADVANCED_FACE('',(#8468),#8979,.F.);
#9414=ADVANCED_FACE('',(#8469),#8980,.T.);
#9415=ADVANCED_FACE('',(#8470,#8471),#8981,.T.);
#9416=ADVANCED_FACE('',(#8472),#8982,.F.);
#9417=ADVANCED_FACE('',(#8473),#214,.F.);
#9418=ADVANCED_FACE('',(#8474),#105,.F.);
#9419=ADVANCED_FACE('',(#8475),#106,.T.);
#9420=ADVANCED_FACE('',(#8476),#107,.F.);
#9421=ADVANCED_FACE('',(#8477),#108,.T.);
#9422=ADVANCED_FACE('',(#8478),#8983,.T.);
#9423=ADVANCED_FACE('',(#8479),#8984,.F.);
#9424=ADVANCED_FACE('',(#8480),#8985,.T.);
#9425=ADVANCED_FACE('',(#8481),#109,.F.);
#9426=ADVANCED_FACE('',(#8482),#110,.T.);
#9427=ADVANCED_FACE('',(#8483),#111,.F.);
#9428=ADVANCED_FACE('',(#8484),#112,.T.);
#9429=ADVANCED_FACE('',(#8485),#8986,.F.);
#9430=ADVANCED_FACE('',(#8486),#8987,.T.);
#9431=ADVANCED_FACE('',(#8487),#215,.F.);
#9432=ADVANCED_FACE('',(#8488),#8988,.T.);
#9433=ADVANCED_FACE('',(#8489),#8989,.T.);
#9434=ADVANCED_FACE('',(#8490),#8990,.F.);
#9435=ADVANCED_FACE('',(#8491),#216,.F.);
#9436=ADVANCED_FACE('',(#8492),#8991,.F.);
#9437=ADVANCED_FACE('',(#8493),#217,.F.);
#9438=ADVANCED_FACE('',(#8494),#8992,.F.);
#9439=ADVANCED_FACE('',(#8495,#8496),#8993,.F.);
#9440=ADVANCED_FACE('',(#8497,#8498),#8994,.T.);
#9441=ADVANCED_FACE('',(#8499),#113,.F.);
#9442=ADVANCED_FACE('',(#8500),#114,.T.);
#9443=ADVANCED_FACE('',(#8501),#115,.F.);
#9444=ADVANCED_FACE('',(#8502),#116,.T.);
#9445=ADVANCED_FACE('',(#8503),#8995,.F.);
#9446=ADVANCED_FACE('',(#8504),#8996,.T.);
#9447=ADVANCED_FACE('',(#8505),#117,.F.);
#9448=ADVANCED_FACE('',(#8506),#118,.T.);
#9449=ADVANCED_FACE('',(#8507),#119,.F.);
#9450=ADVANCED_FACE('',(#8508),#120,.T.);
#9451=ADVANCED_FACE('',(#8509),#8997,.F.);
#9452=ADVANCED_FACE('',(#8510),#8998,.T.);
#9453=ADVANCED_FACE('',(#8511),#218,.F.);
#9454=ADVANCED_FACE('',(#8512),#8999,.F.);
#9455=ADVANCED_FACE('',(#8513),#9000,.T.);
#9456=ADVANCED_FACE('',(#8514),#219,.F.);
#9457=ADVANCED_FACE('',(#8515),#9001,.F.);
#9458=ADVANCED_FACE('',(#8516),#9002,.T.);
#9459=ADVANCED_FACE('',(#8517),#9003,.F.);
#9460=ADVANCED_FACE('',(#8518,#8519),#9004,.F.);
#9461=ADVANCED_FACE('',(#8520,#8521),#9005,.T.);
#9462=ADVANCED_FACE('',(#8522),#121,.F.);
#9463=ADVANCED_FACE('',(#8523),#122,.T.);
#9464=ADVANCED_FACE('',(#8524),#123,.F.);
#9465=ADVANCED_FACE('',(#8525),#124,.T.);
#9466=ADVANCED_FACE('',(#8526),#9006,.F.);
#9467=ADVANCED_FACE('',(#8527),#9007,.T.);
#9468=ADVANCED_FACE('',(#8528),#125,.F.);
#9469=ADVANCED_FACE('',(#8529),#126,.T.);
#9470=ADVANCED_FACE('',(#8530),#127,.F.);
#9471=ADVANCED_FACE('',(#8531),#128,.T.);
#9472=ADVANCED_FACE('',(#8532),#9008,.F.);
#9473=ADVANCED_FACE('',(#8533),#9009,.T.);
#9474=ADVANCED_FACE('',(#8534),#220,.F.);
#9475=ADVANCED_FACE('',(#8535),#9010,.F.);
#9476=ADVANCED_FACE('',(#8536),#9011,.T.);
#9477=ADVANCED_FACE('',(#8537),#221,.F.);
#9478=ADVANCED_FACE('',(#8538),#9012,.F.);
#9479=ADVANCED_FACE('',(#8539),#9013,.T.);
#9480=ADVANCED_FACE('',(#8540),#9014,.F.);
#9481=ADVANCED_FACE('',(#8541,#8542),#9015,.F.);
#9482=ADVANCED_FACE('',(#8543,#8544),#9016,.T.);
#9483=ADVANCED_FACE('',(#8545),#129,.F.);
#9484=ADVANCED_FACE('',(#8546),#130,.T.);
#9485=ADVANCED_FACE('',(#8547),#9017,.F.);
#9486=ADVANCED_FACE('',(#8548),#9018,.T.);
#9487=ADVANCED_FACE('',(#8549),#131,.F.);
#9488=ADVANCED_FACE('',(#8550),#132,.T.);
#9489=ADVANCED_FACE('',(#8551),#133,.F.);
#9490=ADVANCED_FACE('',(#8552),#134,.T.);
#9491=ADVANCED_FACE('',(#8553),#9019,.F.);
#9492=ADVANCED_FACE('',(#8554),#9020,.T.);
#9493=ADVANCED_FACE('',(#8555),#135,.F.);
#9494=ADVANCED_FACE('',(#8556),#136,.T.);
#9495=ADVANCED_FACE('',(#8557),#9021,.F.);
#9496=ADVANCED_FACE('',(#8558,#8559),#222,.F.);
#9497=ADVANCED_FACE('',(#8560),#9022,.F.);
#9498=ADVANCED_FACE('',(#8561),#9023,.T.);
#9499=ADVANCED_FACE('',(#8562,#8563),#223,.F.);
#9500=ADVANCED_FACE('',(#8564),#9024,.F.);
#9501=ADVANCED_FACE('',(#8565),#9025,.T.);
#9502=ADVANCED_FACE('',(#8566,#8567),#224,.F.);
#9503=ADVANCED_FACE('',(#8568),#9026,.F.);
#9504=ADVANCED_FACE('',(#8569),#9027,.T.);
#9505=ADVANCED_FACE('',(#8570,#8571),#225,.F.);
#9506=ADVANCED_FACE('',(#8572),#9028,.F.);
#9507=ADVANCED_FACE('',(#8573),#9029,.T.);
#9508=ADVANCED_FACE('',(#8574,#8575),#226,.F.);
#9509=ADVANCED_FACE('',(#8576),#9030,.F.);
#9510=ADVANCED_FACE('',(#8577),#9031,.T.);
#9511=ADVANCED_FACE('',(#8578,#8579),#227,.F.);
#9512=ADVANCED_FACE('',(#8580),#9032,.F.);
#9513=ADVANCED_FACE('',(#8581),#9033,.T.);
#9514=ADVANCED_FACE('',(#8582),#9034,.T.);
#9515=ADVANCED_FACE('',(#8583,#8584,#8585,#8586,#8587,#8588,#8589,#8590,
#8591,#8592,#8593,#8594,#8595,#8596,#8597,#8598,#8599,#8600,#8601,#8602,
#8603,#8604,#8605,#8606,#8607,#8608),#9035,.F.);
#9516=ADVANCED_FACE('',(#8609,#8610,#8611,#8612,#8613,#8614,#8615,#8616,
#8617,#8618,#8619,#8620,#8621,#8622,#8623,#8624,#8625),#9036,.F.);
#9517=ADVANCED_FACE('',(#8626,#8627),#9037,.F.);
#9518=ADVANCED_FACE('',(#8628),#9038,.F.);
#9519=ADVANCED_FACE('',(#8629),#9039,.F.);
#9520=ADVANCED_FACE('',(#8630),#9040,.F.);
#9521=ADVANCED_FACE('',(#8631),#9041,.F.);
#9522=ADVANCED_FACE('',(#8632,#8633,#8634,#8635,#8636,#8637,#8638,#8639,
#8640,#8641,#8642,#8643,#8644,#8645,#8646,#8647,#8648,#8649,#8650,#8651,
#8652,#8653,#8654,#8655,#8656,#8657,#8658,#8659,#8660,#8661,#8662),#9042,
 .T.);
#9523=ADVANCED_FACE('',(#8663),#228,.T.);
#9524=ADVANCED_FACE('',(#8664),#229,.T.);
#9525=ADVANCED_FACE('',(#8665),#230,.T.);
#9526=ADVANCED_FACE('',(#8666),#231,.T.);
#9527=ADVANCED_FACE('',(#8667),#9043,.T.);
#9528=ADVANCED_FACE('',(#8668),#9044,.T.);
#9529=ADVANCED_FACE('',(#8669),#9045,.T.);
#9530=ADVANCED_FACE('',(#8670),#232,.F.);
#9531=ADVANCED_FACE('',(#8671),#233,.F.);
#9532=ADVANCED_FACE('',(#8672),#234,.F.);
#9533=ADVANCED_FACE('',(#8673),#235,.F.);
#9534=ADVANCED_FACE('',(#8674,#8675),#236,.T.);
#9535=ADVANCED_FACE('',(#8676,#8677),#9046,.F.);
#9536=ADVANCED_FACE('',(#8678,#8679),#237,.T.);
#9537=ADVANCED_FACE('',(#8680,#8681),#9047,.F.);
#9538=ADVANCED_FACE('',(#8682,#8683),#238,.T.);
#9539=ADVANCED_FACE('',(#8684,#8685),#9048,.F.);
#9540=ADVANCED_FACE('',(#8686,#8687),#239,.T.);
#9541=ADVANCED_FACE('',(#8688,#8689),#9049,.F.);
#9542=ADVANCED_FACE('',(#8690,#8691),#240,.T.);
#9543=ADVANCED_FACE('',(#8692,#8693),#9050,.F.);
#9544=ADVANCED_FACE('',(#8694,#8695),#241,.F.);
#9545=ADVANCED_FACE('',(#8696,#8697),#242,.F.);
#9546=ADVANCED_FACE('',(#8698,#8699),#243,.F.);
#9547=ADVANCED_FACE('',(#8700,#8701),#244,.F.);
#9548=ADVANCED_FACE('',(#8702,#8703),#245,.F.);
#9549=ADVANCED_FACE('',(#8704,#8705),#246,.F.);
#9550=ADVANCED_FACE('',(#8706,#8707),#247,.F.);
#9551=ADVANCED_FACE('',(#8708,#8709),#248,.F.);
#9552=ADVANCED_FACE('',(#8710,#8711),#249,.F.);
#9553=ADVANCED_FACE('',(#8712,#8713),#250,.F.);
#9554=ADVANCED_FACE('',(#8714,#8715),#251,.F.);
#9555=ADVANCED_FACE('',(#8716,#8717),#252,.F.);
#9556=ADVANCED_FACE('',(#8718,#8719),#253,.F.);
#9557=ADVANCED_FACE('',(#8720,#8721),#254,.F.);
#9558=ADVANCED_FACE('',(#8722,#8723),#255,.F.);
#9559=ADVANCED_FACE('',(#8724,#8725),#256,.F.);
#9560=ADVANCED_FACE('',(#8726,#8727),#257,.F.);
#9561=ADVANCED_FACE('',(#8728,#8729),#258,.F.);
#9562=ADVANCED_FACE('',(#8730,#8731),#259,.F.);
#9563=ADVANCED_FACE('',(#8732,#8733),#260,.F.);
#9564=ADVANCED_FACE('',(#8734,#8735),#261,.F.);
#9565=ADVANCED_FACE('',(#8736,#8737),#262,.F.);
#9566=ADVANCED_FACE('',(#8738,#8739),#263,.F.);
#9567=ADVANCED_FACE('',(#8740,#8741),#264,.F.);
#9568=ADVANCED_FACE('',(#8742,#8743),#265,.F.);
#9569=ADVANCED_FACE('',(#8744,#8745),#266,.F.);
#9570=ADVANCED_FACE('',(#8746,#8747),#267,.F.);
#9571=ADVANCED_FACE('',(#8748,#8749),#268,.F.);
#9572=ADVANCED_FACE('',(#8750,#8751),#269,.F.);
#9573=ADVANCED_FACE('',(#8752,#8753),#270,.F.);
#9574=ADVANCED_FACE('',(#8754,#8755),#271,.T.);
#9575=ADVANCED_FACE('',(#8756),#9051,.T.);
#9576=ADVANCED_FACE('',(#8757),#9052,.T.);
#9577=ADVANCED_FACE('',(#8758),#9053,.F.);
#9578=ADVANCED_FACE('',(#8759),#9054,.F.);
#9579=ADVANCED_FACE('',(#8760),#9055,.F.);
#9580=ADVANCED_FACE('',(#8761),#9056,.F.);
#9581=ADVANCED_FACE('',(#8762),#9057,.T.);
#9582=ADVANCED_FACE('',(#8763),#9058,.T.);
#9583=ADVANCED_FACE('',(#8764),#9059,.T.);
#9584=ADVANCED_FACE('',(#8765),#9060,.T.);
#9585=ADVANCED_FACE('',(#8766),#9061,.T.);
#9586=ADVANCED_FACE('',(#8767),#9062,.T.);
#9587=ADVANCED_FACE('',(#8768),#9063,.T.);
#9588=ADVANCED_FACE('',(#8769),#9064,.T.);
#9589=ADVANCED_FACE('',(#8770),#272,.T.);
#9590=ADVANCED_FACE('',(#8771,#8772),#273,.F.);
#9591=ADVANCED_FACE('',(#8773,#8774),#9065,.T.);
#9592=ADVANCED_FACE('',(#8775,#8776),#274,.T.);
#9593=ADVANCED_FACE('',(#8777),#9066,.T.);
#9594=ADVANCED_FACE('',(#8778,#8779),#275,.T.);
#9595=ADVANCED_FACE('',(#8780),#9067,.T.);
#9596=ADVANCED_FACE('',(#8781,#8782),#276,.T.);
#9597=ADVANCED_FACE('',(#8783),#9068,.T.);
#9598=ADVANCED_FACE('',(#8784,#8785),#277,.T.);
#9599=ADVANCED_FACE('',(#8786),#9069,.T.);
#9600=ADVANCED_FACE('',(#8787,#8788),#278,.T.);
#9601=ADVANCED_FACE('',(#8789),#9070,.T.);
#9602=ADVANCED_FACE('',(#8790,#8791),#279,.T.);
#9603=ADVANCED_FACE('',(#8792),#9071,.T.);
#9604=ADVANCED_FACE('',(#8793,#8794),#280,.T.);
#9605=ADVANCED_FACE('',(#8795),#9072,.T.);
#9606=ADVANCED_FACE('',(#8796,#8797),#281,.T.);
#9607=ADVANCED_FACE('',(#8798),#9073,.T.);
#9608=ADVANCED_FACE('',(#8799,#8800),#282,.T.);
#9609=ADVANCED_FACE('',(#8801),#9074,.T.);
#9610=CLOSED_SHELL('',(#9075,#9076,#9077,#9078,#9079,#9080,#9081,#9082,
#9083,#9084,#9085,#9086,#9087,#9088,#9089,#9090,#9091,#9092,#9093,#9094,
#9095,#9096,#9097,#9098,#9099,#9100,#9101,#9102,#9103,#9104,#9105,#9106,
#9107,#9108,#9109,#9110,#9111,#9112,#9113,#9114,#9115,#9116,#9117,#9118,
#9119,#9120,#9121,#9122,#9123,#9124,#9125,#9126,#9127,#9128,#9129,#9130,
#9131,#9132,#9133,#9134,#9135,#9136,#9137,#9138,#9139,#9140,#9141,#9142,
#9143,#9144,#9145,#9146,#9147,#9148,#9149,#9150,#9151,#9152,#9153,#9154,
#9155,#9156,#9157,#9158,#9159,#9160,#9161,#9162,#9163,#9164,#9165,#9166,
#9167,#9168,#9169,#9170,#9171,#9172,#9173,#9174,#9175,#9176,#9177,#9178,
#9179,#9180,#9181,#9182,#9183,#9184,#9185,#9186,#9187,#9188,#9189,#9190,
#9191,#9192,#9193,#9194,#9195,#9196,#9197,#9198,#9199,#9200,#9201,#9202,
#9203,#9204,#9205,#9206,#9207,#9208,#9209,#9210,#9211,#9212,#9213,#9214,
#9215,#9216,#9217,#9218,#9219,#9220,#9221,#9222,#9223,#9224,#9225,#9226,
#9227,#9228,#9229,#9230,#9231,#9232,#9233,#9234,#9235,#9236,#9237,#9238,
#9239,#9240,#9241,#9242,#9243,#9244,#9245,#9246,#9247,#9248,#9249,#9250,
#9251,#9252,#9253,#9254,#9255,#9256,#9257,#9258,#9259,#9260,#9261,#9262,
#9263,#9264,#9265,#9266,#9267,#9268,#9269,#9270,#9271,#9272,#9273,#9274,
#9275,#9276,#9277,#9278,#9279,#9280,#9281,#9282,#9283,#9284,#9285,#9286,
#9287,#9288,#9289,#9290,#9291,#9292,#9293,#9294,#9295,#9296,#9297,#9298,
#9299,#9300,#9301,#9302,#9303,#9304,#9305,#9306,#9307,#9308,#9309,#9310,
#9311,#9312,#9313,#9314,#9315,#9316,#9317,#9318,#9319,#9320,#9321,#9322,
#9323,#9324,#9325,#9326,#9327,#9328,#9329,#9330,#9331,#9332,#9333,#9334,
#9335,#9336,#9337,#9338,#9339,#9340,#9341,#9342,#9343,#9344,#9345,#9346,
#9347,#9348,#9349,#9350,#9351,#9352,#9353,#9354,#9355,#9356,#9357,#9358,
#9359,#9360,#9361,#9362,#9363,#9364,#9365,#9366,#9367,#9368,#9369,#9370,
#9371,#9372,#9373,#9374,#9375,#9376,#9377,#9378,#9379,#9380,#9381,#9382,
#9383,#9384,#9385,#9386,#9387,#9388,#9389,#9390,#9391,#9392,#9393,#9394,
#9395,#9396,#9397,#9398,#9399,#9400,#9401,#9402,#9403,#9404,#9405,#9406,
#9407,#9408,#9409,#9410,#9411,#9412,#9413,#9414,#9415,#9416,#9417,#9418,
#9419,#9420,#9421,#9422,#9423,#9424,#9425,#9426,#9427,#9428,#9429,#9430,
#9431,#9432,#9433,#9434,#9435,#9436,#9437,#9438,#9439,#9440,#9441,#9442,
#9443,#9444,#9445,#9446,#9447,#9448,#9449,#9450,#9451,#9452,#9453,#9454,
#9455,#9456,#9457,#9458,#9459,#9460,#9461,#9462,#9463,#9464,#9465,#9466,
#9467,#9468,#9469,#9470,#9471,#9472,#9473,#9474,#9475,#9476,#9477,#9478,
#9479,#9480,#9481,#9482,#9483,#9484,#9485,#9486,#9487,#9488,#9489,#9490,
#9491,#9492,#9493,#9494,#9495));
#9611=CLOSED_SHELL('',(#9496,#9497,#9498));
#9612=CLOSED_SHELL('',(#9499,#9500,#9501));
#9613=CLOSED_SHELL('',(#9502,#9503,#9504));
#9614=CLOSED_SHELL('',(#9505,#9506,#9507));
#9615=CLOSED_SHELL('',(#9508,#9509,#9510));
#9616=CLOSED_SHELL('',(#9511,#9512,#9513));
#9617=CLOSED_SHELL('',(#9514,#9515,#9516,#9517,#9518,#9519,#9520,#9521,
#9522,#9523,#9524,#9525,#9526,#9527,#9528,#9529,#9530,#9531,#9532,#9533,
#9534,#9535,#9536,#9537,#9538,#9539,#9540,#9541,#9542,#9543,#9544,#9545,
#9546,#9547,#9548,#9549,#9550,#9551,#9552,#9553,#9554,#9555,#9556,#9557,
#9558,#9559,#9560,#9561,#9562,#9563,#9564,#9565,#9566,#9567,#9568,#9569,
#9570,#9571,#9572,#9573,#9574,#9575,#9576,#9577,#9578,#9579,#9580,#9581,
#9582,#9583,#9584,#9585,#9586,#9587,#9588,#9589,#9590,#9591,#9592,#9593,
#9594,#9595,#9596,#9597,#9598,#9599,#9600,#9601,#9602,#9603,#9604,#9605,
#9606,#9607,#9608,#9609));
#9618=STYLED_ITEM('',(#9620),#9633);
#9619=STYLED_ITEM('',(#9621),#10);
#9620=PRESENTATION_STYLE_ASSIGNMENT((#9622));
#9621=PRESENTATION_STYLE_ASSIGNMENT((#9623));
#9622=SURFACE_STYLE_USAGE(.BOTH.,#9624);
#9623=SURFACE_STYLE_USAGE(.BOTH.,#9625);
#9624=SURFACE_SIDE_STYLE('',(#9626));
#9625=SURFACE_SIDE_STYLE('',(#9627));
#9626=SURFACE_STYLE_FILL_AREA(#9628);
#9627=SURFACE_STYLE_FILL_AREA(#9629);
#9628=FILL_AREA_STYLE('',(#9630));
#9629=FILL_AREA_STYLE('',(#9631));
#9630=FILL_AREA_STYLE_COLOUR('',#9632);
#9631=FILL_AREA_STYLE_COLOUR('',#9632);
#9632=COLOUR_RGB('',0.137254901960784,0.117647058823529,0.117647058823529);
#9633=BREP_WITH_VOIDS('Part 1',#9610,(#15,#16,#17,#18,#19,#20));
#9634=SHAPE_DEFINITION_REPRESENTATION(#17074,#9636);
#9635=SHAPE_DEFINITION_REPRESENTATION(#17075,#9637);
#9636=SHAPE_REPRESENTATION('Part 1',(#9638),#17064);
#9637=SHAPE_REPRESENTATION('Part 2',(#10146),#17065);
#9638=AXIS2_PLACEMENT_3D('',#12586,#10353,#10354);
#9639=AXIS2_PLACEMENT_3D('',#12587,#10355,#10356);
#9640=AXIS2_PLACEMENT_3D('',#12588,#10357,#10358);
#9641=AXIS2_PLACEMENT_3D('',#12621,#10363,#10364);
#9642=AXIS2_PLACEMENT_3D('',#12625,#10366,#10367);
#9643=AXIS2_PLACEMENT_3D('',#12674,#10371,#10372);
#9644=AXIS2_PLACEMENT_3D('',#12705,#10376,#10377);
#9645=AXIS2_PLACEMENT_3D('',#12708,#10379,#10380);
#9646=AXIS2_PLACEMENT_3D('',#12754,#10384,#10385);
#9647=AXIS2_PLACEMENT_3D('',#12758,#10387,#10388);
#9648=AXIS2_PLACEMENT_3D('',#12787,#10392,#10393);
#9649=AXIS2_PLACEMENT_3D('',#12791,#10395,#10396);
#9650=AXIS2_PLACEMENT_3D('',#12797,#10399,#10400);
#9651=AXIS2_PLACEMENT_3D('',#12801,#10402,#10403);
#9652=AXIS2_PLACEMENT_3D('',#12805,#10405,#10406);
#9653=AXIS2_PLACEMENT_3D('',#12809,#10408,#10409);
#9654=AXIS2_PLACEMENT_3D('',#12810,#10410,#10411);
#9655=AXIS2_PLACEMENT_3D('',#12812,#10412,#10413);
#9656=AXIS2_PLACEMENT_3D('',#12814,#10414,#10415);
#9657=AXIS2_PLACEMENT_3D('',#12816,#10416,#10417);
#9658=AXIS2_PLACEMENT_3D('',#12818,#10418,#10419);
#9659=AXIS2_PLACEMENT_3D('',#12820,#10420,#10421);
#9660=AXIS2_PLACEMENT_3D('',#12822,#10422,#10423);
#9661=AXIS2_PLACEMENT_3D('',#12824,#10424,#10425);
#9662=AXIS2_PLACEMENT_3D('',#12826,#10426,#10427);
#9663=AXIS2_PLACEMENT_3D('',#12836,#10432,#10433);
#9664=AXIS2_PLACEMENT_3D('',#12882,#10437,#10438);
#9665=AXIS2_PLACEMENT_3D('',#12886,#10440,#10441);
#9666=AXIS2_PLACEMENT_3D('',#12915,#10445,#10446);
#9667=AXIS2_PLACEMENT_3D('',#12919,#10448,#10449);
#9668=AXIS2_PLACEMENT_3D('',#12927,#10453,#10454);
#9669=AXIS2_PLACEMENT_3D('',#12931,#10456,#10457);
#9670=AXIS2_PLACEMENT_3D('',#12935,#10459,#10460);
#9671=AXIS2_PLACEMENT_3D('',#12939,#10462,#10463);
#9672=AXIS2_PLACEMENT_3D('',#12945,#10466,#10467);
#9673=AXIS2_PLACEMENT_3D('',#12949,#10469,#10470);
#9674=AXIS2_PLACEMENT_3D('',#12950,#10471,#10472);
#9675=AXIS2_PLACEMENT_3D('',#12955,#10474,#10475);
#9676=AXIS2_PLACEMENT_3D('',#12959,#10477,#10478);
#9677=AXIS2_PLACEMENT_3D('',#12967,#10482,#10483);
#9678=AXIS2_PLACEMENT_3D('',#12971,#10485,#10486);
#9679=AXIS2_PLACEMENT_3D('',#12979,#10490,#10491);
#9680=AXIS2_PLACEMENT_3D('',#12983,#10493,#10494);
#9681=AXIS2_PLACEMENT_3D('',#12987,#10496,#10497);
#9682=AXIS2_PLACEMENT_3D('',#12990,#10499,#10500);
#9683=AXIS2_PLACEMENT_3D('',#12995,#10502,#10503);
#9684=AXIS2_PLACEMENT_3D('',#12999,#10505,#10506);
#9685=AXIS2_PLACEMENT_3D('',#13003,#10508,#10509);
#9686=AXIS2_PLACEMENT_3D('',#13011,#10513,#10514);
#9687=AXIS2_PLACEMENT_3D('',#13015,#10516,#10517);
#9688=AXIS2_PLACEMENT_3D('',#13018,#10519,#10520);
#9689=AXIS2_PLACEMENT_3D('',#13019,#10521,#10522);
#9690=AXIS2_PLACEMENT_3D('',#13021,#10523,#10524);
#9691=AXIS2_PLACEMENT_3D('',#13023,#10525,#10526);
#9692=AXIS2_PLACEMENT_3D('',#13025,#10527,#10528);
#9693=AXIS2_PLACEMENT_3D('',#13030,#10530,#10531);
#9694=AXIS2_PLACEMENT_3D('',#13034,#10533,#10534);
#9695=AXIS2_PLACEMENT_3D('',#13038,#10536,#10537);
#9696=AXIS2_PLACEMENT_3D('',#13042,#10539,#10540);
#9697=AXIS2_PLACEMENT_3D('',#13043,#10541,#10542);
#9698=AXIS2_PLACEMENT_3D('',#13045,#10543,#10544);
#9699=AXIS2_PLACEMENT_3D('',#13047,#10545,#10546);
#9700=AXIS2_PLACEMENT_3D('',#13049,#10547,#10548);
#9701=AXIS2_PLACEMENT_3D('',#13051,#10549,#10550);
#9702=AXIS2_PLACEMENT_3D('',#13053,#10551,#10552);
#9703=AXIS2_PLACEMENT_3D('',#13055,#10553,#10554);
#9704=AXIS2_PLACEMENT_3D('',#13057,#10555,#10556);
#9705=AXIS2_PLACEMENT_3D('',#13059,#10557,#10558);
#9706=AXIS2_PLACEMENT_3D('',#13061,#10559,#10560);
#9707=AXIS2_PLACEMENT_3D('',#13070,#10564,#10565);
#9708=AXIS2_PLACEMENT_3D('',#13073,#10567,#10568);
#9709=AXIS2_PLACEMENT_3D('',#13079,#10572,#10573);
#9710=AXIS2_PLACEMENT_3D('',#13085,#10577,#10578);
#9711=AXIS2_PLACEMENT_3D('',#13091,#10582,#10583);
#9712=AXIS2_PLACEMENT_3D('',#13108,#10592,#10593);
#9713=AXIS2_PLACEMENT_3D('',#13109,#10594,#10595);
#9714=AXIS2_PLACEMENT_3D('',#13114,#10597,#10598);
#9715=AXIS2_PLACEMENT_3D('',#13118,#10600,#10601);
#9716=AXIS2_PLACEMENT_3D('',#13122,#10603,#10604);
#9717=AXIS2_PLACEMENT_3D('',#13128,#10607,#10608);
#9718=AXIS2_PLACEMENT_3D('',#13132,#10610,#10611);
#9719=AXIS2_PLACEMENT_3D('',#13136,#10613,#10614);
#9720=AXIS2_PLACEMENT_3D('',#13140,#10616,#10617);
#9721=AXIS2_PLACEMENT_3D('',#13141,#10618,#10619);
#9722=AXIS2_PLACEMENT_3D('',#13144,#10622,#10623);
#9723=AXIS2_PLACEMENT_3D('',#13147,#10626,#10627);
#9724=AXIS2_PLACEMENT_3D('',#13148,#10628,#10629);
#9725=AXIS2_PLACEMENT_3D('',#13151,#10632,#10633);
#9726=AXIS2_PLACEMENT_3D('',#13152,#10634,#10635);
#9727=AXIS2_PLACEMENT_3D('',#13155,#10638,#10639);
#9728=AXIS2_PLACEMENT_3D('',#13156,#10640,#10641);
#9729=AXIS2_PLACEMENT_3D('',#13157,#10642,#10643);
#9730=AXIS2_PLACEMENT_3D('',#13160,#10646,#10647);
#9731=AXIS2_PLACEMENT_3D('',#13163,#10650,#10651);
#9732=AXIS2_PLACEMENT_3D('',#13164,#10652,#10653);
#9733=AXIS2_PLACEMENT_3D('',#13167,#10656,#10657);
#9734=AXIS2_PLACEMENT_3D('',#13168,#10658,#10659);
#9735=AXIS2_PLACEMENT_3D('',#13171,#10662,#10663);
#9736=AXIS2_PLACEMENT_3D('',#13172,#10664,#10665);
#9737=AXIS2_PLACEMENT_3D('',#13173,#10666,#10667);
#9738=AXIS2_PLACEMENT_3D('',#13174,#10668,#10669);
#9739=AXIS2_PLACEMENT_3D('',#13175,#10670,#10671);
#9740=AXIS2_PLACEMENT_3D('',#13176,#10672,#10673);
#9741=AXIS2_PLACEMENT_3D('',#13177,#10674,#10675);
#9742=AXIS2_PLACEMENT_3D('',#13178,#10676,#10677);
#9743=AXIS2_PLACEMENT_3D('',#13179,#10678,#10679);
#9744=AXIS2_PLACEMENT_3D('',#13180,#10680,#10681);
#9745=AXIS2_PLACEMENT_3D('',#13181,#10682,#10683);
#9746=AXIS2_PLACEMENT_3D('',#13182,#10684,#10685);
#9747=AXIS2_PLACEMENT_3D('',#13185,#10688,#10689);
#9748=AXIS2_PLACEMENT_3D('',#13187,#10691,#10692);
#9749=AXIS2_PLACEMENT_3D('',#13189,#10694,#10695);
#9750=AXIS2_PLACEMENT_3D('',#13190,#10696,#10697);
#9751=AXIS2_PLACEMENT_3D('',#13192,#10699,#10700);
#9752=AXIS2_PLACEMENT_3D('',#13198,#10704,#10705);
#9753=AXIS2_PLACEMENT_3D('',#13202,#10708,#10709);
#9754=AXIS2_PLACEMENT_3D('',#13206,#10712,#10713);
#9755=AXIS2_PLACEMENT_3D('',#13208,#10715,#10716);
#9756=AXIS2_PLACEMENT_3D('',#13209,#10717,#10718);
#9757=AXIS2_PLACEMENT_3D('',#13210,#10719,#10720);
#9758=AXIS2_PLACEMENT_3D('',#13211,#10721,#10722);
#9759=AXIS2_PLACEMENT_3D('',#13212,#10723,#10724);
#9760=AXIS2_PLACEMENT_3D('',#13214,#10725,#10726);
#9761=AXIS2_PLACEMENT_3D('',#13215,#10727,#10728);
#9762=AXIS2_PLACEMENT_3D('',#13216,#10729,#10730);
#9763=AXIS2_PLACEMENT_3D('',#13218,#10731,#10732);
#9764=AXIS2_PLACEMENT_3D('',#13219,#10733,#10734);
#9765=AXIS2_PLACEMENT_3D('',#13220,#10735,#10736);
#9766=AXIS2_PLACEMENT_3D('',#13222,#10737,#10738);
#9767=AXIS2_PLACEMENT_3D('',#13223,#10739,#10740);
#9768=AXIS2_PLACEMENT_3D('',#13224,#10741,#10742);
#9769=AXIS2_PLACEMENT_3D('',#13226,#10743,#10744);
#9770=AXIS2_PLACEMENT_3D('',#13227,#10745,#10746);
#9771=AXIS2_PLACEMENT_3D('',#13228,#10747,#10748);
#9772=AXIS2_PLACEMENT_3D('',#13230,#10749,#10750);
#9773=AXIS2_PLACEMENT_3D('',#13231,#10751,#10752);
#9774=AXIS2_PLACEMENT_3D('',#13232,#10753,#10754);
#9775=AXIS2_PLACEMENT_3D('',#13234,#10755,#10756);
#9776=AXIS2_PLACEMENT_3D('',#13235,#10757,#10758);
#9777=AXIS2_PLACEMENT_3D('',#13244,#10763,#10764);
#9778=AXIS2_PLACEMENT_3D('',#13265,#10766,#10767);
#9779=AXIS2_PLACEMENT_3D('',#13269,#10769,#10770);
#9780=AXIS2_PLACEMENT_3D('',#13320,#10775,#10776);
#9781=AXIS2_PLACEMENT_3D('',#13330,#10781,#10782);
#9782=AXIS2_PLACEMENT_3D('',#13334,#10784,#10785);
#9783=AXIS2_PLACEMENT_3D('',#13338,#10787,#10788);
#9784=AXIS2_PLACEMENT_3D('',#13367,#10792,#10793);
#9785=AXIS2_PLACEMENT_3D('',#13371,#10795,#10796);
#9786=AXIS2_PLACEMENT_3D('',#13413,#10799,#10800);
#9787=AXIS2_PLACEMENT_3D('',#13416,#10803,#10804);
#9788=AXIS2_PLACEMENT_3D('',#13418,#10806,#10807);
#9789=AXIS2_PLACEMENT_3D('',#13474,#10814,#10815);
#9790=AXIS2_PLACEMENT_3D('',#13476,#10817,#10818);
#9791=AXIS2_PLACEMENT_3D('',#13506,#10823,#10824);
#9792=AXIS2_PLACEMENT_3D('',#13509,#10826,#10827);
#9793=AXIS2_PLACEMENT_3D('',#13510,#10828,#10829);
#9794=AXIS2_PLACEMENT_3D('',#13514,#10832,#10833);
#9795=AXIS2_PLACEMENT_3D('',#13517,#10835,#10836);
#9796=AXIS2_PLACEMENT_3D('',#13564,#10841,#10842);
#9797=AXIS2_PLACEMENT_3D('',#13566,#10844,#10845);
#9798=AXIS2_PLACEMENT_3D('',#13616,#10852,#10853);
#9799=AXIS2_PLACEMENT_3D('',#13618,#10855,#10856);
#9800=AXIS2_PLACEMENT_3D('',#13622,#10859,#10860);
#9801=AXIS2_PLACEMENT_3D('',#13624,#10862,#10863);
#9802=AXIS2_PLACEMENT_3D('',#13672,#10869,#10870);
#9803=AXIS2_PLACEMENT_3D('',#13674,#10872,#10873);
#9804=AXIS2_PLACEMENT_3D('',#13729,#10880,#10881);
#9805=AXIS2_PLACEMENT_3D('',#13735,#10885,#10886);
#9806=AXIS2_PLACEMENT_3D('',#13737,#10888,#10889);
#9807=AXIS2_PLACEMENT_3D('',#13741,#10892,#10893);
#9808=AXIS2_PLACEMENT_3D('',#13742,#10894,#10895);
#9809=AXIS2_PLACEMENT_3D('',#13743,#10896,#10897);
#9810=AXIS2_PLACEMENT_3D('',#13745,#10899,#10900);
#9811=AXIS2_PLACEMENT_3D('',#13747,#10902,#10903);
#9812=AXIS2_PLACEMENT_3D('',#13749,#10905,#10906);
#9813=AXIS2_PLACEMENT_3D('',#13751,#10908,#10909);
#9814=AXIS2_PLACEMENT_3D('',#13753,#10911,#10912);
#9815=AXIS2_PLACEMENT_3D('',#13754,#10913,#10914);
#9816=AXIS2_PLACEMENT_3D('',#13763,#10916,#10917);
#9817=AXIS2_PLACEMENT_3D('',#13767,#10919,#10920);
#9818=AXIS2_PLACEMENT_3D('',#13787,#10923,#10924);
#9819=AXIS2_PLACEMENT_3D('',#13796,#10929,#10930);
#9820=AXIS2_PLACEMENT_3D('',#13805,#10932,#10933);
#9821=AXIS2_PLACEMENT_3D('',#13832,#10938,#10939);
#9822=AXIS2_PLACEMENT_3D('',#13836,#10941,#10942);
#9823=AXIS2_PLACEMENT_3D('',#13898,#10947,#10948);
#9824=AXIS2_PLACEMENT_3D('',#13902,#10950,#10951);
#9825=AXIS2_PLACEMENT_3D('',#13947,#10955,#10956);
#9826=AXIS2_PLACEMENT_3D('',#13951,#10958,#10959);
#9827=AXIS2_PLACEMENT_3D('',#13955,#10961,#10962);
#9828=AXIS2_PLACEMENT_3D('',#13965,#10965,#10966);
#9829=AXIS2_PLACEMENT_3D('',#13968,#10969,#10970);
#9830=AXIS2_PLACEMENT_3D('',#14022,#10976,#10977);
#9831=AXIS2_PLACEMENT_3D('',#14024,#10979,#10980);
#9832=AXIS2_PLACEMENT_3D('',#14054,#10985,#10986);
#9833=AXIS2_PLACEMENT_3D('',#14057,#10988,#10989);
#9834=AXIS2_PLACEMENT_3D('',#14058,#10990,#10991);
#9835=AXIS2_PLACEMENT_3D('',#14062,#10994,#10995);
#9836=AXIS2_PLACEMENT_3D('',#14065,#10997,#10998);
#9837=AXIS2_PLACEMENT_3D('',#14112,#11003,#11004);
#9838=AXIS2_PLACEMENT_3D('',#14118,#11008,#11009);
#9839=AXIS2_PLACEMENT_3D('',#14120,#11011,#11012);
#9840=AXIS2_PLACEMENT_3D('',#14168,#11018,#11019);
#9841=AXIS2_PLACEMENT_3D('',#14170,#11021,#11022);
#9842=AXIS2_PLACEMENT_3D('',#14172,#11024,#11025);
#9843=AXIS2_PLACEMENT_3D('',#14220,#11031,#11032);
#9844=AXIS2_PLACEMENT_3D('',#14222,#11034,#11035);
#9845=AXIS2_PLACEMENT_3D('',#14254,#11040,#11041);
#9846=AXIS2_PLACEMENT_3D('',#14258,#11044,#11045);
#9847=AXIS2_PLACEMENT_3D('',#14285,#11050,#11051);
#9848=AXIS2_PLACEMENT_3D('',#14287,#11053,#11054);
#9849=AXIS2_PLACEMENT_3D('',#14291,#11057,#11058);
#9850=AXIS2_PLACEMENT_3D('',#14294,#11060,#11061);
#9851=AXIS2_PLACEMENT_3D('',#14295,#11062,#11063);
#9852=AXIS2_PLACEMENT_3D('',#14297,#11065,#11066);
#9853=AXIS2_PLACEMENT_3D('',#14299,#11068,#11069);
#9854=AXIS2_PLACEMENT_3D('',#14301,#11071,#11072);
#9855=AXIS2_PLACEMENT_3D('',#14303,#11074,#11075);
#9856=AXIS2_PLACEMENT_3D('',#14305,#11077,#11078);
#9857=AXIS2_PLACEMENT_3D('',#14306,#11079,#11080);
#9858=AXIS2_PLACEMENT_3D('',#14315,#11082,#11083);
#9859=AXIS2_PLACEMENT_3D('',#14319,#11085,#11086);
#9860=AXIS2_PLACEMENT_3D('',#14339,#11089,#11090);
#9861=AXIS2_PLACEMENT_3D('',#14348,#11095,#11096);
#9862=AXIS2_PLACEMENT_3D('',#14357,#11101,#11102);
#9863=AXIS2_PLACEMENT_3D('',#14363,#11106,#11107);
#9864=AXIS2_PLACEMENT_3D('',#14367,#11109,#11110);
#9865=AXIS2_PLACEMENT_3D('',#14371,#11112,#11113);
#9866=AXIS2_PLACEMENT_3D('',#14377,#11116,#11117);
#9867=AXIS2_PLACEMENT_3D('',#14381,#11119,#11120);
#9868=AXIS2_PLACEMENT_3D('',#14385,#11122,#11123);
#9869=AXIS2_PLACEMENT_3D('',#14389,#11125,#11126);
#9870=AXIS2_PLACEMENT_3D('',#14394,#11129,#11130);
#9871=AXIS2_PLACEMENT_3D('',#14402,#11134,#11135);
#9872=AXIS2_PLACEMENT_3D('',#14404,#11137,#11138);
#9873=AXIS2_PLACEMENT_3D('',#14407,#11141,#11142);
#9874=AXIS2_PLACEMENT_3D('',#14409,#11144,#11145);
#9875=AXIS2_PLACEMENT_3D('',#14412,#11147,#11148);
#9876=AXIS2_PLACEMENT_3D('',#14413,#11149,#11150);
#9877=AXIS2_PLACEMENT_3D('',#14415,#11152,#11153);
#9878=AXIS2_PLACEMENT_3D('',#14417,#11155,#11156);
#9879=AXIS2_PLACEMENT_3D('',#14419,#11158,#11159);
#9880=AXIS2_PLACEMENT_3D('',#14421,#11161,#11162);
#9881=AXIS2_PLACEMENT_3D('',#14423,#11164,#11165);
#9882=AXIS2_PLACEMENT_3D('',#14425,#11167,#11168);
#9883=AXIS2_PLACEMENT_3D('',#14427,#11170,#11171);
#9884=AXIS2_PLACEMENT_3D('',#14431,#11174,#11175);
#9885=AXIS2_PLACEMENT_3D('',#14437,#11179,#11180);
#9886=AXIS2_PLACEMENT_3D('',#14439,#11182,#11183);
#9887=AXIS2_PLACEMENT_3D('',#14440,#11184,#11185);
#9888=AXIS2_PLACEMENT_3D('',#14441,#11186,#11187);
#9889=AXIS2_PLACEMENT_3D('',#14443,#11189,#11190);
#9890=AXIS2_PLACEMENT_3D('',#14445,#11192,#11193);
#9891=AXIS2_PLACEMENT_3D('',#14449,#11196,#11197);
#9892=AXIS2_PLACEMENT_3D('',#14451,#11199,#11200);
#9893=AXIS2_PLACEMENT_3D('',#14453,#11202,#11203);
#9894=AXIS2_PLACEMENT_3D('',#14455,#11205,#11206);
#9895=AXIS2_PLACEMENT_3D('',#14456,#11207,#11208);
#9896=AXIS2_PLACEMENT_3D('',#14457,#11209,#11210);
#9897=AXIS2_PLACEMENT_3D('',#14466,#11215,#11216);
#9898=AXIS2_PLACEMENT_3D('',#14472,#11220,#11221);
#9899=AXIS2_PLACEMENT_3D('',#14475,#11223,#11224);
#9900=AXIS2_PLACEMENT_3D('',#14479,#11226,#11227);
#9901=AXIS2_PLACEMENT_3D('',#14487,#11231,#11232);
#9902=AXIS2_PLACEMENT_3D('',#14491,#11234,#11235);
#9903=AXIS2_PLACEMENT_3D('',#14505,#11242,#11243);
#9904=AXIS2_PLACEMENT_3D('',#14509,#11245,#11246);
#9905=AXIS2_PLACEMENT_3D('',#14513,#11248,#11249);
#9906=AXIS2_PLACEMENT_3D('',#14517,#11251,#11252);
#9907=AXIS2_PLACEMENT_3D('',#14521,#11254,#11255);
#9908=AXIS2_PLACEMENT_3D('',#14525,#11257,#11258);
#9909=AXIS2_PLACEMENT_3D('',#14533,#11262,#11263);
#9910=AXIS2_PLACEMENT_3D('',#14537,#11265,#11266);
#9911=AXIS2_PLACEMENT_3D('',#14540,#11268,#11269);
#9912=AXIS2_PLACEMENT_3D('',#14543,#11272,#11273);
#9913=AXIS2_PLACEMENT_3D('',#14545,#11275,#11276);
#9914=AXIS2_PLACEMENT_3D('',#14547,#11278,#11279);
#9915=AXIS2_PLACEMENT_3D('',#14549,#11281,#11282);
#9916=AXIS2_PLACEMENT_3D('',#14551,#11284,#11285);
#9917=AXIS2_PLACEMENT_3D('',#14555,#11288,#11289);
#9918=AXIS2_PLACEMENT_3D('',#14557,#11291,#11292);
#9919=AXIS2_PLACEMENT_3D('',#14560,#11294,#11295);
#9920=AXIS2_PLACEMENT_3D('',#14561,#11296,#11297);
#9921=AXIS2_PLACEMENT_3D('',#14563,#11299,#11300);
#9922=AXIS2_PLACEMENT_3D('',#14567,#11303,#11304);
#9923=AXIS2_PLACEMENT_3D('',#14570,#11306,#11307);
#9924=AXIS2_PLACEMENT_3D('',#14571,#11308,#11309);
#9925=AXIS2_PLACEMENT_3D('',#14575,#11312,#11313);
#9926=AXIS2_PLACEMENT_3D('',#14581,#11317,#11318);
#9927=AXIS2_PLACEMENT_3D('',#14583,#11320,#11321);
#9928=AXIS2_PLACEMENT_3D('',#14585,#11323,#11324);
#9929=AXIS2_PLACEMENT_3D('',#14587,#11326,#11327);
#9930=AXIS2_PLACEMENT_3D('',#14589,#11329,#11330);
#9931=AXIS2_PLACEMENT_3D('',#14591,#11332,#11333);
#9932=AXIS2_PLACEMENT_3D('',#14595,#11336,#11337);
#9933=AXIS2_PLACEMENT_3D('',#14597,#11339,#11340);
#9934=AXIS2_PLACEMENT_3D('',#14600,#11342,#11343);
#9935=AXIS2_PLACEMENT_3D('',#14601,#11344,#11345);
#9936=AXIS2_PLACEMENT_3D('',#14603,#11347,#11348);
#9937=AXIS2_PLACEMENT_3D('',#14607,#11351,#11352);
#9938=AXIS2_PLACEMENT_3D('',#14610,#11354,#11355);
#9939=AXIS2_PLACEMENT_3D('',#14611,#11356,#11357);
#9940=AXIS2_PLACEMENT_3D('',#14617,#11361,#11362);
#9941=AXIS2_PLACEMENT_3D('',#14619,#11364,#11365);
#9942=AXIS2_PLACEMENT_3D('',#14621,#11367,#11368);
#9943=AXIS2_PLACEMENT_3D('',#14623,#11370,#11371);
#9944=AXIS2_PLACEMENT_3D('',#14625,#11373,#11374);
#9945=AXIS2_PLACEMENT_3D('',#14627,#11376,#11377);
#9946=AXIS2_PLACEMENT_3D('',#14629,#11379,#11380);
#9947=AXIS2_PLACEMENT_3D('',#14631,#11382,#11383);
#9948=AXIS2_PLACEMENT_3D('',#14633,#11385,#11386);
#9949=AXIS2_PLACEMENT_3D('',#14634,#11387,#11388);
#9950=AXIS2_PLACEMENT_3D('',#14635,#11389,#11390);
#9951=AXIS2_PLACEMENT_3D('',#14644,#11392,#11393);
#9952=AXIS2_PLACEMENT_3D('',#14648,#11395,#11396);
#9953=AXIS2_PLACEMENT_3D('',#14749,#11409,#11410);
#9954=AXIS2_PLACEMENT_3D('',#14753,#11413,#11414);
#9955=AXIS2_PLACEMENT_3D('',#14805,#11420,#11421);
#9956=AXIS2_PLACEMENT_3D('',#14809,#11424,#11425);
#9957=AXIS2_PLACEMENT_3D('',#14811,#11427,#11428);
#9958=AXIS2_PLACEMENT_3D('',#14813,#11430,#11431);
#9959=AXIS2_PLACEMENT_3D('',#14817,#11434,#11435);
#9960=AXIS2_PLACEMENT_3D('',#14819,#11437,#11438);
#9961=AXIS2_PLACEMENT_3D('',#14821,#11440,#11441);
#9962=AXIS2_PLACEMENT_3D('',#14823,#11443,#11444);
#9963=AXIS2_PLACEMENT_3D('',#14824,#11445,#11446);
#9964=AXIS2_PLACEMENT_3D('',#14825,#11447,#11448);
#9965=AXIS2_PLACEMENT_3D('',#14834,#11453,#11454);
#9966=AXIS2_PLACEMENT_3D('',#14841,#11458,#11459);
#9967=AXIS2_PLACEMENT_3D('',#14845,#11461,#11462);
#9968=AXIS2_PLACEMENT_3D('',#14855,#11467,#11468);
#9969=AXIS2_PLACEMENT_3D('',#14859,#11470,#11471);
#9970=AXIS2_PLACEMENT_3D('',#14863,#11473,#11474);
#9971=AXIS2_PLACEMENT_3D('',#14871,#11478,#11479);
#9972=AXIS2_PLACEMENT_3D('',#14875,#11481,#11482);
#9973=AXIS2_PLACEMENT_3D('',#14879,#11484,#11485);
#9974=AXIS2_PLACEMENT_3D('',#14880,#11486,#11487);
#9975=AXIS2_PLACEMENT_3D('',#14883,#11490,#11491);
#9976=AXIS2_PLACEMENT_3D('',#14885,#11493,#11494);
#9977=AXIS2_PLACEMENT_3D('',#14887,#11496,#11497);
#9978=AXIS2_PLACEMENT_3D('',#14891,#11500,#11501);
#9979=AXIS2_PLACEMENT_3D('',#14895,#11504,#11505);
#9980=AXIS2_PLACEMENT_3D('',#14898,#11507,#11508);
#9981=AXIS2_PLACEMENT_3D('',#14901,#11510,#11511);
#9982=AXIS2_PLACEMENT_3D('',#14905,#11514,#11515);
#9983=AXIS2_PLACEMENT_3D('',#14907,#11517,#11518);
#9984=AXIS2_PLACEMENT_3D('',#14909,#11520,#11521);
#9985=AXIS2_PLACEMENT_3D('',#14911,#11523,#11524);
#9986=AXIS2_PLACEMENT_3D('',#14913,#11526,#11527);
#9987=AXIS2_PLACEMENT_3D('',#14915,#11529,#11530);
#9988=AXIS2_PLACEMENT_3D('',#14917,#11532,#11533);
#9989=AXIS2_PLACEMENT_3D('',#14923,#11537,#11538);
#9990=AXIS2_PLACEMENT_3D('',#14925,#11540,#11541);
#9991=AXIS2_PLACEMENT_3D('',#14929,#11544,#11545);
#9992=AXIS2_PLACEMENT_3D('',#14930,#11546,#11547);
#9993=AXIS2_PLACEMENT_3D('',#14931,#11548,#11549);
#9994=AXIS2_PLACEMENT_3D('',#14933,#11551,#11552);
#9995=AXIS2_PLACEMENT_3D('',#14935,#11554,#11555);
#9996=AXIS2_PLACEMENT_3D('',#14937,#11557,#11558);
#9997=AXIS2_PLACEMENT_3D('',#14939,#11560,#11561);
#9998=AXIS2_PLACEMENT_3D('',#14941,#11563,#11564);
#9999=AXIS2_PLACEMENT_3D('',#14942,#11565,#11566);
#10000=AXIS2_PLACEMENT_3D('',#14946,#11568,#11569);
#10001=AXIS2_PLACEMENT_3D('',#14950,#11571,#11572);
#10002=AXIS2_PLACEMENT_3D('',#14954,#11574,#11575);
#10003=AXIS2_PLACEMENT_3D('',#14958,#11577,#11578);
#10004=AXIS2_PLACEMENT_3D('',#14959,#11579,#11580);
#10005=AXIS2_PLACEMENT_3D('',#14968,#11585,#11586);
#10006=AXIS2_PLACEMENT_3D('',#15012,#11592,#11593);
#10007=AXIS2_PLACEMENT_3D('',#15016,#11595,#11596);
#10008=AXIS2_PLACEMENT_3D('',#15030,#11598,#11599);
#10009=AXIS2_PLACEMENT_3D('',#15033,#11602,#11603);
#10010=AXIS2_PLACEMENT_3D('',#15086,#11609,#11610);
#10011=AXIS2_PLACEMENT_3D('',#15088,#11612,#11613);
#10012=AXIS2_PLACEMENT_3D('',#15092,#11616,#11617);
#10013=AXIS2_PLACEMENT_3D('',#15143,#11624,#11625);
#10014=AXIS2_PLACEMENT_3D('',#15145,#11627,#11628);
#10015=AXIS2_PLACEMENT_3D('',#15147,#11630,#11631);
#10016=AXIS2_PLACEMENT_3D('',#15149,#11633,#11634);
#10017=AXIS2_PLACEMENT_3D('',#15150,#11635,#11636);
#10018=AXIS2_PLACEMENT_3D('',#15157,#11640,#11641);
#10019=AXIS2_PLACEMENT_3D('',#15162,#11643,#11644);
#10020=AXIS2_PLACEMENT_3D('',#15166,#11646,#11647);
#10021=AXIS2_PLACEMENT_3D('',#15170,#11649,#11650);
#10022=AXIS2_PLACEMENT_3D('',#15173,#11652,#11653);
#10023=AXIS2_PLACEMENT_3D('',#15179,#11657,#11658);
#10024=AXIS2_PLACEMENT_3D('',#15182,#11661,#11662);
#10025=AXIS2_PLACEMENT_3D('',#15184,#11664,#11665);
#10026=AXIS2_PLACEMENT_3D('',#15186,#11667,#11668);
#10027=AXIS2_PLACEMENT_3D('',#15188,#11670,#11671);
#10028=AXIS2_PLACEMENT_3D('',#15190,#11673,#11674);
#10029=AXIS2_PLACEMENT_3D('',#15194,#11677,#11678);
#10030=AXIS2_PLACEMENT_3D('',#15196,#11680,#11681);
#10031=AXIS2_PLACEMENT_3D('',#15198,#11683,#11684);
#10032=AXIS2_PLACEMENT_3D('',#15200,#11686,#11687);
#10033=AXIS2_PLACEMENT_3D('',#15201,#11688,#11689);
#10034=AXIS2_PLACEMENT_3D('',#15202,#11690,#11691);
#10035=AXIS2_PLACEMENT_3D('',#15344,#11702,#11703);
#10036=AXIS2_PLACEMENT_3D('',#15346,#11705,#11706);
#10037=AXIS2_PLACEMENT_3D('',#15443,#11717,#11718);
#10038=AXIS2_PLACEMENT_3D('',#15445,#11720,#11721);
#10039=AXIS2_PLACEMENT_3D('',#15493,#11726,#11727);
#10040=AXIS2_PLACEMENT_3D('',#15507,#11729,#11730);
#10041=AXIS2_PLACEMENT_3D('',#15511,#11732,#11733);
#10042=AXIS2_PLACEMENT_3D('',#15607,#11746,#11747);
#10043=AXIS2_PLACEMENT_3D('',#15611,#11750,#11751);
#10044=AXIS2_PLACEMENT_3D('',#15663,#11757,#11758);
#10045=AXIS2_PLACEMENT_3D('',#15667,#11761,#11762);
#10046=AXIS2_PLACEMENT_3D('',#15669,#11764,#11765);
#10047=AXIS2_PLACEMENT_3D('',#15671,#11767,#11768);
#10048=AXIS2_PLACEMENT_3D('',#15675,#11771,#11772);
#10049=AXIS2_PLACEMENT_3D('',#15677,#11774,#11775);
#10050=AXIS2_PLACEMENT_3D('',#15679,#11777,#11778);
#10051=AXIS2_PLACEMENT_3D('',#15681,#11780,#11781);
#10052=AXIS2_PLACEMENT_3D('',#15682,#11782,#11783);
#10053=AXIS2_PLACEMENT_3D('',#15683,#11784,#11785);
#10054=AXIS2_PLACEMENT_3D('',#15692,#11790,#11791);
#10055=AXIS2_PLACEMENT_3D('',#15709,#11794,#11795);
#10056=AXIS2_PLACEMENT_3D('',#15740,#11800,#11801);
#10057=AXIS2_PLACEMENT_3D('',#15744,#11803,#11804);
#10058=AXIS2_PLACEMENT_3D('',#15748,#11806,#11807);
#10059=AXIS2_PLACEMENT_3D('',#15766,#11811,#11812);
#10060=AXIS2_PLACEMENT_3D('',#15769,#11815,#11816);
#10061=AXIS2_PLACEMENT_3D('',#15822,#11822,#11823);
#10062=AXIS2_PLACEMENT_3D('',#15826,#11826,#11827);
#10063=AXIS2_PLACEMENT_3D('',#15828,#11829,#11830);
#10064=AXIS2_PLACEMENT_3D('',#15879,#11837,#11838);
#10065=AXIS2_PLACEMENT_3D('',#15881,#11840,#11841);
#10066=AXIS2_PLACEMENT_3D('',#15885,#11844,#11845);
#10067=AXIS2_PLACEMENT_3D('',#15888,#11847,#11848);
#10068=AXIS2_PLACEMENT_3D('',#15889,#11849,#11850);
#10069=AXIS2_PLACEMENT_3D('',#15893,#11853,#11854);
#10070=AXIS2_PLACEMENT_3D('',#15895,#11856,#11857);
#10071=AXIS2_PLACEMENT_3D('',#15897,#11859,#11860);
#10072=AXIS2_PLACEMENT_3D('',#15899,#11862,#11863);
#10073=AXIS2_PLACEMENT_3D('',#15901,#11865,#11866);
#10074=AXIS2_PLACEMENT_3D('',#15903,#11868,#11869);
#10075=AXIS2_PLACEMENT_3D('',#15904,#11870,#11871);
#10076=AXIS2_PLACEMENT_3D('',#15913,#11873,#11874);
#10077=AXIS2_PLACEMENT_3D('',#15917,#11876,#11877);
#10078=AXIS2_PLACEMENT_3D('',#15937,#11880,#11881);
#10079=AXIS2_PLACEMENT_3D('',#15946,#11883,#11884);
#10080=AXIS2_PLACEMENT_3D('',#15950,#11886,#11887);
#10081=AXIS2_PLACEMENT_3D('',#16047,#11900,#11901);
#10082=AXIS2_PLACEMENT_3D('',#16051,#11904,#11905);
#10083=AXIS2_PLACEMENT_3D('',#16103,#11911,#11912);
#10084=AXIS2_PLACEMENT_3D('',#16107,#11915,#11916);
#10085=AXIS2_PLACEMENT_3D('',#16109,#11918,#11919);
#10086=AXIS2_PLACEMENT_3D('',#16111,#11921,#11922);
#10087=AXIS2_PLACEMENT_3D('',#16115,#11925,#11926);
#10088=AXIS2_PLACEMENT_3D('',#16117,#11928,#11929);
#10089=AXIS2_PLACEMENT_3D('',#16119,#11931,#11932);
#10090=AXIS2_PLACEMENT_3D('',#16121,#11934,#11935);
#10091=AXIS2_PLACEMENT_3D('',#16122,#11936,#11937);
#10092=AXIS2_PLACEMENT_3D('',#16123,#11938,#11939);
#10093=AXIS2_PLACEMENT_3D('',#16132,#11941,#11942);
#10094=AXIS2_PLACEMENT_3D('',#16136,#11944,#11945);
#10095=AXIS2_PLACEMENT_3D('',#16156,#11948,#11949);
#10096=AXIS2_PLACEMENT_3D('',#16177,#11952,#11953);
#10097=AXIS2_PLACEMENT_3D('',#16181,#11955,#11956);
#10098=AXIS2_PLACEMENT_3D('',#16270,#11968,#11969);
#10099=AXIS2_PLACEMENT_3D('',#16274,#11972,#11973);
#10100=AXIS2_PLACEMENT_3D('',#16326,#11979,#11980);
#10101=AXIS2_PLACEMENT_3D('',#16330,#11983,#11984);
#10102=AXIS2_PLACEMENT_3D('',#16332,#11986,#11987);
#10103=AXIS2_PLACEMENT_3D('',#16334,#11989,#11990);
#10104=AXIS2_PLACEMENT_3D('',#16338,#11993,#11994);
#10105=AXIS2_PLACEMENT_3D('',#16340,#11996,#11997);
#10106=AXIS2_PLACEMENT_3D('',#16342,#11999,#12000);
#10107=AXIS2_PLACEMENT_3D('',#16344,#12002,#12003);
#10108=AXIS2_PLACEMENT_3D('',#16345,#12004,#12005);
#10109=AXIS2_PLACEMENT_3D('',#16346,#12006,#12007);
#10110=AXIS2_PLACEMENT_3D('',#16383,#12010,#12011);
#10111=AXIS2_PLACEMENT_3D('',#16489,#12020,#12021);
#10112=AXIS2_PLACEMENT_3D('',#16493,#12024,#12025);
#10113=AXIS2_PLACEMENT_3D('',#16555,#12031,#12032);
#10114=AXIS2_PLACEMENT_3D('',#16559,#12035,#12036);
#10115=AXIS2_PLACEMENT_3D('',#16588,#12038,#12039);
#10116=AXIS2_PLACEMENT_3D('',#16589,#12040,#12041);
#10117=AXIS2_PLACEMENT_3D('',#16590,#12042,#12043);
#10118=AXIS2_PLACEMENT_3D('',#16592,#12044,#12045);
#10119=AXIS2_PLACEMENT_3D('',#16594,#12046,#12047);
#10120=AXIS2_PLACEMENT_3D('',#16595,#12048,#12049);
#10121=AXIS2_PLACEMENT_3D('',#16596,#12050,#12051);
#10122=AXIS2_PLACEMENT_3D('',#16597,#12052,#12053);
#10123=AXIS2_PLACEMENT_3D('',#16599,#12054,#12055);
#10124=AXIS2_PLACEMENT_3D('',#16601,#12056,#12057);
#10125=AXIS2_PLACEMENT_3D('',#16602,#12058,#12059);
#10126=AXIS2_PLACEMENT_3D('',#16603,#12060,#12061);
#10127=AXIS2_PLACEMENT_3D('',#16604,#12062,#12063);
#10128=AXIS2_PLACEMENT_3D('',#16606,#12064,#12065);
#10129=AXIS2_PLACEMENT_3D('',#16608,#12066,#12067);
#10130=AXIS2_PLACEMENT_3D('',#16609,#12068,#12069);
#10131=AXIS2_PLACEMENT_3D('',#16610,#12070,#12071);
#10132=AXIS2_PLACEMENT_3D('',#16611,#12072,#12073);
#10133=AXIS2_PLACEMENT_3D('',#16613,#12074,#12075);
#10134=AXIS2_PLACEMENT_3D('',#16615,#12076,#12077);
#10135=AXIS2_PLACEMENT_3D('',#16616,#12078,#12079);
#10136=AXIS2_PLACEMENT_3D('',#16617,#12080,#12081);
#10137=AXIS2_PLACEMENT_3D('',#16618,#12082,#12083);
#10138=AXIS2_PLACEMENT_3D('',#16620,#12084,#12085);
#10139=AXIS2_PLACEMENT_3D('',#16622,#12086,#12087);
#10140=AXIS2_PLACEMENT_3D('',#16623,#12088,#12089);
#10141=AXIS2_PLACEMENT_3D('',#16624,#12090,#12091);
#10142=AXIS2_PLACEMENT_3D('',#16625,#12092,#12093);
#10143=AXIS2_PLACEMENT_3D('',#16627,#12094,#12095);
#10144=AXIS2_PLACEMENT_3D('',#16629,#12096,#12097);
#10145=AXIS2_PLACEMENT_3D('',#16630,#12098,#12099);
#10146=AXIS2_PLACEMENT_3D('',#16631,#12100,#12101);
#10147=AXIS2_PLACEMENT_3D('',#16632,#12102,#12103);
#10148=AXIS2_PLACEMENT_3D('',#16649,#12112,#12113);
#10149=AXIS2_PLACEMENT_3D('',#16650,#12114,#12115);
#10150=AXIS2_PLACEMENT_3D('',#16652,#12116,#12117);
#10151=AXIS2_PLACEMENT_3D('',#16654,#12118,#12119);
#10152=AXIS2_PLACEMENT_3D('',#16656,#12120,#12121);
#10153=AXIS2_PLACEMENT_3D('',#16658,#12122,#12123);
#10154=AXIS2_PLACEMENT_3D('',#16660,#12124,#12125);
#10155=AXIS2_PLACEMENT_3D('',#16662,#12126,#12127);
#10156=AXIS2_PLACEMENT_3D('',#16664,#12128,#12129);
#10157=AXIS2_PLACEMENT_3D('',#16666,#12130,#12131);
#10158=AXIS2_PLACEMENT_3D('',#16668,#12132,#12133);
#10159=AXIS2_PLACEMENT_3D('',#16670,#12134,#12135);
#10160=AXIS2_PLACEMENT_3D('',#16672,#12136,#12137);
#10161=AXIS2_PLACEMENT_3D('',#16674,#12138,#12139);
#10162=AXIS2_PLACEMENT_3D('',#16676,#12140,#12141);
#10163=AXIS2_PLACEMENT_3D('',#16678,#12142,#12143);
#10164=AXIS2_PLACEMENT_3D('',#16680,#12144,#12145);
#10165=AXIS2_PLACEMENT_3D('',#16682,#12146,#12147);
#10166=AXIS2_PLACEMENT_3D('',#16684,#12148,#12149);
#10167=AXIS2_PLACEMENT_3D('',#16686,#12150,#12151);
#10168=AXIS2_PLACEMENT_3D('',#16688,#12152,#12153);
#10169=AXIS2_PLACEMENT_3D('',#16690,#12154,#12155);
#10170=AXIS2_PLACEMENT_3D('',#16692,#12156,#12157);
#10171=AXIS2_PLACEMENT_3D('',#16694,#12158,#12159);
#10172=AXIS2_PLACEMENT_3D('',#16696,#12160,#12161);
#10173=AXIS2_PLACEMENT_3D('',#16698,#12162,#12163);
#10174=AXIS2_PLACEMENT_3D('',#16700,#12164,#12165);
#10175=AXIS2_PLACEMENT_3D('',#16702,#12166,#12167);
#10176=AXIS2_PLACEMENT_3D('',#16703,#12168,#12169);
#10177=AXIS2_PLACEMENT_3D('',#16704,#12170,#12171);
#10178=AXIS2_PLACEMENT_3D('',#16708,#12173,#12174);
#10179=AXIS2_PLACEMENT_3D('',#16712,#12176,#12177);
#10180=AXIS2_PLACEMENT_3D('',#16716,#12179,#12180);
#10181=AXIS2_PLACEMENT_3D('',#16717,#12181,#12182);
#10182=AXIS2_PLACEMENT_3D('',#16719,#12183,#12184);
#10183=AXIS2_PLACEMENT_3D('',#16721,#12185,#12186);
#10184=AXIS2_PLACEMENT_3D('',#16723,#12187,#12188);
#10185=AXIS2_PLACEMENT_3D('',#16725,#12189,#12190);
#10186=AXIS2_PLACEMENT_3D('',#16727,#12191,#12192);
#10187=AXIS2_PLACEMENT_3D('',#16729,#12193,#12194);
#10188=AXIS2_PLACEMENT_3D('',#16731,#12195,#12196);
#10189=AXIS2_PLACEMENT_3D('',#16733,#12197,#12198);
#10190=AXIS2_PLACEMENT_3D('',#16735,#12199,#12200);
#10191=AXIS2_PLACEMENT_3D('',#16737,#12201,#12202);
#10192=AXIS2_PLACEMENT_3D('',#16739,#12203,#12204);
#10193=AXIS2_PLACEMENT_3D('',#16741,#12205,#12206);
#10194=AXIS2_PLACEMENT_3D('',#16743,#12207,#12208);
#10195=AXIS2_PLACEMENT_3D('',#16745,#12209,#12210);
#10196=AXIS2_PLACEMENT_3D('',#16771,#12223,#12224);
#10197=AXIS2_PLACEMENT_3D('',#16772,#12225,#12226);
#10198=AXIS2_PLACEMENT_3D('',#16777,#12228,#12229);
#10199=AXIS2_PLACEMENT_3D('',#16781,#12231,#12232);
#10200=AXIS2_PLACEMENT_3D('',#16785,#12234,#12235);
#10201=AXIS2_PLACEMENT_3D('',#16788,#12237,#12238);
#10202=AXIS2_PLACEMENT_3D('',#16792,#12240,#12241);
#10203=AXIS2_PLACEMENT_3D('',#16796,#12243,#12244);
#10204=AXIS2_PLACEMENT_3D('',#16800,#12246,#12247);
#10205=AXIS2_PLACEMENT_3D('',#16801,#12248,#12249);
#10206=AXIS2_PLACEMENT_3D('',#16807,#12253,#12254);
#10207=AXIS2_PLACEMENT_3D('',#16813,#12258,#12259);
#10208=AXIS2_PLACEMENT_3D('',#16819,#12263,#12264);
#10209=AXIS2_PLACEMENT_3D('',#16825,#12268,#12269);
#10210=AXIS2_PLACEMENT_3D('',#16826,#12270,#12271);
#10211=AXIS2_PLACEMENT_3D('',#16828,#12272,#12273);
#10212=AXIS2_PLACEMENT_3D('',#16830,#12274,#12275);
#10213=AXIS2_PLACEMENT_3D('',#16832,#12276,#12277);
#10214=AXIS2_PLACEMENT_3D('',#16834,#12278,#12279);
#10215=AXIS2_PLACEMENT_3D('',#16836,#12280,#12281);
#10216=AXIS2_PLACEMENT_3D('',#16838,#12282,#12283);
#10217=AXIS2_PLACEMENT_3D('',#16840,#12284,#12285);
#10218=AXIS2_PLACEMENT_3D('',#16842,#12286,#12287);
#10219=AXIS2_PLACEMENT_3D('',#16844,#12288,#12289);
#10220=AXIS2_PLACEMENT_3D('',#16846,#12290,#12291);
#10221=AXIS2_PLACEMENT_3D('',#16848,#12292,#12293);
#10222=AXIS2_PLACEMENT_3D('',#16850,#12294,#12295);
#10223=AXIS2_PLACEMENT_3D('',#16852,#12296,#12297);
#10224=AXIS2_PLACEMENT_3D('',#16854,#12298,#12299);
#10225=AXIS2_PLACEMENT_3D('',#16856,#12300,#12301);
#10226=AXIS2_PLACEMENT_3D('',#16858,#12302,#12303);
#10227=AXIS2_PLACEMENT_3D('',#16860,#12304,#12305);
#10228=AXIS2_PLACEMENT_3D('',#16862,#12306,#12307);
#10229=AXIS2_PLACEMENT_3D('',#16864,#12308,#12309);
#10230=AXIS2_PLACEMENT_3D('',#16866,#12310,#12311);
#10231=AXIS2_PLACEMENT_3D('',#16868,#12312,#12313);
#10232=AXIS2_PLACEMENT_3D('',#16870,#12314,#12315);
#10233=AXIS2_PLACEMENT_3D('',#16872,#12316,#12317);
#10234=AXIS2_PLACEMENT_3D('',#16874,#12318,#12319);
#10235=AXIS2_PLACEMENT_3D('',#16876,#12320,#12321);
#10236=AXIS2_PLACEMENT_3D('',#16878,#12322,#12323);
#10237=AXIS2_PLACEMENT_3D('',#16880,#12324,#12325);
#10238=AXIS2_PLACEMENT_3D('',#16882,#12326,#12327);
#10239=AXIS2_PLACEMENT_3D('',#16884,#12328,#12329);
#10240=AXIS2_PLACEMENT_3D('',#16886,#12330,#12331);
#10241=AXIS2_PLACEMENT_3D('',#16887,#12332,#12333);
#10242=AXIS2_PLACEMENT_3D('',#16888,#12334,#12335);
#10243=AXIS2_PLACEMENT_3D('',#16889,#12336,#12337);
#10244=AXIS2_PLACEMENT_3D('',#16890,#12338,#12339);
#10245=AXIS2_PLACEMENT_3D('',#16891,#12340,#12341);
#10246=AXIS2_PLACEMENT_3D('',#16892,#12342,#12343);
#10247=AXIS2_PLACEMENT_3D('',#16893,#12344,#12345);
#10248=AXIS2_PLACEMENT_3D('',#16894,#12346,#12347);
#10249=AXIS2_PLACEMENT_3D('',#16897,#12350,#12351);
#10250=AXIS2_PLACEMENT_3D('',#16900,#12354,#12355);
#10251=AXIS2_PLACEMENT_3D('',#16903,#12358,#12359);
#10252=AXIS2_PLACEMENT_3D('',#16904,#12360,#12361);
#10253=AXIS2_PLACEMENT_3D('',#16905,#12362,#12363);
#10254=AXIS2_PLACEMENT_3D('',#16906,#12364,#12365);
#10255=AXIS2_PLACEMENT_3D('',#16907,#12366,#12367);
#10256=AXIS2_PLACEMENT_3D('',#16908,#12368,#12369);
#10257=AXIS2_PLACEMENT_3D('',#16910,#12370,#12371);
#10258=AXIS2_PLACEMENT_3D('',#16911,#12372,#12373);
#10259=AXIS2_PLACEMENT_3D('',#16913,#12374,#12375);
#10260=AXIS2_PLACEMENT_3D('',#16914,#12376,#12377);
#10261=AXIS2_PLACEMENT_3D('',#16916,#12378,#12379);
#10262=AXIS2_PLACEMENT_3D('',#16917,#12380,#12381);
#10263=AXIS2_PLACEMENT_3D('',#16919,#12382,#12383);
#10264=AXIS2_PLACEMENT_3D('',#16920,#12384,#12385);
#10265=AXIS2_PLACEMENT_3D('',#16922,#12386,#12387);
#10266=AXIS2_PLACEMENT_3D('',#16923,#12388,#12389);
#10267=AXIS2_PLACEMENT_3D('',#16925,#12390,#12391);
#10268=AXIS2_PLACEMENT_3D('',#16926,#12392,#12393);
#10269=AXIS2_PLACEMENT_3D('',#16928,#12394,#12395);
#10270=AXIS2_PLACEMENT_3D('',#16929,#12396,#12397);
#10271=AXIS2_PLACEMENT_3D('',#16931,#12398,#12399);
#10272=AXIS2_PLACEMENT_3D('',#16932,#12400,#12401);
#10273=AXIS2_PLACEMENT_3D('',#16934,#12402,#12403);
#10274=AXIS2_PLACEMENT_3D('',#16935,#12404,#12405);
#10275=AXIS2_PLACEMENT_3D('',#16937,#12406,#12407);
#10276=AXIS2_PLACEMENT_3D('',#16938,#12408,#12409);
#10277=AXIS2_PLACEMENT_3D('',#16939,#12410,#12411);
#10278=AXIS2_PLACEMENT_3D('',#16940,#12412,#12413);
#10279=AXIS2_PLACEMENT_3D('',#16941,#12414,#12415);
#10280=AXIS2_PLACEMENT_3D('',#16942,#12416,#12417);
#10281=AXIS2_PLACEMENT_3D('',#16943,#12418,#12419);
#10282=AXIS2_PLACEMENT_3D('',#16944,#12420,#12421);
#10283=AXIS2_PLACEMENT_3D('',#16945,#12422,#12423);
#10284=AXIS2_PLACEMENT_3D('',#16946,#12424,#12425);
#10285=AXIS2_PLACEMENT_3D('',#16947,#12426,#12427);
#10286=AXIS2_PLACEMENT_3D('',#16948,#12428,#12429);
#10287=AXIS2_PLACEMENT_3D('',#16949,#12430,#12431);
#10288=AXIS2_PLACEMENT_3D('',#16950,#12432,#12433);
#10289=AXIS2_PLACEMENT_3D('',#16951,#12434,#12435);
#10290=AXIS2_PLACEMENT_3D('',#16952,#12436,#12437);
#10291=AXIS2_PLACEMENT_3D('',#16953,#12438,#12439);
#10292=AXIS2_PLACEMENT_3D('',#16954,#12440,#12441);
#10293=AXIS2_PLACEMENT_3D('',#16955,#12442,#12443);
#10294=AXIS2_PLACEMENT_3D('',#16956,#12444,#12445);
#10295=AXIS2_PLACEMENT_3D('',#16957,#12446,#12447);
#10296=AXIS2_PLACEMENT_3D('',#16958,#12448,#12449);
#10297=AXIS2_PLACEMENT_3D('',#16959,#12450,#12451);
#10298=AXIS2_PLACEMENT_3D('',#16960,#12452,#12453);
#10299=AXIS2_PLACEMENT_3D('',#16961,#12454,#12455);
#10300=AXIS2_PLACEMENT_3D('',#16962,#12456,#12457);
#10301=AXIS2_PLACEMENT_3D('',#16963,#12458,#12459);
#10302=AXIS2_PLACEMENT_3D('',#16964,#12460,#12461);
#10303=AXIS2_PLACEMENT_3D('',#16965,#12462,#12463);
#10304=AXIS2_PLACEMENT_3D('',#16966,#12464,#12465);
#10305=AXIS2_PLACEMENT_3D('',#16967,#12466,#12467);
#10306=AXIS2_PLACEMENT_3D('',#16968,#12468,#12469);
#10307=AXIS2_PLACEMENT_3D('',#16970,#12470,#12471);
#10308=AXIS2_PLACEMENT_3D('',#16971,#12472,#12473);
#10309=AXIS2_PLACEMENT_3D('',#16977,#12477,#12478);
#10310=AXIS2_PLACEMENT_3D('',#16981,#12481,#12482);
#10311=AXIS2_PLACEMENT_3D('',#16985,#12485,#12486);
#10312=AXIS2_PLACEMENT_3D('',#16989,#12489,#12490);
#10313=AXIS2_PLACEMENT_3D('',#16993,#12493,#12494);
#10314=AXIS2_PLACEMENT_3D('',#16997,#12497,#12498);
#10315=AXIS2_PLACEMENT_3D('',#17001,#12501,#12502);
#10316=AXIS2_PLACEMENT_3D('',#17005,#12505,#12506);
#10317=AXIS2_PLACEMENT_3D('',#17009,#12509,#12510);
#10318=AXIS2_PLACEMENT_3D('',#17013,#12513,#12514);
#10319=AXIS2_PLACEMENT_3D('',#17017,#12517,#12518);
#10320=AXIS2_PLACEMENT_3D('',#17019,#12520,#12521);
#10321=AXIS2_PLACEMENT_3D('',#17020,#12522,#12523);
#10322=AXIS2_PLACEMENT_3D('',#17021,#12524,#12525);
#10323=AXIS2_PLACEMENT_3D('',#17022,#12526,#12527);
#10324=AXIS2_PLACEMENT_3D('',#17023,#12528,#12529);
#10325=AXIS2_PLACEMENT_3D('',#17025,#12530,#12531);
#10326=AXIS2_PLACEMENT_3D('',#17026,#12532,#12533);
#10327=AXIS2_PLACEMENT_3D('',#17027,#12534,#12535);
#10328=AXIS2_PLACEMENT_3D('',#17029,#12536,#12537);
#10329=AXIS2_PLACEMENT_3D('',#17030,#12538,#12539);
#10330=AXIS2_PLACEMENT_3D('',#17031,#12540,#12541);
#10331=AXIS2_PLACEMENT_3D('',#17033,#12542,#12543);
#10332=AXIS2_PLACEMENT_3D('',#17034,#12544,#12545);
#10333=AXIS2_PLACEMENT_3D('',#17035,#12546,#12547);
#10334=AXIS2_PLACEMENT_3D('',#17037,#12548,#12549);
#10335=AXIS2_PLACEMENT_3D('',#17038,#12550,#12551);
#10336=AXIS2_PLACEMENT_3D('',#17039,#12552,#12553);
#10337=AXIS2_PLACEMENT_3D('',#17041,#12554,#12555);
#10338=AXIS2_PLACEMENT_3D('',#17042,#12556,#12557);
#10339=AXIS2_PLACEMENT_3D('',#17043,#12558,#12559);
#10340=AXIS2_PLACEMENT_3D('',#17045,#12560,#12561);
#10341=AXIS2_PLACEMENT_3D('',#17046,#12562,#12563);
#10342=AXIS2_PLACEMENT_3D('',#17047,#12564,#12565);
#10343=AXIS2_PLACEMENT_3D('',#17049,#12566,#12567);
#10344=AXIS2_PLACEMENT_3D('',#17050,#12568,#12569);
#10345=AXIS2_PLACEMENT_3D('',#17051,#12570,#12571);
#10346=AXIS2_PLACEMENT_3D('',#17053,#12572,#12573);
#10347=AXIS2_PLACEMENT_3D('',#17054,#12574,#12575);
#10348=AXIS2_PLACEMENT_3D('',#17055,#12576,#12577);
#10349=AXIS2_PLACEMENT_3D('',#17057,#12578,#12579);
#10350=AXIS2_PLACEMENT_3D('',#17058,#12580,#12581);
#10351=AXIS2_PLACEMENT_3D('',#17059,#12582,#12583);
#10352=AXIS2_PLACEMENT_3D('',#17061,#12584,#12585);
#10353=DIRECTION('',(0.,0.,1.));
#10354=DIRECTION('',(1.,0.,0.));
#10355=DIRECTION('',(0.,0.,1.));
#10356=DIRECTION('',(1.,0.,0.));
#10357=DIRECTION('',(0.,0.,-1.));
#10358=DIRECTION('',(-1.,0.,0.));
#10359=DIRECTION('',(1.,0.,0.));
#10360=DIRECTION('',(0.,1.,0.));
#10361=DIRECTION('',(1.,0.,0.));
#10362=DIRECTION('',(0.,1.,0.));
#10363=DIRECTION('',(0.,0.,-1.));
#10364=DIRECTION('',(-1.,0.,0.));
#10365=DIRECTION('',(1.,0.,0.));
#10366=DIRECTION('',(0.,0.,-1.));
#10367=DIRECTION('',(-1.,0.,0.));
#10368=DIRECTION('',(0.,1.,0.));
#10369=DIRECTION('',(0.,1.,0.));
#10370=DIRECTION('',(0.,1.,0.));
#10371=DIRECTION('',(0.,0.,-1.));
#10372=DIRECTION('',(-1.,0.,0.));
#10373=DIRECTION('',(1.,0.,0.));
#10374=DIRECTION('',(0.,1.,0.));
#10375=DIRECTION('',(1.,0.,0.));
#10376=DIRECTION('',(0.,0.,-1.));
#10377=DIRECTION('',(-1.,0.,0.));
#10378=DIRECTION('',(0.,1.,0.));
#10379=DIRECTION('',(0.,0.,-1.));
#10380=DIRECTION('',(-1.,0.,0.));
#10381=DIRECTION('',(1.,0.,0.));
#10382=DIRECTION('',(0.,1.,0.));
#10383=DIRECTION('',(0.,1.,0.));
#10384=DIRECTION('',(0.,0.,-1.));
#10385=DIRECTION('',(-1.,0.,0.));
#10386=DIRECTION('',(1.,0.,0.));
#10387=DIRECTION('',(0.,0.,-1.));
#10388=DIRECTION('',(-1.,0.,0.));
#10389=DIRECTION('',(0.,1.,0.));
#10390=DIRECTION('',(1.,0.,0.));
#10391=DIRECTION('',(0.,1.,0.));
#10392=DIRECTION('',(0.,0.,-1.));
#10393=DIRECTION('',(-1.,0.,0.));
#10394=DIRECTION('',(1.,0.,0.));
#10395=DIRECTION('',(0.,0.,-1.));
#10396=DIRECTION('',(-1.,0.,0.));
#10397=DIRECTION('',(0.,1.,0.));
#10398=DIRECTION('',(0.,-1.,0.));
#10399=DIRECTION('',(0.,0.,1.));
#10400=DIRECTION('',(1.,0.,0.));
#10401=DIRECTION('',(-1.,0.,0.));
#10402=DIRECTION('',(0.,0.,1.));
#10403=DIRECTION('',(1.,0.,0.));
#10404=DIRECTION('',(0.,1.,0.));
#10405=DIRECTION('',(0.,0.,1.));
#10406=DIRECTION('',(1.,0.,0.));
#10407=DIRECTION('',(1.,0.,0.));
#10408=DIRECTION('',(0.,0.,1.));
#10409=DIRECTION('',(1.,0.,0.));
#10410=DIRECTION('',(0.,0.,1.));
#10411=DIRECTION('',(1.,0.,0.));
#10412=DIRECTION('',(0.,0.,1.));
#10413=DIRECTION('',(1.,0.,0.));
#10414=DIRECTION('',(0.,0.,1.));
#10415=DIRECTION('',(1.,0.,0.));
#10416=DIRECTION('',(0.,0.,1.));
#10417=DIRECTION('',(1.,0.,0.));
#10418=DIRECTION('',(0.,0.,1.));
#10419=DIRECTION('',(1.,0.,0.));
#10420=DIRECTION('',(0.,0.,1.));
#10421=DIRECTION('',(1.,0.,0.));
#10422=DIRECTION('',(0.,0.,1.));
#10423=DIRECTION('',(1.,0.,0.));
#10424=DIRECTION('',(0.,0.,1.));
#10425=DIRECTION('',(1.,0.,0.));
#10426=DIRECTION('',(0.,0.,1.));
#10427=DIRECTION('',(1.,0.,0.));
#10428=DIRECTION('',(0.,-1.,0.));
#10429=DIRECTION('',(1.,0.,0.));
#10430=DIRECTION('',(0.,1.,0.));
#10431=DIRECTION('',(-1.,0.,0.));
#10432=DIRECTION('',(0.,0.,-1.));
#10433=DIRECTION('',(-1.,0.,0.));
#10434=DIRECTION('',(1.,0.,0.));
#10435=DIRECTION('',(0.,1.,0.));
#10436=DIRECTION('',(0.,1.,0.));
#10437=DIRECTION('',(0.,0.,-1.));
#10438=DIRECTION('',(-1.,0.,0.));
#10439=DIRECTION('',(1.,0.,0.));
#10440=DIRECTION('',(0.,0.,-1.));
#10441=DIRECTION('',(-1.,0.,0.));
#10442=DIRECTION('',(0.,1.,0.));
#10443=DIRECTION('',(1.,0.,0.));
#10444=DIRECTION('',(0.,1.,0.));
#10445=DIRECTION('',(0.,0.,-1.));
#10446=DIRECTION('',(-1.,0.,0.));
#10447=DIRECTION('',(1.,0.,0.));
#10448=DIRECTION('',(0.,0.,-1.));
#10449=DIRECTION('',(-1.,0.,0.));
#10450=DIRECTION('',(0.,1.,0.));
#10451=DIRECTION('',(0.,1.,0.));
#10452=DIRECTION('',(1.,0.,0.));
#10453=DIRECTION('',(0.,0.,-1.));
#10454=DIRECTION('',(-1.,0.,0.));
#10455=DIRECTION('',(0.,1.,0.));
#10456=DIRECTION('',(0.,0.,-1.));
#10457=DIRECTION('',(-1.,0.,0.));
#10458=DIRECTION('',(1.,0.,0.));
#10459=DIRECTION('',(0.,0.,-1.));
#10460=DIRECTION('',(-1.,0.,0.));
#10461=DIRECTION('',(0.,1.,0.));
#10462=DIRECTION('',(0.,0.,-1.));
#10463=DIRECTION('',(-1.,0.,0.));
#10464=DIRECTION('',(1.,0.,0.));
#10465=DIRECTION('',(0.,1.,0.));
#10466=DIRECTION('',(0.,0.,-1.));
#10467=DIRECTION('',(-1.,0.,0.));
#10468=DIRECTION('',(1.,0.,0.));
#10469=DIRECTION('',(0.,0.,-1.));
#10470=DIRECTION('',(-1.,0.,0.));
#10471=DIRECTION('',(0.,0.,-1.));
#10472=DIRECTION('',(-1.,0.,0.));
#10473=DIRECTION('',(1.,0.,0.));
#10474=DIRECTION('',(0.,0.,-1.));
#10475=DIRECTION('',(-1.,0.,0.));
#10476=DIRECTION('',(0.,1.,0.));
#10477=DIRECTION('',(0.,0.,-1.));
#10478=DIRECTION('',(-1.,0.,0.));
#10479=DIRECTION('',(1.,0.,0.));
#10480=DIRECTION('',(0.,1.,0.));
#10481=DIRECTION('',(1.,0.,0.));
#10482=DIRECTION('',(0.,0.,-1.));
#10483=DIRECTION('',(-1.,0.,0.));
#10484=DIRECTION('',(0.,1.,0.));
#10485=DIRECTION('',(0.,0.,-1.));
#10486=DIRECTION('',(-1.,0.,0.));
#10487=DIRECTION('',(1.,0.,0.));
#10488=DIRECTION('',(0.,1.,0.));
#10489=DIRECTION('',(1.,0.,0.));
#10490=DIRECTION('',(0.,0.,-1.));
#10491=DIRECTION('',(-1.,0.,0.));
#10492=DIRECTION('',(0.,1.,0.));
#10493=DIRECTION('',(0.,0.,-1.));
#10494=DIRECTION('',(-1.,0.,0.));
#10495=DIRECTION('',(1.,0.,0.));
#10496=DIRECTION('',(0.,0.,-1.));
#10497=DIRECTION('',(-1.,0.,0.));
#10498=DIRECTION('',(0.,1.,0.));
#10499=DIRECTION('',(0.,0.,-1.));
#10500=DIRECTION('',(-1.,0.,0.));
#10501=DIRECTION('',(1.,0.,0.));
#10502=DIRECTION('',(0.,0.,-1.));
#10503=DIRECTION('',(-1.,0.,0.));
#10504=DIRECTION('',(-0.160825335847191,-0.98698288300742,0.));
#10505=DIRECTION('',(0.,0.,-1.));
#10506=DIRECTION('',(-1.,0.,0.));
#10507=DIRECTION('',(1.,0.,0.));
#10508=DIRECTION('',(0.,0.,-1.));
#10509=DIRECTION('',(-1.,0.,0.));
#10510=DIRECTION('',(0.142355501242405,0.989815594576093,0.));
#10511=DIRECTION('',(1.,0.,0.));
#10512=DIRECTION('',(0.144421975480418,-0.989516191377551,0.));
#10513=DIRECTION('',(0.,0.,-1.));
#10514=DIRECTION('',(-1.,0.,0.));
#10515=DIRECTION('',(1.,0.,0.));
#10516=DIRECTION('',(0.,0.,-1.));
#10517=DIRECTION('',(-1.,0.,0.));
#10518=DIRECTION('',(-0.160610714004047,0.987017830916499,0.));
#10519=DIRECTION('',(0.,0.,1.));
#10520=DIRECTION('',(1.,0.,0.));
#10521=DIRECTION('',(0.,0.,1.));
#10522=DIRECTION('',(1.,0.,0.));
#10523=DIRECTION('',(0.,0.,1.));
#10524=DIRECTION('',(1.,0.,0.));
#10525=DIRECTION('',(0.,0.,1.));
#10526=DIRECTION('',(1.,0.,0.));
#10527=DIRECTION('',(0.,0.,1.));
#10528=DIRECTION('',(1.,0.,0.));
#10529=DIRECTION('',(0.,-1.,0.));
#10530=DIRECTION('',(0.,0.,1.));
#10531=DIRECTION('',(1.,0.,0.));
#10532=DIRECTION('',(1.,0.,0.));
#10533=DIRECTION('',(0.,0.,1.));
#10534=DIRECTION('',(1.,0.,0.));
#10535=DIRECTION('',(0.,1.,0.));
#10536=DIRECTION('',(0.,0.,1.));
#10537=DIRECTION('',(1.,0.,0.));
#10538=DIRECTION('',(-1.,0.,0.));
#10539=DIRECTION('',(0.,0.,1.));
#10540=DIRECTION('',(1.,0.,0.));
#10541=DIRECTION('',(0.,0.,1.));
#10542=DIRECTION('',(1.,0.,0.));
#10543=DIRECTION('',(0.,0.,1.));
#10544=DIRECTION('',(1.,0.,0.));
#10545=DIRECTION('',(0.,0.,1.));
#10546=DIRECTION('',(1.,0.,0.));
#10547=DIRECTION('',(0.,0.,1.));
#10548=DIRECTION('',(1.,0.,0.));
#10549=DIRECTION('',(0.,0.,1.));
#10550=DIRECTION('',(1.,0.,0.));
#10551=DIRECTION('',(0.,0.,1.));
#10552=DIRECTION('',(1.,0.,0.));
#10553=DIRECTION('',(0.,0.,1.));
#10554=DIRECTION('',(1.,0.,0.));
#10555=DIRECTION('',(0.,0.,1.));
#10556=DIRECTION('',(1.,0.,0.));
#10557=DIRECTION('',(0.,0.,1.));
#10558=DIRECTION('',(1.,0.,0.));
#10559=DIRECTION('',(0.,0.,1.));
#10560=DIRECTION('',(1.,0.,0.));
#10561=DIRECTION('',(0.,1.,0.));
#10562=DIRECTION('',(1.,0.,0.));
#10563=DIRECTION('',(0.,-1.,0.));
#10564=DIRECTION('',(0.,0.,1.));
#10565=DIRECTION('',(1.,0.,0.));
#10566=DIRECTION('',(-1.,0.,0.));
#10567=DIRECTION('',(1.,0.,0.));
#10568=DIRECTION('',(0.,0.,-1.));
#10569=DIRECTION('',(0.,0.,-1.));
#10570=DIRECTION('',(0.,0.,-1.));
#10571=DIRECTION('',(0.,-1.,0.));
#10572=DIRECTION('',(-1.,0.,0.));
#10573=DIRECTION('',(0.,0.,1.));
#10574=DIRECTION('',(0.,0.,-1.));
#10575=DIRECTION('',(0.,1.,0.));
#10576=DIRECTION('',(0.,0.,-1.));
#10577=DIRECTION('',(0.,-1.,0.));
#10578=DIRECTION('',(0.,0.,-1.));
#10579=DIRECTION('',(0.,0.,-1.));
#10580=DIRECTION('',(0.,0.,-1.));
#10581=DIRECTION('',(-1.,0.,0.));
#10582=DIRECTION('',(0.,0.,1.));
#10583=DIRECTION('',(1.,0.,0.));
#10584=DIRECTION('',(1.,0.,0.));
#10585=DIRECTION('',(0.,1.,0.));
#10586=DIRECTION('',(-1.,0.,0.));
#10587=DIRECTION('',(0.,-1.,0.));
#10588=DIRECTION('',(-1.,0.,0.));
#10589=DIRECTION('',(0.,1.,0.));
#10590=DIRECTION('',(1.,0.,0.));
#10591=DIRECTION('',(0.,-1.,0.));
#10592=DIRECTION('',(0.,0.,1.));
#10593=DIRECTION('',(1.,0.,0.));
#10594=DIRECTION('',(0.,0.,1.));
#10595=DIRECTION('',(1.,0.,0.));
#10596=DIRECTION('',(-1.,0.,0.));
#10597=DIRECTION('',(0.,0.,1.));
#10598=DIRECTION('',(1.,0.,0.));
#10599=DIRECTION('',(0.,-1.,0.));
#10600=DIRECTION('',(0.,0.,1.));
#10601=DIRECTION('',(1.,0.,0.));
#10602=DIRECTION('',(1.,0.,0.));
#10603=DIRECTION('',(0.,0.,1.));
#10604=DIRECTION('',(1.,0.,0.));
#10605=DIRECTION('',(0.,1.,0.));
#10606=DIRECTION('',(-1.,0.,0.));
#10607=DIRECTION('',(0.,0.,1.));
#10608=DIRECTION('',(1.,0.,0.));
#10609=DIRECTION('',(0.,1.,0.));
#10610=DIRECTION('',(0.,0.,1.));
#10611=DIRECTION('',(1.,0.,0.));
#10612=DIRECTION('',(1.,0.,0.));
#10613=DIRECTION('',(0.,0.,1.));
#10614=DIRECTION('',(1.,0.,0.));
#10615=DIRECTION('',(0.,-1.,0.));
#10616=DIRECTION('',(0.,0.,1.));
#10617=DIRECTION('',(1.,0.,0.));
#10618=DIRECTION('',(0.,0.,-1.));
#10619=DIRECTION('',(-1.,0.,0.));
#10620=DIRECTION('',(0.,0.,-1.));
#10621=DIRECTION('',(0.,0.,-1.));
#10622=DIRECTION('',(0.,0.,-1.));
#10623=DIRECTION('',(-1.,0.,0.));
#10624=DIRECTION('',(0.,0.,-1.));
#10625=DIRECTION('',(0.,0.,-1.));
#10626=DIRECTION('',(0.,-1.,0.));
#10627=DIRECTION('',(0.,0.,-1.));
#10628=DIRECTION('',(0.,0.,-1.));
#10629=DIRECTION('',(-1.,0.,0.));
#10630=DIRECTION('',(0.,0.,-1.));
#10631=DIRECTION('',(0.,0.,-1.));
#10632=DIRECTION('',(-1.,0.,0.));
#10633=DIRECTION('',(0.,0.,1.));
#10634=DIRECTION('',(0.,0.,-1.));
#10635=DIRECTION('',(-1.,0.,0.));
#10636=DIRECTION('',(0.,0.,-1.));
#10637=DIRECTION('',(0.,0.,-1.));
#10638=DIRECTION('',(0.,1.,0.));
#10639=DIRECTION('',(0.,0.,1.));
#10640=DIRECTION('',(1.,0.,0.));
#10641=DIRECTION('',(0.,0.,-1.));
#10642=DIRECTION('',(0.,0.,-1.));
#10643=DIRECTION('',(-1.,0.,0.));
#10644=DIRECTION('',(0.,0.,-1.));
#10645=DIRECTION('',(0.,0.,-1.));
#10646=DIRECTION('',(0.,0.,-1.));
#10647=DIRECTION('',(-1.,0.,0.));
#10648=DIRECTION('',(0.,0.,-1.));
#10649=DIRECTION('',(0.,0.,1.));
#10650=DIRECTION('',(0.,-1.,0.));
#10651=DIRECTION('',(0.,0.,-1.));
#10652=DIRECTION('',(0.,0.,-1.));
#10653=DIRECTION('',(-1.,0.,0.));
#10654=DIRECTION('',(0.,0.,1.));
#10655=DIRECTION('',(0.,0.,1.));
#10656=DIRECTION('',(-1.,0.,0.));
#10657=DIRECTION('',(0.,0.,1.));
#10658=DIRECTION('',(0.,0.,-1.));
#10659=DIRECTION('',(-1.,0.,0.));
#10660=DIRECTION('',(0.,0.,1.));
#10661=DIRECTION('',(0.,0.,-1.));
#10662=DIRECTION('',(0.,1.,0.));
#10663=DIRECTION('',(0.,0.,1.));
#10664=DIRECTION('',(1.,0.,0.));
#10665=DIRECTION('',(0.,0.,-1.));
#10666=DIRECTION('',(0.,0.,-1.));
#10667=DIRECTION('',(-1.,0.,0.));
#10668=DIRECTION('',(0.,0.,-1.));
#10669=DIRECTION('',(-1.,0.,0.));
#10670=DIRECTION('',(0.,0.,-1.));
#10671=DIRECTION('',(-1.,0.,0.));
#10672=DIRECTION('',(0.,0.,-1.));
#10673=DIRECTION('',(-1.,0.,0.));
#10674=DIRECTION('',(0.,0.,-1.));
#10675=DIRECTION('',(-1.,0.,0.));
#10676=DIRECTION('',(0.,0.,-1.));
#10677=DIRECTION('',(-1.,0.,0.));
#10678=DIRECTION('',(0.,0.,-1.));
#10679=DIRECTION('',(-1.,0.,0.));
#10680=DIRECTION('',(0.,0.,-1.));
#10681=DIRECTION('',(-1.,0.,0.));
#10682=DIRECTION('',(0.,0.,-1.));
#10683=DIRECTION('',(-1.,0.,0.));
#10684=DIRECTION('',(1.,0.,0.));
#10685=DIRECTION('',(0.,0.,-1.));
#10686=DIRECTION('',(0.,0.,-1.));
#10687=DIRECTION('',(0.,0.,-1.));
#10688=DIRECTION('',(0.,1.,0.));
#10689=DIRECTION('',(0.,0.,1.));
#10690=DIRECTION('',(0.,0.,-1.));
#10691=DIRECTION('',(-1.,0.,0.));
#10692=DIRECTION('',(0.,0.,1.));
#10693=DIRECTION('',(0.,0.,-1.));
#10694=DIRECTION('',(0.,-1.,0.));
#10695=DIRECTION('',(0.,0.,-1.));
#10696=DIRECTION('',(0.,1.,0.));
#10697=DIRECTION('',(0.,0.,1.));
#10698=DIRECTION('',(1.,0.,0.));
#10699=DIRECTION('',(0.,1.,0.));
#10700=DIRECTION('',(0.,0.,1.));
#10701=DIRECTION('',(0.,0.,-1.));
#10702=DIRECTION('',(1.,0.,0.));
#10703=DIRECTION('',(0.,0.,-1.));
#10704=DIRECTION('',(1.,0.,0.));
#10705=DIRECTION('',(0.,0.,-1.));
#10706=DIRECTION('',(0.,0.,-1.));
#10707=DIRECTION('',(0.,-1.,0.));
#10708=DIRECTION('',(0.,-1.,0.));
#10709=DIRECTION('',(0.,0.,-1.));
#10710=DIRECTION('',(0.,0.,-1.));
#10711=DIRECTION('',(-1.,0.,0.));
#10712=DIRECTION('',(-1.,0.,0.));
#10713=DIRECTION('',(0.,0.,1.));
#10714=DIRECTION('',(0.,1.,0.));
#10715=DIRECTION('',(0.,0.,1.));
#10716=DIRECTION('',(1.,0.,0.));
#10717=DIRECTION('',(0.,0.,1.));
#10718=DIRECTION('',(1.,0.,0.));
#10719=DIRECTION('',(0.,0.,1.));
#10720=DIRECTION('',(1.,0.,0.));
#10721=DIRECTION('',(0.,0.,-1.));
#10722=DIRECTION('',(-1.,0.,0.));
#10723=DIRECTION('',(0.,0.,1.));
#10724=DIRECTION('',(1.,0.,0.));
#10725=DIRECTION('',(0.,0.,1.));
#10726=DIRECTION('',(1.,0.,0.));
#10727=DIRECTION('',(0.,0.,-1.));
#10728=DIRECTION('',(-1.,0.,0.));
#10729=DIRECTION('',(0.,0.,1.));
#10730=DIRECTION('',(1.,0.,0.));
#10731=DIRECTION('',(0.,0.,1.));
#10732=DIRECTION('',(1.,0.,0.));
#10733=DIRECTION('',(0.,0.,-1.));
#10734=DIRECTION('',(-1.,0.,0.));
#10735=DIRECTION('',(0.,0.,1.));
#10736=DIRECTION('',(1.,0.,0.));
#10737=DIRECTION('',(0.,0.,1.));
#10738=DIRECTION('',(1.,0.,0.));
#10739=DIRECTION('',(0.,0.,-1.));
#10740=DIRECTION('',(-1.,0.,0.));
#10741=DIRECTION('',(0.,0.,1.));
#10742=DIRECTION('',(1.,0.,0.));
#10743=DIRECTION('',(0.,0.,1.));
#10744=DIRECTION('',(1.,0.,0.));
#10745=DIRECTION('',(0.,0.,-1.));
#10746=DIRECTION('',(-1.,0.,0.));
#10747=DIRECTION('',(0.,0.,1.));
#10748=DIRECTION('',(1.,0.,0.));
#10749=DIRECTION('',(0.,0.,1.));
#10750=DIRECTION('',(1.,0.,0.));
#10751=DIRECTION('',(0.,0.,-1.));
#10752=DIRECTION('',(-1.,0.,0.));
#10753=DIRECTION('',(0.,0.,1.));
#10754=DIRECTION('',(1.,0.,0.));
#10755=DIRECTION('',(0.,0.,1.));
#10756=DIRECTION('',(1.,0.,0.));
#10757=DIRECTION('',(0.,1.,0.));
#10758=DIRECTION('',(0.,0.,1.));
#10759=DIRECTION('',(0.,0.,-1.));
#10760=DIRECTION('',(1.,0.,0.));
#10761=DIRECTION('',(0.,0.,1.));
#10762=DIRECTION('',(1.,0.,0.));
#10763=DIRECTION('',(0.,0.,-1.));
#10764=DIRECTION('',(-1.,0.,0.));
#10765=DIRECTION('',(0.,1.,0.));
#10766=DIRECTION('',(0.,0.,-1.));
#10767=DIRECTION('',(-1.,0.,0.));
#10768=DIRECTION('',(0.,1.,0.));
#10769=DIRECTION('',(0.,0.,-1.));
#10770=DIRECTION('',(-1.,0.,0.));
#10771=DIRECTION('',(0.,1.,0.));
#10772=DIRECTION('',(1.,0.,0.));
#10773=DIRECTION('',(0.,1.,0.));
#10774=DIRECTION('',(1.,0.,0.));
#10775=DIRECTION('',(0.,0.,-1.));
#10776=DIRECTION('',(-1.,0.,0.));
#10777=DIRECTION('',(0.,1.,0.));
#10778=DIRECTION('',(1.,0.,0.));
#10779=DIRECTION('',(0.,1.,0.));
#10780=DIRECTION('',(1.,0.,0.));
#10781=DIRECTION('',(0.,0.,-1.));
#10782=DIRECTION('',(-1.,0.,0.));
#10783=DIRECTION('',(0.,1.,0.));
#10784=DIRECTION('',(0.,0.,-1.));
#10785=DIRECTION('',(-1.,0.,0.));
#10786=DIRECTION('',(1.,0.,0.));
#10787=DIRECTION('',(0.,0.,-1.));
#10788=DIRECTION('',(-1.,0.,0.));
#10789=DIRECTION('',(0.,1.,0.));
#10790=DIRECTION('',(1.,0.,0.));
#10791=DIRECTION('',(0.,1.,0.));
#10792=DIRECTION('',(0.,0.,-1.));
#10793=DIRECTION('',(-1.,0.,0.));
#10794=DIRECTION('',(1.,0.,0.));
#10795=DIRECTION('',(0.,0.,-1.));
#10796=DIRECTION('',(-1.,0.,0.));
#10797=DIRECTION('',(0.,1.,0.));
#10798=DIRECTION('',(0.,1.,0.));
#10799=DIRECTION('',(0.,1.,0.));
#10800=DIRECTION('',(0.,0.,1.));
#10801=DIRECTION('',(0.,0.,-1.));
#10802=DIRECTION('',(0.,0.,1.));
#10803=DIRECTION('',(0.,0.,-1.));
#10804=DIRECTION('',(-1.,0.,0.));
#10805=DIRECTION('',(0.,0.,1.));
#10806=DIRECTION('',(1.,0.,0.));
#10807=DIRECTION('',(0.,0.,-1.));
#10808=DIRECTION('',(0.,0.,1.));
#10809=DIRECTION('',(0.,1.,0.));
#10810=DIRECTION('',(0.,0.,1.));
#10811=DIRECTION('',(0.,0.,1.));
#10812=DIRECTION('',(0.,0.,1.));
#10813=DIRECTION('',(0.,0.,1.));
#10814=DIRECTION('',(-1.,0.,0.));
#10815=DIRECTION('',(0.,0.,1.));
#10816=DIRECTION('',(0.,0.,1.));
#10817=DIRECTION('',(-1.,0.,0.));
#10818=DIRECTION('',(0.,0.,1.));
#10819=DIRECTION('',(0.,1.,0.));
#10820=DIRECTION('',(0.,0.,1.));
#10821=DIRECTION('',(0.,0.,1.));
#10822=DIRECTION('',(0.,0.,1.));
#10823=DIRECTION('',(0.,0.,1.));
#10824=DIRECTION('',(1.,0.,0.));
#10825=DIRECTION('',(0.,0.,-1.));
#10826=DIRECTION('',(0.,0.,-1.));
#10827=DIRECTION('',(-1.,0.,0.));
#10828=DIRECTION('',(-1.,0.,0.));
#10829=DIRECTION('',(0.,0.,1.));
#10830=DIRECTION('',(0.,1.,0.));
#10831=DIRECTION('',(0.,0.,1.));
#10832=DIRECTION('',(0.,0.,1.));
#10833=DIRECTION('',(1.,0.,0.));
#10834=DIRECTION('',(0.,0.,1.));
#10835=DIRECTION('',(0.,0.,-1.));
#10836=DIRECTION('',(-1.,0.,0.));
#10837=DIRECTION('',(0.,0.,1.));
#10838=DIRECTION('',(0.,0.,1.));
#10839=DIRECTION('',(0.,0.,1.));
#10840=DIRECTION('',(0.,0.,1.));
#10841=DIRECTION('',(-1.,0.,0.));
#10842=DIRECTION('',(0.,0.,1.));
#10843=DIRECTION('',(0.,0.,1.));
#10844=DIRECTION('',(-1.,0.,0.));
#10845=DIRECTION('',(0.,0.,1.));
#10846=DIRECTION('',(0.,1.,0.));
#10847=DIRECTION('',(0.,0.,1.));
#10848=DIRECTION('',(0.,0.,1.));
#10849=DIRECTION('',(0.,0.,1.));
#10850=DIRECTION('',(0.,0.,1.));
#10851=DIRECTION('',(0.,0.,1.));
#10852=DIRECTION('',(0.,0.,1.));
#10853=DIRECTION('',(1.,0.,0.));
#10854=DIRECTION('',(0.,0.,-1.));
#10855=DIRECTION('',(0.,-1.,0.));
#10856=DIRECTION('',(0.,0.,-1.));
#10857=DIRECTION('',(1.,0.,0.));
#10858=DIRECTION('',(0.,0.,1.));
#10859=DIRECTION('',(0.,-1.,0.));
#10860=DIRECTION('',(0.,0.,-1.));
#10861=DIRECTION('',(0.,0.,1.));
#10862=DIRECTION('',(0.,0.,1.));
#10863=DIRECTION('',(1.,0.,0.));
#10864=DIRECTION('',(0.,0.,1.));
#10865=DIRECTION('',(0.,0.,1.));
#10866=DIRECTION('',(0.,0.,1.));
#10867=DIRECTION('',(0.,0.,1.));
#10868=DIRECTION('',(0.,0.,1.));
#10869=DIRECTION('',(1.,0.,0.));
#10870=DIRECTION('',(0.,0.,-1.));
#10871=DIRECTION('',(0.,0.,1.));
#10872=DIRECTION('',(1.,0.,0.));
#10873=DIRECTION('',(0.,0.,-1.));
#10874=DIRECTION('',(0.,1.,0.));
#10875=DIRECTION('',(0.,0.,1.));
#10876=DIRECTION('',(0.,0.,1.));
#10877=DIRECTION('',(0.,0.,1.));
#10878=DIRECTION('',(0.,0.,1.));
#10879=DIRECTION('',(0.,0.,1.));
#10880=DIRECTION('',(-1.,0.,0.));
#10881=DIRECTION('',(0.,0.,1.));
#10882=DIRECTION('',(0.,0.,1.));
#10883=DIRECTION('',(0.,0.,-1.));
#10884=DIRECTION('',(0.,1.,0.));
#10885=DIRECTION('',(0.,-1.,0.));
#10886=DIRECTION('',(0.,0.,-1.));
#10887=DIRECTION('',(0.,0.,-1.));
#10888=DIRECTION('',(0.,-1.,0.));
#10889=DIRECTION('',(0.,0.,-1.));
#10890=DIRECTION('',(1.,0.,0.));
#10891=DIRECTION('',(0.,0.,1.));
#10892=DIRECTION('',(0.,0.,1.));
#10893=DIRECTION('',(1.,0.,0.));
#10894=DIRECTION('',(0.,0.,-1.));
#10895=DIRECTION('',(-1.,0.,0.));
#10896=DIRECTION('',(-1.,0.,0.));
#10897=DIRECTION('',(0.,0.,1.));
#10898=DIRECTION('',(0.,0.,1.));
#10899=DIRECTION('',(0.,0.,1.));
#10900=DIRECTION('',(1.,0.,0.));
#10901=DIRECTION('',(0.,0.,-1.));
#10902=DIRECTION('',(0.,-1.,0.));
#10903=DIRECTION('',(0.,0.,-1.));
#10904=DIRECTION('',(1.,0.,0.));
#10905=DIRECTION('',(0.,-1.,0.));
#10906=DIRECTION('',(0.,0.,-1.));
#10907=DIRECTION('',(0.,0.,1.));
#10908=DIRECTION('',(0.,0.,1.));
#10909=DIRECTION('',(1.,0.,0.));
#10910=DIRECTION('',(0.,0.,-1.));
#10911=DIRECTION('',(1.,0.,0.));
#10912=DIRECTION('',(0.,0.,-1.));
#10913=DIRECTION('',(0.,0.,1.));
#10914=DIRECTION('',(1.,0.,0.));
#10915=DIRECTION('',(1.,0.,0.));
#10916=DIRECTION('',(0.,0.,-1.));
#10917=DIRECTION('',(-1.,0.,0.));
#10918=DIRECTION('',(0.,1.,0.));
#10919=DIRECTION('',(0.,0.,-1.));
#10920=DIRECTION('',(-1.,0.,0.));
#10921=DIRECTION('',(1.,0.,0.));
#10922=DIRECTION('',(0.,1.,0.));
#10923=DIRECTION('',(0.,1.,0.));
#10924=DIRECTION('',(0.,0.,1.));
#10925=DIRECTION('',(0.,0.,-1.));
#10926=DIRECTION('',(1.,0.,0.));
#10927=DIRECTION('',(0.,0.,1.));
#10928=DIRECTION('',(1.,0.,0.));
#10929=DIRECTION('',(0.,0.,-1.));
#10930=DIRECTION('',(-1.,0.,0.));
#10931=DIRECTION('',(1.,0.,0.));
#10932=DIRECTION('',(0.,0.,-1.));
#10933=DIRECTION('',(-1.,0.,0.));
#10934=DIRECTION('',(0.,1.,0.));
#10935=DIRECTION('',(1.,0.,0.));
#10936=DIRECTION('',(0.,1.,0.));
#10937=DIRECTION('',(0.,1.,0.));
#10938=DIRECTION('',(0.,0.,-1.));
#10939=DIRECTION('',(-1.,0.,0.));
#10940=DIRECTION('',(0.,1.,0.));
#10941=DIRECTION('',(0.,0.,-1.));
#10942=DIRECTION('',(-1.,0.,0.));
#10943=DIRECTION('',(0.,1.,0.));
#10944=DIRECTION('',(1.,0.,0.));
#10945=DIRECTION('',(0.,1.,0.));
#10946=DIRECTION('',(0.,1.,0.));
#10947=DIRECTION('',(0.,0.,-1.));
#10948=DIRECTION('',(-1.,0.,0.));
#10949=DIRECTION('',(1.,0.,0.));
#10950=DIRECTION('',(0.,0.,-1.));
#10951=DIRECTION('',(-1.,0.,0.));
#10952=DIRECTION('',(0.,1.,0.));
#10953=DIRECTION('',(0.,1.,0.));
#10954=DIRECTION('',(1.,0.,0.));
#10955=DIRECTION('',(0.,0.,-1.));
#10956=DIRECTION('',(-1.,0.,0.));
#10957=DIRECTION('',(0.,1.,0.));
#10958=DIRECTION('',(0.,0.,-1.));
#10959=DIRECTION('',(-1.,0.,0.));
#10960=DIRECTION('',(1.,0.,0.));
#10961=DIRECTION('',(0.,0.,-1.));
#10962=DIRECTION('',(-1.,0.,0.));
#10963=DIRECTION('',(0.,1.,0.));
#10964=DIRECTION('',(1.,0.,0.));
#10965=DIRECTION('',(0.,1.,0.));
#10966=DIRECTION('',(0.,0.,1.));
#10967=DIRECTION('',(0.,0.,-1.));
#10968=DIRECTION('',(0.,0.,1.));
#10969=DIRECTION('',(0.,0.,-1.));
#10970=DIRECTION('',(-1.,0.,0.));
#10971=DIRECTION('',(0.,0.,1.));
#10972=DIRECTION('',(0.,0.,1.));
#10973=DIRECTION('',(0.,0.,1.));
#10974=DIRECTION('',(0.,0.,1.));
#10975=DIRECTION('',(0.,0.,1.));
#10976=DIRECTION('',(-1.,0.,0.));
#10977=DIRECTION('',(0.,0.,1.));
#10978=DIRECTION('',(0.,0.,1.));
#10979=DIRECTION('',(-1.,0.,0.));
#10980=DIRECTION('',(0.,0.,1.));
#10981=DIRECTION('',(0.,1.,0.));
#10982=DIRECTION('',(0.,0.,1.));
#10983=DIRECTION('',(0.,0.,1.));
#10984=DIRECTION('',(0.,0.,1.));
#10985=DIRECTION('',(0.,0.,1.));
#10986=DIRECTION('',(1.,0.,0.));
#10987=DIRECTION('',(0.,0.,-1.));
#10988=DIRECTION('',(0.,0.,-1.));
#10989=DIRECTION('',(-1.,0.,0.));
#10990=DIRECTION('',(-1.,0.,0.));
#10991=DIRECTION('',(0.,0.,1.));
#10992=DIRECTION('',(0.,1.,0.));
#10993=DIRECTION('',(0.,0.,1.));
#10994=DIRECTION('',(0.,0.,1.));
#10995=DIRECTION('',(1.,0.,0.));
#10996=DIRECTION('',(0.,0.,1.));
#10997=DIRECTION('',(0.,0.,-1.));
#10998=DIRECTION('',(-1.,0.,0.));
#10999=DIRECTION('',(0.,0.,1.));
#11000=DIRECTION('',(0.,0.,1.));
#11001=DIRECTION('',(0.,0.,1.));
#11002=DIRECTION('',(0.,0.,1.));
#11003=DIRECTION('',(0.,-1.,0.));
#11004=DIRECTION('',(0.,0.,-1.));
#11005=DIRECTION('',(0.,0.,1.));
#11006=DIRECTION('',(0.,0.,1.));
#11007=DIRECTION('',(1.,0.,0.));
#11008=DIRECTION('',(-1.,0.,0.));
#11009=DIRECTION('',(0.,0.,1.));
#11010=DIRECTION('',(0.,0.,1.));
#11011=DIRECTION('',(-1.,0.,0.));
#11012=DIRECTION('',(0.,0.,1.));
#11013=DIRECTION('',(0.,1.,0.));
#11014=DIRECTION('',(0.,0.,1.));
#11015=DIRECTION('',(0.,0.,1.));
#11016=DIRECTION('',(0.,0.,1.));
#11017=DIRECTION('',(0.,0.,1.));
#11018=DIRECTION('',(0.,0.,1.));
#11019=DIRECTION('',(1.,0.,0.));
#11020=DIRECTION('',(0.,0.,-1.));
#11021=DIRECTION('',(0.,-1.,0.));
#11022=DIRECTION('',(0.,0.,-1.));
#11023=DIRECTION('',(0.,0.,1.));
#11024=DIRECTION('',(0.,0.,1.));
#11025=DIRECTION('',(1.,0.,0.));
#11026=DIRECTION('',(0.,0.,1.));
#11027=DIRECTION('',(0.,0.,1.));
#11028=DIRECTION('',(0.,0.,1.));
#11029=DIRECTION('',(0.,0.,1.));
#11030=DIRECTION('',(0.,0.,1.));
#11031=DIRECTION('',(1.,0.,0.));
#11032=DIRECTION('',(0.,0.,-1.));
#11033=DIRECTION('',(0.,0.,1.));
#11034=DIRECTION('',(1.,0.,0.));
#11035=DIRECTION('',(0.,0.,-1.));
#11036=DIRECTION('',(0.,1.,0.));
#11037=DIRECTION('',(0.,0.,1.));
#11038=DIRECTION('',(0.,0.,1.));
#11039=DIRECTION('',(0.,0.,1.));
#11040=DIRECTION('',(1.,0.,0.));
#11041=DIRECTION('',(0.,0.,-1.));
#11042=DIRECTION('',(0.,0.,1.));
#11043=DIRECTION('',(0.,1.,0.));
#11044=DIRECTION('',(0.,-1.,0.));
#11045=DIRECTION('',(0.,0.,-1.));
#11046=DIRECTION('',(0.,0.,1.));
#11047=DIRECTION('',(1.,0.,0.));
#11048=DIRECTION('',(0.,0.,1.));
#11049=DIRECTION('',(0.,0.,1.));
#11050=DIRECTION('',(0.,-1.,0.));
#11051=DIRECTION('',(0.,0.,-1.));
#11052=DIRECTION('',(0.,0.,-1.));
#11053=DIRECTION('',(0.,-1.,0.));
#11054=DIRECTION('',(0.,0.,-1.));
#11055=DIRECTION('',(1.,0.,0.));
#11056=DIRECTION('',(0.,0.,1.));
#11057=DIRECTION('',(0.,0.,1.));
#11058=DIRECTION('',(1.,0.,0.));
#11059=DIRECTION('',(0.,0.,-1.));
#11060=DIRECTION('',(0.,0.,-1.));
#11061=DIRECTION('',(-1.,0.,0.));
#11062=DIRECTION('',(-1.,0.,0.));
#11063=DIRECTION('',(0.,0.,1.));
#11064=DIRECTION('',(0.,1.,0.));
#11065=DIRECTION('',(-1.,0.,0.));
#11066=DIRECTION('',(0.,0.,1.));
#11067=DIRECTION('',(0.,0.,1.));
#11068=DIRECTION('',(0.,0.,1.));
#11069=DIRECTION('',(1.,0.,0.));
#11070=DIRECTION('',(0.,0.,-1.));
#11071=DIRECTION('',(0.,-1.,0.));
#11072=DIRECTION('',(0.,0.,-1.));
#11073=DIRECTION('',(0.,0.,1.));
#11074=DIRECTION('',(0.,0.,1.));
#11075=DIRECTION('',(1.,0.,0.));
#11076=DIRECTION('',(0.,0.,-1.));
#11077=DIRECTION('',(1.,0.,0.));
#11078=DIRECTION('',(0.,0.,-1.));
#11079=DIRECTION('',(0.,0.,1.));
#11080=DIRECTION('',(1.,0.,0.));
#11081=DIRECTION('',(1.,0.,0.));
#11082=DIRECTION('',(0.,0.,-1.));
#11083=DIRECTION('',(-1.,0.,0.));
#11084=DIRECTION('',(0.,1.,0.));
#11085=DIRECTION('',(0.,0.,-1.));
#11086=DIRECTION('',(-1.,0.,0.));
#11087=DIRECTION('',(1.,0.,0.));
#11088=DIRECTION('',(0.,1.,0.));
#11089=DIRECTION('',(-1.,0.,0.));
#11090=DIRECTION('',(0.,0.,1.));
#11091=DIRECTION('',(0.,0.,1.));
#11092=DIRECTION('',(0.,1.,0.));
#11093=DIRECTION('',(0.,0.,1.));
#11094=DIRECTION('',(0.,1.,0.));
#11095=DIRECTION('',(1.,0.,0.));
#11096=DIRECTION('',(0.,0.,-1.));
#11097=DIRECTION('',(0.,0.,1.));
#11098=DIRECTION('',(0.,1.,0.));
#11099=DIRECTION('',(0.,0.,1.));
#11100=DIRECTION('',(0.,1.,0.));
#11101=DIRECTION('',(0.,-1.,0.));
#11102=DIRECTION('',(0.,0.,-1.));
#11103=DIRECTION('',(1.,0.,0.));
#11104=DIRECTION('',(0.,0.,-1.));
#11105=DIRECTION('',(1.,0.,0.));
#11106=DIRECTION('',(0.,0.,-1.));
#11107=DIRECTION('',(1.,0.,0.));
#11108=DIRECTION('',(0.,1.,0.));
#11109=DIRECTION('',(0.,0.,-1.));
#11110=DIRECTION('',(-1.,0.,0.));
#11111=DIRECTION('',(1.,0.,0.));
#11112=DIRECTION('',(0.,0.,-1.));
#11113=DIRECTION('',(-1.,0.,0.));
#11114=DIRECTION('',(0.,1.,0.));
#11115=DIRECTION('',(1.,0.,0.));
#11116=DIRECTION('',(0.,0.,-1.));
#11117=DIRECTION('',(-1.,0.,0.));
#11118=DIRECTION('',(0.,1.,0.));
#11119=DIRECTION('',(0.,0.,-1.));
#11120=DIRECTION('',(-1.,0.,0.));
#11121=DIRECTION('',(1.,0.,0.));
#11122=DIRECTION('',(0.,0.,-1.));
#11123=DIRECTION('',(-1.,0.,0.));
#11124=DIRECTION('',(0.,1.,0.));
#11125=DIRECTION('',(0.,0.,-1.));
#11126=DIRECTION('',(-1.,0.,0.));
#11127=DIRECTION('',(1.,0.,0.));
#11128=DIRECTION('',(1.,0.,0.));
#11129=DIRECTION('',(0.,0.,-1.));
#11130=DIRECTION('',(-1.,0.,0.));
#11131=DIRECTION('',(0.,1.,0.));
#11132=DIRECTION('',(1.,0.,0.));
#11133=DIRECTION('',(0.,1.,0.));
#11134=DIRECTION('',(0.,0.,-1.));
#11135=DIRECTION('',(-1.,0.,0.));
#11136=DIRECTION('',(1.,0.,0.));
#11137=DIRECTION('',(0.,-1.,0.));
#11138=DIRECTION('',(0.,0.,-1.));
#11139=DIRECTION('',(0.,0.,1.));
#11140=DIRECTION('',(0.,0.,1.));
#11141=DIRECTION('',(0.,0.,1.));
#11142=DIRECTION('',(1.,0.,0.));
#11143=DIRECTION('',(0.,0.,-1.));
#11144=DIRECTION('',(0.,0.,-1.));
#11145=DIRECTION('',(-1.,0.,0.));
#11146=DIRECTION('',(0.,0.,1.));
#11147=DIRECTION('',(0.,0.,-1.));
#11148=DIRECTION('',(-1.,0.,0.));
#11149=DIRECTION('',(1.,0.,0.));
#11150=DIRECTION('',(0.,0.,-1.));
#11151=DIRECTION('',(0.,0.,1.));
#11152=DIRECTION('',(0.,0.,1.));
#11153=DIRECTION('',(1.,0.,0.));
#11154=DIRECTION('',(0.,0.,-1.));
#11155=DIRECTION('',(0.,1.,0.));
#11156=DIRECTION('',(0.,0.,1.));
#11157=DIRECTION('',(1.,0.,0.));
#11158=DIRECTION('',(0.,1.,0.));
#11159=DIRECTION('',(0.,0.,1.));
#11160=DIRECTION('',(0.,0.,1.));
#11161=DIRECTION('',(0.,0.,1.));
#11162=DIRECTION('',(1.,0.,0.));
#11163=DIRECTION('',(0.,0.,-1.));
#11164=DIRECTION('',(-1.,0.,0.));
#11165=DIRECTION('',(0.,0.,1.));
#11166=DIRECTION('',(0.,0.,1.));
#11167=DIRECTION('',(0.,0.,1.));
#11168=DIRECTION('',(1.,0.,0.));
#11169=DIRECTION('',(0.,0.,-1.));
#11170=DIRECTION('',(0.,-1.,0.));
#11171=DIRECTION('',(0.,0.,-1.));
#11172=DIRECTION('',(1.,0.,0.));
#11173=DIRECTION('',(0.,0.,1.));
#11174=DIRECTION('',(-1.,0.,0.));
#11175=DIRECTION('',(0.,0.,1.));
#11176=DIRECTION('',(0.,0.,1.));
#11177=DIRECTION('',(0.,0.,-1.));
#11178=DIRECTION('',(0.,1.,0.));
#11179=DIRECTION('',(0.,-1.,0.));
#11180=DIRECTION('',(0.,0.,-1.));
#11181=DIRECTION('',(0.,0.,-1.));
#11182=DIRECTION('',(0.,0.,1.));
#11183=DIRECTION('',(1.,0.,0.));
#11184=DIRECTION('',(0.,0.,-1.));
#11185=DIRECTION('',(-1.,0.,0.));
#11186=DIRECTION('',(-1.,0.,0.));
#11187=DIRECTION('',(0.,0.,1.));
#11188=DIRECTION('',(0.,0.,1.));
#11189=DIRECTION('',(0.,0.,1.));
#11190=DIRECTION('',(1.,0.,0.));
#11191=DIRECTION('',(0.,0.,-1.));
#11192=DIRECTION('',(0.,-1.,0.));
#11193=DIRECTION('',(0.,0.,-1.));
#11194=DIRECTION('',(1.,0.,0.));
#11195=DIRECTION('',(0.,0.,1.));
#11196=DIRECTION('',(0.,-1.,0.));
#11197=DIRECTION('',(0.,0.,-1.));
#11198=DIRECTION('',(0.,0.,1.));
#11199=DIRECTION('',(0.,0.,1.));
#11200=DIRECTION('',(1.,0.,0.));
#11201=DIRECTION('',(0.,0.,-1.));
#11202=DIRECTION('',(1.,0.,0.));
#11203=DIRECTION('',(0.,0.,-1.));
#11204=DIRECTION('',(0.,1.,0.));
#11205=DIRECTION('',(1.,0.,0.));
#11206=DIRECTION('',(0.,0.,-1.));
#11207=DIRECTION('',(0.,0.,1.));
#11208=DIRECTION('',(1.,0.,0.));
#11209=DIRECTION('',(0.,1.,0.));
#11210=DIRECTION('',(0.,0.,1.));
#11211=DIRECTION('',(0.,0.,-1.));
#11212=DIRECTION('',(1.,0.,0.));
#11213=DIRECTION('',(0.,0.,1.));
#11214=DIRECTION('',(1.,0.,0.));
#11215=DIRECTION('',(-1.,0.,0.));
#11216=DIRECTION('',(0.,0.,1.));
#11217=DIRECTION('',(0.,0.,1.));
#11218=DIRECTION('',(0.,1.,0.));
#11219=DIRECTION('',(0.,1.,0.));
#11220=DIRECTION('',(0.,0.,-1.));
#11221=DIRECTION('',(-1.,0.,0.));
#11222=DIRECTION('',(1.,0.,0.));
#11223=DIRECTION('',(0.,0.,-1.));
#11224=DIRECTION('',(-1.,0.,0.));
#11225=DIRECTION('',(0.,1.,0.));
#11226=DIRECTION('',(0.,0.,-1.));
#11227=DIRECTION('',(-1.,0.,0.));
#11228=DIRECTION('',(1.,0.,0.));
#11229=DIRECTION('',(0.,1.,0.));
#11230=DIRECTION('',(1.,0.,0.));
#11231=DIRECTION('',(0.,0.,-1.));
#11232=DIRECTION('',(-1.,0.,0.));
#11233=DIRECTION('',(0.,1.,0.));
#11234=DIRECTION('',(0.,0.,-1.));
#11235=DIRECTION('',(-1.,0.,0.));
#11236=DIRECTION('',(1.,0.,0.));
#11237=DIRECTION('',(0.,1.,0.));
#11238=DIRECTION('',(1.,0.,0.));
#11239=DIRECTION('',(0.,1.,0.));
#11240=DIRECTION('',(0.,1.,0.));
#11241=DIRECTION('',(1.,0.,0.));
#11242=DIRECTION('',(0.,0.,-1.));
#11243=DIRECTION('',(-1.,0.,0.));
#11244=DIRECTION('',(0.,1.,0.));
#11245=DIRECTION('',(0.,0.,-1.));
#11246=DIRECTION('',(-1.,0.,0.));
#11247=DIRECTION('',(1.,0.,0.));
#11248=DIRECTION('',(0.,0.,-1.));
#11249=DIRECTION('',(-1.,0.,0.));
#11250=DIRECTION('',(0.,1.,0.));
#11251=DIRECTION('',(0.,0.,-1.));
#11252=DIRECTION('',(-1.,0.,0.));
#11253=DIRECTION('',(1.,0.,0.));
#11254=DIRECTION('',(0.,0.,-1.));
#11255=DIRECTION('',(-1.,0.,0.));
#11256=DIRECTION('',(0.,1.,0.));
#11257=DIRECTION('',(0.,0.,-1.));
#11258=DIRECTION('',(-1.,0.,0.));
#11259=DIRECTION('',(1.,0.,0.));
#11260=DIRECTION('',(0.,1.,0.));
#11261=DIRECTION('',(1.,0.,0.));
#11262=DIRECTION('',(0.,0.,-1.));
#11263=DIRECTION('',(-1.,0.,0.));
#11264=DIRECTION('',(0.,1.,0.));
#11265=DIRECTION('',(0.,0.,-1.));
#11266=DIRECTION('',(-1.,0.,0.));
#11267=DIRECTION('',(1.,0.,0.));
#11268=DIRECTION('',(0.,1.,0.));
#11269=DIRECTION('',(0.,0.,1.));
#11270=DIRECTION('',(0.,0.,-1.));
#11271=DIRECTION('',(0.,0.,1.));
#11272=DIRECTION('',(0.,0.,1.));
#11273=DIRECTION('',(1.,0.,0.));
#11274=DIRECTION('',(0.,0.,-1.));
#11275=DIRECTION('',(0.,0.,-1.));
#11276=DIRECTION('',(-1.,0.,0.));
#11277=DIRECTION('',(0.,0.,1.));
#11278=DIRECTION('',(-1.,0.,0.));
#11279=DIRECTION('',(0.,0.,1.));
#11280=DIRECTION('',(0.,0.,1.));
#11281=DIRECTION('',(0.,0.,1.));
#11282=DIRECTION('',(1.,0.,0.));
#11283=DIRECTION('',(0.,0.,-1.));
#11284=DIRECTION('',(0.,-1.,0.));
#11285=DIRECTION('',(0.,0.,-1.));
#11286=DIRECTION('',(1.,0.,0.));
#11287=DIRECTION('',(0.,0.,1.));
#11288=DIRECTION('',(0.,-1.,0.));
#11289=DIRECTION('',(0.,0.,-1.));
#11290=DIRECTION('',(0.,0.,-1.));
#11291=DIRECTION('',(0.,0.,1.));
#11292=DIRECTION('',(1.,0.,0.));
#11293=DIRECTION('',(0.,0.,-1.));
#11294=DIRECTION('',(0.,0.,-1.));
#11295=DIRECTION('',(-1.,0.,0.));
#11296=DIRECTION('',(-1.,0.,0.));
#11297=DIRECTION('',(0.,0.,1.));
#11298=DIRECTION('',(0.,0.,-1.));
#11299=DIRECTION('',(-1.,0.,0.));
#11300=DIRECTION('',(0.,0.,1.));
#11301=DIRECTION('',(0.,1.,0.));
#11302=DIRECTION('',(0.,0.,1.));
#11303=DIRECTION('',(0.,0.,1.));
#11304=DIRECTION('',(1.,0.,0.));
#11305=DIRECTION('',(0.,0.,-1.));
#11306=DIRECTION('',(0.,0.,-1.));
#11307=DIRECTION('',(-1.,0.,0.));
#11308=DIRECTION('',(1.,0.,0.));
#11309=DIRECTION('',(0.,0.,-1.));
#11310=DIRECTION('',(0.,0.,1.));
#11311=DIRECTION('',(0.,1.,0.));
#11312=DIRECTION('',(-1.,0.,0.));
#11313=DIRECTION('',(0.,0.,1.));
#11314=DIRECTION('',(0.,0.,1.));
#11315=DIRECTION('',(0.,0.,1.));
#11316=DIRECTION('',(0.,1.,0.));
#11317=DIRECTION('',(0.,1.,0.));
#11318=DIRECTION('',(0.,0.,1.));
#11319=DIRECTION('',(1.,0.,0.));
#11320=DIRECTION('',(0.,1.,0.));
#11321=DIRECTION('',(0.,0.,1.));
#11322=DIRECTION('',(0.,0.,1.));
#11323=DIRECTION('',(0.,0.,1.));
#11324=DIRECTION('',(1.,0.,0.));
#11325=DIRECTION('',(0.,0.,-1.));
#11326=DIRECTION('',(-1.,0.,0.));
#11327=DIRECTION('',(0.,0.,1.));
#11328=DIRECTION('',(0.,0.,1.));
#11329=DIRECTION('',(0.,0.,1.));
#11330=DIRECTION('',(1.,0.,0.));
#11331=DIRECTION('',(0.,0.,-1.));
#11332=DIRECTION('',(0.,-1.,0.));
#11333=DIRECTION('',(0.,0.,-1.));
#11334=DIRECTION('',(1.,0.,0.));
#11335=DIRECTION('',(0.,0.,1.));
#11336=DIRECTION('',(0.,-1.,0.));
#11337=DIRECTION('',(0.,0.,-1.));
#11338=DIRECTION('',(0.,0.,-1.));
#11339=DIRECTION('',(0.,0.,1.));
#11340=DIRECTION('',(1.,0.,0.));
#11341=DIRECTION('',(0.,0.,-1.));
#11342=DIRECTION('',(0.,0.,-1.));
#11343=DIRECTION('',(-1.,0.,0.));
#11344=DIRECTION('',(-1.,0.,0.));
#11345=DIRECTION('',(0.,0.,1.));
#11346=DIRECTION('',(0.,0.,-1.));
#11347=DIRECTION('',(-1.,0.,0.));
#11348=DIRECTION('',(0.,0.,1.));
#11349=DIRECTION('',(0.,1.,0.));
#11350=DIRECTION('',(0.,0.,1.));
#11351=DIRECTION('',(0.,0.,1.));
#11352=DIRECTION('',(1.,0.,0.));
#11353=DIRECTION('',(0.,0.,-1.));
#11354=DIRECTION('',(0.,0.,-1.));
#11355=DIRECTION('',(-1.,0.,0.));
#11356=DIRECTION('',(-1.,0.,0.));
#11357=DIRECTION('',(0.,0.,1.));
#11358=DIRECTION('',(0.,0.,1.));
#11359=DIRECTION('',(0.,0.,1.));
#11360=DIRECTION('',(0.,1.,0.));
#11361=DIRECTION('',(0.,1.,0.));
#11362=DIRECTION('',(0.,0.,1.));
#11363=DIRECTION('',(1.,0.,0.));
#11364=DIRECTION('',(0.,1.,0.));
#11365=DIRECTION('',(0.,0.,1.));
#11366=DIRECTION('',(0.,0.,1.));
#11367=DIRECTION('',(0.,0.,1.));
#11368=DIRECTION('',(1.,0.,0.));
#11369=DIRECTION('',(0.,0.,-1.));
#11370=DIRECTION('',(-1.,0.,0.));
#11371=DIRECTION('',(0.,0.,1.));
#11372=DIRECTION('',(0.,0.,1.));
#11373=DIRECTION('',(0.,0.,1.));
#11374=DIRECTION('',(1.,0.,0.));
#11375=DIRECTION('',(0.,0.,-1.));
#11376=DIRECTION('',(0.,-1.,0.));
#11377=DIRECTION('',(0.,0.,-1.));
#11378=DIRECTION('',(1.,0.,0.));
#11379=DIRECTION('',(0.,-1.,0.));
#11380=DIRECTION('',(0.,0.,-1.));
#11381=DIRECTION('',(0.,0.,1.));
#11382=DIRECTION('',(0.,0.,1.));
#11383=DIRECTION('',(1.,0.,0.));
#11384=DIRECTION('',(0.,0.,-1.));
#11385=DIRECTION('',(1.,0.,0.));
#11386=DIRECTION('',(0.,0.,-1.));
#11387=DIRECTION('',(0.,0.,1.));
#11388=DIRECTION('',(1.,0.,0.));
#11389=DIRECTION('',(0.,0.,-1.));
#11390=DIRECTION('',(-1.,0.,0.));
#11391=DIRECTION('',(1.,0.,0.));
#11392=DIRECTION('',(0.,0.,-1.));
#11393=DIRECTION('',(-1.,0.,0.));
#11394=DIRECTION('',(0.,1.,0.));
#11395=DIRECTION('',(0.,0.,-1.));
#11396=DIRECTION('',(-1.,0.,0.));
#11397=DIRECTION('',(1.,0.,0.));
#11398=DIRECTION('',(0.,1.,0.));
#11399=DIRECTION('',(0.,1.,0.));
#11400=DIRECTION('',(1.,0.,0.));
#11401=DIRECTION('',(0.,1.,0.));
#11402=DIRECTION('',(1.,0.,0.));
#11403=DIRECTION('',(0.,0.,1.));
#11404=DIRECTION('',(0.,0.,1.));
#11405=DIRECTION('',(0.,0.,1.));
#11406=DIRECTION('',(0.,0.,1.));
#11407=DIRECTION('',(0.,0.,1.));
#11408=DIRECTION('',(0.,0.,1.));
#11409=DIRECTION('',(1.,0.,0.));
#11410=DIRECTION('',(0.,0.,-1.));
#11411=DIRECTION('',(0.,1.,0.));
#11412=DIRECTION('',(0.,0.,1.));
#11413=DIRECTION('',(1.,0.,0.));
#11414=DIRECTION('',(0.,0.,-1.));
#11415=DIRECTION('',(0.,0.,1.));
#11416=DIRECTION('',(0.,0.,1.));
#11417=DIRECTION('',(0.,0.,1.));
#11418=DIRECTION('',(0.,0.,1.));
#11419=DIRECTION('',(0.,0.,1.));
#11420=DIRECTION('',(0.,-1.,0.));
#11421=DIRECTION('',(0.,0.,-1.));
#11422=DIRECTION('',(0.,0.,-1.));
#11423=DIRECTION('',(1.,0.,0.));
#11424=DIRECTION('',(0.,-1.,0.));
#11425=DIRECTION('',(0.,0.,-1.));
#11426=DIRECTION('',(0.,0.,1.));
#11427=DIRECTION('',(0.,0.,1.));
#11428=DIRECTION('',(1.,0.,0.));
#11429=DIRECTION('',(0.,0.,-1.));
#11430=DIRECTION('',(-1.,0.,0.));
#11431=DIRECTION('',(0.,0.,1.));
#11432=DIRECTION('',(0.,0.,-1.));
#11433=DIRECTION('',(0.,1.,0.));
#11434=DIRECTION('',(-1.,0.,0.));
#11435=DIRECTION('',(0.,0.,1.));
#11436=DIRECTION('',(0.,0.,1.));
#11437=DIRECTION('',(0.,0.,1.));
#11438=DIRECTION('',(1.,0.,0.));
#11439=DIRECTION('',(0.,0.,-1.));
#11440=DIRECTION('',(0.,1.,0.));
#11441=DIRECTION('',(0.,0.,1.));
#11442=DIRECTION('',(1.,0.,0.));
#11443=DIRECTION('',(0.,1.,0.));
#11444=DIRECTION('',(0.,0.,1.));
#11445=DIRECTION('',(0.,0.,1.));
#11446=DIRECTION('',(1.,0.,0.));
#11447=DIRECTION('',(0.,1.,0.));
#11448=DIRECTION('',(0.,0.,1.));
#11449=DIRECTION('',(0.,0.,1.));
#11450=DIRECTION('',(1.,0.,0.));
#11451=DIRECTION('',(0.,0.,-1.));
#11452=DIRECTION('',(1.,0.,0.));
#11453=DIRECTION('',(0.,0.,-1.));
#11454=DIRECTION('',(-1.,0.,0.));
#11455=DIRECTION('',(-0.160825335847191,-0.98698288300742,0.));
#11456=DIRECTION('',(1.,0.,0.));
#11457=DIRECTION('',(0.142355501242405,0.989815594576093,0.));
#11458=DIRECTION('',(0.,0.,-1.));
#11459=DIRECTION('',(-1.,0.,0.));
#11460=DIRECTION('',(1.,0.,0.));
#11461=DIRECTION('',(0.,0.,-1.));
#11462=DIRECTION('',(-1.,0.,0.));
#11463=DIRECTION('',(0.144421975480418,-0.989516191377551,0.));
#11464=DIRECTION('',(1.,0.,0.));
#11465=DIRECTION('',(-0.160610714004047,0.987017830916499,0.));
#11466=DIRECTION('',(1.,0.,0.));
#11467=DIRECTION('',(0.,0.,-1.));
#11468=DIRECTION('',(-1.,0.,0.));
#11469=DIRECTION('',(-0.160610714004047,0.987017830916499,0.));
#11470=DIRECTION('',(0.,0.,-1.));
#11471=DIRECTION('',(-1.,0.,0.));
#11472=DIRECTION('',(1.,0.,0.));
#11473=DIRECTION('',(0.,0.,-1.));
#11474=DIRECTION('',(-1.,0.,0.));
#11475=DIRECTION('',(0.144421975480418,-0.989516191377551,0.));
#11476=DIRECTION('',(1.,0.,0.));
#11477=DIRECTION('',(0.142355501242405,0.989815594576093,0.));
#11478=DIRECTION('',(0.,0.,-1.));
#11479=DIRECTION('',(-1.,0.,0.));
#11480=DIRECTION('',(1.,0.,0.));
#11481=DIRECTION('',(0.,0.,-1.));
#11482=DIRECTION('',(-1.,0.,0.));
#11483=DIRECTION('',(-0.160825335847191,-0.98698288300742,0.));
#11484=DIRECTION('',(0.,0.,-1.));
#11485=DIRECTION('',(-1.,0.,0.));
#11486=DIRECTION('',(0.,1.,0.));
#11487=DIRECTION('',(0.,0.,1.));
#11488=DIRECTION('',(0.,0.,-1.));
#11489=DIRECTION('',(0.,0.,1.));
#11490=DIRECTION('',(0.,0.,1.));
#11491=DIRECTION('',(1.,0.,0.));
#11492=DIRECTION('',(0.,0.,-1.));
#11493=DIRECTION('',(0.,0.,-1.));
#11494=DIRECTION('',(-1.,0.,0.));
#11495=DIRECTION('',(0.,0.,1.));
#11496=DIRECTION('',(-0.98698288300742,0.160825335847191,0.));
#11497=DIRECTION('',(-0.160825335847191,-0.98698288300742,0.));
#11498=DIRECTION('',(-0.160825335847191,-0.98698288300742,0.));
#11499=DIRECTION('',(0.,0.,1.));
#11500=DIRECTION('',(0.987017830916499,0.160610714004047,0.));
#11501=DIRECTION('',(-0.160610714004047,0.987017830916499,0.));
#11502=DIRECTION('',(0.,0.,1.));
#11503=DIRECTION('',(-0.160610714004047,0.987017830916499,0.));
#11504=DIRECTION('',(0.,0.,1.));
#11505=DIRECTION('',(1.,0.,0.));
#11506=DIRECTION('',(0.,0.,1.));
#11507=DIRECTION('',(0.,0.,-1.));
#11508=DIRECTION('',(-1.,0.,0.));
#11509=DIRECTION('',(0.,0.,1.));
#11510=DIRECTION('',(0.,-1.,0.));
#11511=DIRECTION('',(0.,0.,-1.));
#11512=DIRECTION('',(0.,0.,1.));
#11513=DIRECTION('',(1.,0.,0.));
#11514=DIRECTION('',(-0.98698288300742,0.160825335847191,0.));
#11515=DIRECTION('',(-0.160825335847191,-0.98698288300742,0.));
#11516=DIRECTION('',(0.,0.,1.));
#11517=DIRECTION('',(0.,0.,1.));
#11518=DIRECTION('',(1.,0.,0.));
#11519=DIRECTION('',(0.,0.,-1.));
#11520=DIRECTION('',(0.,-1.,0.));
#11521=DIRECTION('',(0.,0.,-1.));
#11522=DIRECTION('',(0.,0.,1.));
#11523=DIRECTION('',(0.,0.,1.));
#11524=DIRECTION('',(1.,0.,0.));
#11525=DIRECTION('',(0.,0.,-1.));
#11526=DIRECTION('',(0.989815594576093,-0.142355501242405,0.));
#11527=DIRECTION('',(0.142355501242405,0.989815594576093,0.));
#11528=DIRECTION('',(0.142355501242405,0.989815594576093,0.));
#11529=DIRECTION('',(0.989815594576093,-0.142355501242405,0.));
#11530=DIRECTION('',(0.142355501242405,0.989815594576093,0.));
#11531=DIRECTION('',(0.,0.,-1.));
#11532=DIRECTION('',(-0.989516191377551,-0.144421975480418,0.));
#11533=DIRECTION('',(0.144421975480418,-0.989516191377551,0.));
#11534=DIRECTION('',(0.,0.,1.));
#11535=DIRECTION('',(0.,0.,-1.));
#11536=DIRECTION('',(0.144421975480418,-0.989516191377551,0.));
#11537=DIRECTION('',(0.,-1.,0.));
#11538=DIRECTION('',(0.,0.,-1.));
#11539=DIRECTION('',(0.,0.,-1.));
#11540=DIRECTION('',(0.,-1.,0.));
#11541=DIRECTION('',(0.,0.,-1.));
#11542=DIRECTION('',(1.,0.,0.));
#11543=DIRECTION('',(0.,0.,1.));
#11544=DIRECTION('',(0.,0.,1.));
#11545=DIRECTION('',(1.,0.,0.));
#11546=DIRECTION('',(0.,0.,-1.));
#11547=DIRECTION('',(-1.,0.,0.));
#11548=DIRECTION('',(-0.989516191377551,-0.144421975480418,0.));
#11549=DIRECTION('',(0.144421975480418,-0.989516191377551,0.));
#11550=DIRECTION('',(0.,0.,1.));
#11551=DIRECTION('',(0.,0.,1.));
#11552=DIRECTION('',(1.,0.,0.));
#11553=DIRECTION('',(0.,0.,-1.));
#11554=DIRECTION('',(0.,-1.,0.));
#11555=DIRECTION('',(0.,0.,-1.));
#11556=DIRECTION('',(1.,0.,0.));
#11557=DIRECTION('',(0.,-1.,0.));
#11558=DIRECTION('',(0.,0.,-1.));
#11559=DIRECTION('',(0.,0.,1.));
#11560=DIRECTION('',(0.,0.,1.));
#11561=DIRECTION('',(1.,0.,0.));
#11562=DIRECTION('',(0.,0.,-1.));
#11563=DIRECTION('',(0.987017830916499,0.160610714004047,0.));
#11564=DIRECTION('',(-0.160610714004047,0.987017830916499,0.));
#11565=DIRECTION('',(0.,0.,1.));
#11566=DIRECTION('',(1.,0.,0.));
#11567=DIRECTION('',(0.139981144987048,0.990154169333299,0.));
#11568=DIRECTION('',(0.,0.,-1.));
#11569=DIRECTION('',(-1.,0.,0.));
#11570=DIRECTION('',(1.,0.,0.));
#11571=DIRECTION('',(0.,0.,-1.));
#11572=DIRECTION('',(-1.,0.,0.));
#11573=DIRECTION('',(0.137348906057158,-0.990522729676054,0.));
#11574=DIRECTION('',(0.,0.,-1.));
#11575=DIRECTION('',(-1.,0.,0.));
#11576=DIRECTION('',(1.,0.,0.));
#11577=DIRECTION('',(0.,0.,-1.));
#11578=DIRECTION('',(-1.,0.,0.));
#11579=DIRECTION('',(0.,1.,0.));
#11580=DIRECTION('',(0.,0.,1.));
#11581=DIRECTION('',(0.,0.,-1.));
#11582=DIRECTION('',(1.,0.,0.));
#11583=DIRECTION('',(0.,0.,1.));
#11584=DIRECTION('',(1.,0.,0.));
#11585=DIRECTION('',(0.,0.,-1.));
#11586=DIRECTION('',(-1.,0.,0.));
#11587=DIRECTION('',(1.,0.,0.));
#11588=DIRECTION('',(0.,1.,0.));
#11589=DIRECTION('',(0.,1.,0.));
#11590=DIRECTION('',(0.,1.,0.));
#11591=DIRECTION('',(1.,0.,0.));
#11592=DIRECTION('',(0.,0.,-1.));
#11593=DIRECTION('',(-1.,0.,0.));
#11594=DIRECTION('',(0.,1.,0.));
#11595=DIRECTION('',(0.,0.,-1.));
#11596=DIRECTION('',(-1.,0.,0.));
#11597=DIRECTION('',(1.,0.,0.));
#11598=DIRECTION('',(0.,1.,0.));
#11599=DIRECTION('',(0.,0.,1.));
#11600=DIRECTION('',(0.,0.,-1.));
#11601=DIRECTION('',(0.,0.,1.));
#11602=DIRECTION('',(0.,0.,-1.));
#11603=DIRECTION('',(-1.,0.,0.));
#11604=DIRECTION('',(0.,0.,1.));
#11605=DIRECTION('',(0.,0.,1.));
#11606=DIRECTION('',(0.,0.,1.));
#11607=DIRECTION('',(0.,0.,1.));
#11608=DIRECTION('',(0.,0.,1.));
#11609=DIRECTION('',(-1.,0.,0.));
#11610=DIRECTION('',(0.,0.,1.));
#11611=DIRECTION('',(0.,0.,1.));
#11612=DIRECTION('',(-1.,0.,0.));
#11613=DIRECTION('',(0.,0.,1.));
#11614=DIRECTION('',(0.,1.,0.));
#11615=DIRECTION('',(0.,0.,1.));
#11616=DIRECTION('',(1.,0.,0.));
#11617=DIRECTION('',(0.,0.,-1.));
#11618=DIRECTION('',(0.,0.,1.));
#11619=DIRECTION('',(0.,1.,0.));
#11620=DIRECTION('',(0.,0.,1.));
#11621=DIRECTION('',(0.,0.,1.));
#11622=DIRECTION('',(0.,0.,1.));
#11623=DIRECTION('',(0.,0.,1.));
#11624=DIRECTION('',(0.,-1.,0.));
#11625=DIRECTION('',(0.,0.,-1.));
#11626=DIRECTION('',(1.,0.,0.));
#11627=DIRECTION('',(0.,-1.,0.));
#11628=DIRECTION('',(0.,0.,-1.));
#11629=DIRECTION('',(0.,0.,1.));
#11630=DIRECTION('',(0.,0.,1.));
#11631=DIRECTION('',(1.,0.,0.));
#11632=DIRECTION('',(0.,0.,-1.));
#11633=DIRECTION('',(1.,0.,0.));
#11634=DIRECTION('',(0.,0.,-1.));
#11635=DIRECTION('',(0.,0.,-1.));
#11636=DIRECTION('',(0.139981144987048,0.990154169333299,0.));
#11637=DIRECTION('',(1.,0.,0.));
#11638=DIRECTION('',(0.137348906057158,-0.990522729676054,0.));
#11639=DIRECTION('',(0.139981144987048,0.990154169333299,0.));
#11640=DIRECTION('',(0.,0.,-1.));
#11641=DIRECTION('',(-1.,0.,0.));
#11642=DIRECTION('',(0.137348906057158,-0.990522729676054,0.));
#11643=DIRECTION('',(0.,0.,-1.));
#11644=DIRECTION('',(-1.,0.,0.));
#11645=DIRECTION('',(1.,0.,0.));
#11646=DIRECTION('',(0.,0.,-1.));
#11647=DIRECTION('',(-1.,0.,0.));
#11648=DIRECTION('',(0.139981144987048,0.990154169333299,0.));
#11649=DIRECTION('',(0.,0.,-1.));
#11650=DIRECTION('',(-1.,0.,0.));
#11651=DIRECTION('',(1.,0.,0.));
#11652=DIRECTION('',(0.990154169333299,-0.139981144987048,0.));
#11653=DIRECTION('',(0.139981144987048,0.990154169333299,0.));
#11654=DIRECTION('',(0.,0.,-1.));
#11655=DIRECTION('',(0.139981144987048,0.990154169333299,0.));
#11656=DIRECTION('',(0.,0.,1.));
#11657=DIRECTION('',(0.990154169333299,-0.139981144987048,0.));
#11658=DIRECTION('',(0.139981144987048,0.990154169333299,0.));
#11659=DIRECTION('',(0.,0.,-1.));
#11660=DIRECTION('',(0.,0.,1.));
#11661=DIRECTION('',(0.,0.,1.));
#11662=DIRECTION('',(1.,0.,0.));
#11663=DIRECTION('',(0.,0.,-1.));
#11664=DIRECTION('',(0.,0.,-1.));
#11665=DIRECTION('',(-1.,0.,0.));
#11666=DIRECTION('',(0.,0.,1.));
#11667=DIRECTION('',(0.,-1.,0.));
#11668=DIRECTION('',(0.,0.,-1.));
#11669=DIRECTION('',(0.,0.,1.));
#11670=DIRECTION('',(0.,0.,1.));
#11671=DIRECTION('',(1.,0.,0.));
#11672=DIRECTION('',(0.,0.,-1.));
#11673=DIRECTION('',(-0.990522729676054,-0.137348906057158,0.));
#11674=DIRECTION('',(0.137348906057158,-0.990522729676054,0.));
#11675=DIRECTION('',(0.,0.,-1.));
#11676=DIRECTION('',(0.137348906057158,-0.990522729676054,0.));
#11677=DIRECTION('',(-0.990522729676054,-0.137348906057158,0.));
#11678=DIRECTION('',(0.137348906057158,-0.990522729676054,0.));
#11679=DIRECTION('',(0.,0.,1.));
#11680=DIRECTION('',(0.,0.,1.));
#11681=DIRECTION('',(1.,0.,0.));
#11682=DIRECTION('',(0.,0.,-1.));
#11683=DIRECTION('',(0.,1.,0.));
#11684=DIRECTION('',(0.,0.,1.));
#11685=DIRECTION('',(1.,0.,0.));
#11686=DIRECTION('',(0.,1.,0.));
#11687=DIRECTION('',(0.,0.,1.));
#11688=DIRECTION('',(0.,0.,1.));
#11689=DIRECTION('',(1.,0.,0.));
#11690=DIRECTION('',(0.,0.,-1.));
#11691=DIRECTION('',(-1.,0.,0.));
#11692=DIRECTION('',(0.,1.,0.));
#11693=DIRECTION('',(0.,1.,0.));
#11694=DIRECTION('',(0.,1.,0.));
#11695=DIRECTION('',(0.,1.,0.));
#11696=DIRECTION('',(0.,0.,1.));
#11697=DIRECTION('',(0.,0.,1.));
#11698=DIRECTION('',(0.,0.,1.));
#11699=DIRECTION('',(0.,0.,1.));
#11700=DIRECTION('',(0.,0.,1.));
#11701=DIRECTION('',(0.,0.,1.));
#11702=DIRECTION('',(1.,0.,0.));
#11703=DIRECTION('',(0.,0.,-1.));
#11704=DIRECTION('',(0.,0.,1.));
#11705=DIRECTION('',(1.,0.,0.));
#11706=DIRECTION('',(0.,0.,-1.));
#11707=DIRECTION('',(0.,1.,0.));
#11708=DIRECTION('',(0.,0.,1.));
#11709=DIRECTION('',(0.,0.,1.));
#11710=DIRECTION('',(0.,0.,1.));
#11711=DIRECTION('',(0.,0.,1.));
#11712=DIRECTION('',(0.,0.,1.));
#11713=DIRECTION('',(0.,0.,1.));
#11714=DIRECTION('',(0.,0.,1.));
#11715=DIRECTION('',(0.,0.,1.));
#11716=DIRECTION('',(0.,0.,1.));
#11717=DIRECTION('',(-1.,0.,0.));
#11718=DIRECTION('',(0.,0.,1.));
#11719=DIRECTION('',(0.,0.,1.));
#11720=DIRECTION('',(-1.,0.,0.));
#11721=DIRECTION('',(0.,0.,1.));
#11722=DIRECTION('',(0.,1.,0.));
#11723=DIRECTION('',(0.,0.,1.));
#11724=DIRECTION('',(0.,0.,1.));
#11725=DIRECTION('',(0.,0.,1.));
#11726=DIRECTION('',(0.,0.,-1.));
#11727=DIRECTION('',(-1.,0.,0.));
#11728=DIRECTION('',(1.,0.,0.));
#11729=DIRECTION('',(0.,0.,-1.));
#11730=DIRECTION('',(-1.,0.,0.));
#11731=DIRECTION('',(0.,1.,0.));
#11732=DIRECTION('',(0.,0.,-1.));
#11733=DIRECTION('',(-1.,0.,0.));
#11734=DIRECTION('',(1.,0.,0.));
#11735=DIRECTION('',(0.,1.,0.));
#11736=DIRECTION('',(0.,1.,0.));
#11737=DIRECTION('',(1.,0.,0.));
#11738=DIRECTION('',(0.,1.,0.));
#11739=DIRECTION('',(1.,0.,0.));
#11740=DIRECTION('',(0.,0.,1.));
#11741=DIRECTION('',(0.,0.,1.));
#11742=DIRECTION('',(0.,0.,1.));
#11743=DIRECTION('',(0.,0.,1.));
#11744=DIRECTION('',(0.,0.,1.));
#11745=DIRECTION('',(0.,0.,1.));
#11746=DIRECTION('',(1.,0.,0.));
#11747=DIRECTION('',(0.,0.,-1.));
#11748=DIRECTION('',(0.,1.,0.));
#11749=DIRECTION('',(0.,0.,1.));
#11750=DIRECTION('',(1.,0.,0.));
#11751=DIRECTION('',(0.,0.,-1.));
#11752=DIRECTION('',(0.,0.,1.));
#11753=DIRECTION('',(0.,0.,1.));
#11754=DIRECTION('',(0.,0.,1.));
#11755=DIRECTION('',(0.,0.,1.));
#11756=DIRECTION('',(0.,0.,1.));
#11757=DIRECTION('',(0.,-1.,0.));
#11758=DIRECTION('',(0.,0.,-1.));
#11759=DIRECTION('',(0.,0.,-1.));
#11760=DIRECTION('',(1.,0.,0.));
#11761=DIRECTION('',(0.,-1.,0.));
#11762=DIRECTION('',(0.,0.,-1.));
#11763=DIRECTION('',(0.,0.,1.));
#11764=DIRECTION('',(0.,0.,1.));
#11765=DIRECTION('',(1.,0.,0.));
#11766=DIRECTION('',(0.,0.,-1.));
#11767=DIRECTION('',(-1.,0.,0.));
#11768=DIRECTION('',(0.,0.,1.));
#11769=DIRECTION('',(0.,0.,-1.));
#11770=DIRECTION('',(0.,1.,0.));
#11771=DIRECTION('',(-1.,0.,0.));
#11772=DIRECTION('',(0.,0.,1.));
#11773=DIRECTION('',(0.,0.,1.));
#11774=DIRECTION('',(0.,0.,1.));
#11775=DIRECTION('',(1.,0.,0.));
#11776=DIRECTION('',(0.,0.,-1.));
#11777=DIRECTION('',(0.,1.,0.));
#11778=DIRECTION('',(0.,0.,1.));
#11779=DIRECTION('',(1.,0.,0.));
#11780=DIRECTION('',(0.,1.,0.));
#11781=DIRECTION('',(0.,0.,1.));
#11782=DIRECTION('',(0.,0.,1.));
#11783=DIRECTION('',(1.,0.,0.));
#11784=DIRECTION('',(0.,1.,0.));
#11785=DIRECTION('',(0.,0.,1.));
#11786=DIRECTION('',(0.,0.,-1.));
#11787=DIRECTION('',(1.,0.,0.));
#11788=DIRECTION('',(0.,0.,1.));
#11789=DIRECTION('',(1.,0.,0.));
#11790=DIRECTION('',(0.,0.,-1.));
#11791=DIRECTION('',(-1.,0.,0.));
#11792=DIRECTION('',(0.,1.,0.));
#11793=DIRECTION('',(1.,0.,0.));
#11794=DIRECTION('',(0.,0.,-1.));
#11795=DIRECTION('',(-1.,0.,0.));
#11796=DIRECTION('',(0.,1.,0.));
#11797=DIRECTION('',(1.,0.,0.));
#11798=DIRECTION('',(0.,1.,0.));
#11799=DIRECTION('',(1.,0.,0.));
#11800=DIRECTION('',(0.,0.,-1.));
#11801=DIRECTION('',(-1.,0.,0.));
#11802=DIRECTION('',(0.,1.,0.));
#11803=DIRECTION('',(0.,0.,-1.));
#11804=DIRECTION('',(-1.,0.,0.));
#11805=DIRECTION('',(1.,0.,0.));
#11806=DIRECTION('',(0.,0.,-1.));
#11807=DIRECTION('',(-1.,0.,0.));
#11808=DIRECTION('',(0.,1.,0.));
#11809=DIRECTION('',(1.,0.,0.));
#11810=DIRECTION('',(0.,1.,0.));
#11811=DIRECTION('',(0.,1.,0.));
#11812=DIRECTION('',(0.,0.,1.));
#11813=DIRECTION('',(0.,0.,-1.));
#11814=DIRECTION('',(0.,0.,1.));
#11815=DIRECTION('',(0.,0.,-1.));
#11816=DIRECTION('',(-1.,0.,0.));
#11817=DIRECTION('',(0.,0.,1.));
#11818=DIRECTION('',(0.,0.,1.));
#11819=DIRECTION('',(0.,0.,1.));
#11820=DIRECTION('',(0.,0.,1.));
#11821=DIRECTION('',(0.,0.,1.));
#11822=DIRECTION('',(1.,0.,0.));
#11823=DIRECTION('',(0.,0.,-1.));
#11824=DIRECTION('',(0.,0.,1.));
#11825=DIRECTION('',(0.,1.,0.));
#11826=DIRECTION('',(-1.,0.,0.));
#11827=DIRECTION('',(0.,0.,1.));
#11828=DIRECTION('',(0.,0.,1.));
#11829=DIRECTION('',(-1.,0.,0.));
#11830=DIRECTION('',(0.,0.,1.));
#11831=DIRECTION('',(0.,1.,0.));
#11832=DIRECTION('',(0.,0.,1.));
#11833=DIRECTION('',(0.,0.,1.));
#11834=DIRECTION('',(0.,0.,1.));
#11835=DIRECTION('',(0.,0.,1.));
#11836=DIRECTION('',(0.,0.,1.));
#11837=DIRECTION('',(0.,-1.,0.));
#11838=DIRECTION('',(0.,0.,-1.));
#11839=DIRECTION('',(0.,0.,-1.));
#11840=DIRECTION('',(0.,-1.,0.));
#11841=DIRECTION('',(0.,0.,-1.));
#11842=DIRECTION('',(1.,0.,0.));
#11843=DIRECTION('',(0.,0.,1.));
#11844=DIRECTION('',(0.,0.,1.));
#11845=DIRECTION('',(1.,0.,0.));
#11846=DIRECTION('',(0.,0.,-1.));
#11847=DIRECTION('',(0.,0.,-1.));
#11848=DIRECTION('',(-1.,0.,0.));
#11849=DIRECTION('',(0.,-1.,0.));
#11850=DIRECTION('',(0.,0.,-1.));
#11851=DIRECTION('',(0.,0.,1.));
#11852=DIRECTION('',(1.,0.,0.));
#11853=DIRECTION('',(-1.,0.,0.));
#11854=DIRECTION('',(0.,0.,1.));
#11855=DIRECTION('',(0.,1.,0.));
#11856=DIRECTION('',(-1.,0.,0.));
#11857=DIRECTION('',(0.,0.,1.));
#11858=DIRECTION('',(0.,0.,1.));
#11859=DIRECTION('',(0.,0.,1.));
#11860=DIRECTION('',(1.,0.,0.));
#11861=DIRECTION('',(0.,0.,-1.));
#11862=DIRECTION('',(0.,-1.,0.));
#11863=DIRECTION('',(0.,0.,-1.));
#11864=DIRECTION('',(0.,0.,1.));
#11865=DIRECTION('',(0.,0.,1.));
#11866=DIRECTION('',(1.,0.,0.));
#11867=DIRECTION('',(0.,0.,-1.));
#11868=DIRECTION('',(1.,0.,0.));
#11869=DIRECTION('',(0.,0.,-1.));
#11870=DIRECTION('',(0.,0.,1.));
#11871=DIRECTION('',(1.,0.,0.));
#11872=DIRECTION('',(1.,0.,0.));
#11873=DIRECTION('',(0.,0.,-1.));
#11874=DIRECTION('',(-1.,0.,0.));
#11875=DIRECTION('',(0.,1.,0.));
#11876=DIRECTION('',(0.,0.,-1.));
#11877=DIRECTION('',(-1.,0.,0.));
#11878=DIRECTION('',(1.,0.,0.));
#11879=DIRECTION('',(0.,1.,0.));
#11880=DIRECTION('',(0.,0.,-1.));
#11881=DIRECTION('',(-1.,0.,0.));
#11882=DIRECTION('',(1.,0.,0.));
#11883=DIRECTION('',(0.,0.,-1.));
#11884=DIRECTION('',(-1.,0.,0.));
#11885=DIRECTION('',(0.,1.,0.));
#11886=DIRECTION('',(0.,0.,-1.));
#11887=DIRECTION('',(-1.,0.,0.));
#11888=DIRECTION('',(1.,0.,0.));
#11889=DIRECTION('',(0.,1.,0.));
#11890=DIRECTION('',(0.,1.,0.));
#11891=DIRECTION('',(1.,0.,0.));
#11892=DIRECTION('',(0.,1.,0.));
#11893=DIRECTION('',(1.,0.,0.));
#11894=DIRECTION('',(0.,0.,1.));
#11895=DIRECTION('',(0.,0.,1.));
#11896=DIRECTION('',(0.,0.,1.));
#11897=DIRECTION('',(0.,0.,1.));
#11898=DIRECTION('',(0.,0.,1.));
#11899=DIRECTION('',(0.,0.,1.));
#11900=DIRECTION('',(1.,0.,0.));
#11901=DIRECTION('',(0.,0.,-1.));
#11902=DIRECTION('',(0.,1.,0.));
#11903=DIRECTION('',(0.,0.,1.));
#11904=DIRECTION('',(1.,0.,0.));
#11905=DIRECTION('',(0.,0.,-1.));
#11906=DIRECTION('',(0.,0.,1.));
#11907=DIRECTION('',(0.,0.,1.));
#11908=DIRECTION('',(0.,0.,1.));
#11909=DIRECTION('',(0.,0.,1.));
#11910=DIRECTION('',(0.,0.,1.));
#11911=DIRECTION('',(0.,-1.,0.));
#11912=DIRECTION('',(0.,0.,-1.));
#11913=DIRECTION('',(0.,0.,-1.));
#11914=DIRECTION('',(1.,0.,0.));
#11915=DIRECTION('',(0.,-1.,0.));
#11916=DIRECTION('',(0.,0.,-1.));
#11917=DIRECTION('',(0.,0.,1.));
#11918=DIRECTION('',(0.,0.,1.));
#11919=DIRECTION('',(1.,0.,0.));
#11920=DIRECTION('',(0.,0.,-1.));
#11921=DIRECTION('',(-1.,0.,0.));
#11922=DIRECTION('',(0.,0.,1.));
#11923=DIRECTION('',(0.,0.,-1.));
#11924=DIRECTION('',(0.,1.,0.));
#11925=DIRECTION('',(-1.,0.,0.));
#11926=DIRECTION('',(0.,0.,1.));
#11927=DIRECTION('',(0.,0.,1.));
#11928=DIRECTION('',(0.,0.,1.));
#11929=DIRECTION('',(1.,0.,0.));
#11930=DIRECTION('',(0.,0.,-1.));
#11931=DIRECTION('',(0.,1.,0.));
#11932=DIRECTION('',(0.,0.,1.));
#11933=DIRECTION('',(1.,0.,0.));
#11934=DIRECTION('',(0.,1.,0.));
#11935=DIRECTION('',(0.,0.,1.));
#11936=DIRECTION('',(0.,0.,1.));
#11937=DIRECTION('',(1.,0.,0.));
#11938=DIRECTION('',(0.,0.,1.));
#11939=DIRECTION('',(1.,0.,0.));
#11940=DIRECTION('',(1.,0.,0.));
#11941=DIRECTION('',(0.,0.,-1.));
#11942=DIRECTION('',(-1.,0.,0.));
#11943=DIRECTION('',(0.,1.,0.));
#11944=DIRECTION('',(0.,0.,-1.));
#11945=DIRECTION('',(-1.,0.,0.));
#11946=DIRECTION('',(1.,0.,0.));
#11947=DIRECTION('',(0.,1.,0.));
#11948=DIRECTION('',(0.,0.,-1.));
#11949=DIRECTION('',(-1.,0.,0.));
#11950=DIRECTION('',(0.,1.,0.));
#11951=DIRECTION('',(1.,0.,0.));
#11952=DIRECTION('',(0.,0.,-1.));
#11953=DIRECTION('',(-1.,0.,0.));
#11954=DIRECTION('',(0.,1.,0.));
#11955=DIRECTION('',(0.,0.,-1.));
#11956=DIRECTION('',(-1.,0.,0.));
#11957=DIRECTION('',(1.,0.,0.));
#11958=DIRECTION('',(1.,0.,0.));
#11959=DIRECTION('',(0.,1.,0.));
#11960=DIRECTION('',(1.,0.,0.));
#11961=DIRECTION('',(0.,1.,0.));
#11962=DIRECTION('',(0.,0.,1.));
#11963=DIRECTION('',(0.,0.,1.));
#11964=DIRECTION('',(0.,0.,1.));
#11965=DIRECTION('',(0.,0.,1.));
#11966=DIRECTION('',(0.,0.,1.));
#11967=DIRECTION('',(0.,0.,1.));
#11968=DIRECTION('',(1.,0.,0.));
#11969=DIRECTION('',(0.,0.,-1.));
#11970=DIRECTION('',(0.,1.,0.));
#11971=DIRECTION('',(0.,0.,1.));
#11972=DIRECTION('',(1.,0.,0.));
#11973=DIRECTION('',(0.,0.,-1.));
#11974=DIRECTION('',(0.,0.,1.));
#11975=DIRECTION('',(0.,0.,1.));
#11976=DIRECTION('',(0.,0.,1.));
#11977=DIRECTION('',(0.,0.,1.));
#11978=DIRECTION('',(0.,0.,1.));
#11979=DIRECTION('',(0.,-1.,0.));
#11980=DIRECTION('',(0.,0.,-1.));
#11981=DIRECTION('',(0.,0.,-1.));
#11982=DIRECTION('',(1.,0.,0.));
#11983=DIRECTION('',(0.,-1.,0.));
#11984=DIRECTION('',(0.,0.,-1.));
#11985=DIRECTION('',(0.,0.,1.));
#11986=DIRECTION('',(0.,0.,1.));
#11987=DIRECTION('',(1.,0.,0.));
#11988=DIRECTION('',(0.,0.,-1.));
#11989=DIRECTION('',(-1.,0.,0.));
#11990=DIRECTION('',(0.,0.,1.));
#11991=DIRECTION('',(0.,0.,-1.));
#11992=DIRECTION('',(0.,1.,0.));
#11993=DIRECTION('',(-1.,0.,0.));
#11994=DIRECTION('',(0.,0.,1.));
#11995=DIRECTION('',(0.,0.,1.));
#11996=DIRECTION('',(0.,0.,1.));
#11997=DIRECTION('',(1.,0.,0.));
#11998=DIRECTION('',(0.,0.,-1.));
#11999=DIRECTION('',(0.,1.,0.));
#12000=DIRECTION('',(0.,0.,1.));
#12001=DIRECTION('',(1.,0.,0.));
#12002=DIRECTION('',(0.,1.,0.));
#12003=DIRECTION('',(0.,0.,1.));
#12004=DIRECTION('',(0.,0.,1.));
#12005=DIRECTION('',(1.,0.,0.));
#12006=DIRECTION('',(0.,0.,1.));
#12007=DIRECTION('',(1.,0.,0.));
#12008=DIRECTION('',(0.,1.,0.));
#12009=DIRECTION('',(0.,1.,0.));
#12010=DIRECTION('',(0.,0.,-1.));
#12011=DIRECTION('',(-1.,0.,0.));
#12012=DIRECTION('',(0.,1.,0.));
#12013=DIRECTION('',(0.,1.,0.));
#12014=DIRECTION('',(0.,1.,0.));
#12015=DIRECTION('',(0.,1.,0.));
#12016=DIRECTION('',(0.,0.,1.));
#12017=DIRECTION('',(0.,0.,1.));
#12018=DIRECTION('',(0.,0.,1.));
#12019=DIRECTION('',(0.,0.,1.));
#12020=DIRECTION('',(1.,0.,0.));
#12021=DIRECTION('',(0.,0.,-1.));
#12022=DIRECTION('',(0.,1.,0.));
#12023=DIRECTION('',(0.,0.,1.));
#12024=DIRECTION('',(1.,0.,0.));
#12025=DIRECTION('',(0.,0.,-1.));
#12026=DIRECTION('',(0.,0.,1.));
#12027=DIRECTION('',(0.,0.,1.));
#12028=DIRECTION('',(0.,0.,1.));
#12029=DIRECTION('',(0.,0.,1.));
#12030=DIRECTION('',(0.,0.,1.));
#12031=DIRECTION('',(-1.,0.,0.));
#12032=DIRECTION('',(0.,0.,1.));
#12033=DIRECTION('',(0.,1.,0.));
#12034=DIRECTION('',(0.,0.,1.));
#12035=DIRECTION('',(-1.,0.,0.));
#12036=DIRECTION('',(0.,0.,1.));
#12037=DIRECTION('',(0.,0.,1.));
#12038=DIRECTION('',(0.,0.,1.));
#12039=DIRECTION('',(1.,0.,0.));
#12040=DIRECTION('',(0.,0.,-1.));
#12041=DIRECTION('',(-1.,0.,0.));
#12042=DIRECTION('',(0.,0.,1.));
#12043=DIRECTION('',(1.,0.,0.));
#12044=DIRECTION('',(0.,0.,1.));
#12045=DIRECTION('',(1.,0.,0.));
#12046=DIRECTION('',(0.,0.,1.));
#12047=DIRECTION('',(1.,0.,0.));
#12048=DIRECTION('',(0.,0.,1.));
#12049=DIRECTION('',(1.,0.,0.));
#12050=DIRECTION('',(0.,0.,-1.));
#12051=DIRECTION('',(-1.,0.,0.));
#12052=DIRECTION('',(0.,0.,1.));
#12053=DIRECTION('',(1.,0.,0.));
#12054=DIRECTION('',(0.,0.,1.));
#12055=DIRECTION('',(1.,0.,0.));
#12056=DIRECTION('',(0.,0.,1.));
#12057=DIRECTION('',(1.,0.,0.));
#12058=DIRECTION('',(0.,0.,1.));
#12059=DIRECTION('',(1.,0.,0.));
#12060=DIRECTION('',(0.,0.,-1.));
#12061=DIRECTION('',(-1.,0.,0.));
#12062=DIRECTION('',(0.,0.,1.));
#12063=DIRECTION('',(1.,0.,0.));
#12064=DIRECTION('',(0.,0.,1.));
#12065=DIRECTION('',(1.,0.,0.));
#12066=DIRECTION('',(0.,0.,1.));
#12067=DIRECTION('',(1.,0.,0.));
#12068=DIRECTION('',(0.,0.,1.));
#12069=DIRECTION('',(1.,0.,0.));
#12070=DIRECTION('',(0.,0.,-1.));
#12071=DIRECTION('',(-1.,0.,0.));
#12072=DIRECTION('',(0.,0.,1.));
#12073=DIRECTION('',(1.,0.,0.));
#12074=DIRECTION('',(0.,0.,1.));
#12075=DIRECTION('',(1.,0.,0.));
#12076=DIRECTION('',(0.,0.,1.));
#12077=DIRECTION('',(1.,0.,0.));
#12078=DIRECTION('',(0.,0.,1.));
#12079=DIRECTION('',(1.,0.,0.));
#12080=DIRECTION('',(0.,0.,-1.));
#12081=DIRECTION('',(-1.,0.,0.));
#12082=DIRECTION('',(0.,0.,1.));
#12083=DIRECTION('',(1.,0.,0.));
#12084=DIRECTION('',(0.,0.,1.));
#12085=DIRECTION('',(1.,0.,0.));
#12086=DIRECTION('',(0.,0.,1.));
#12087=DIRECTION('',(1.,0.,0.));
#12088=DIRECTION('',(0.,0.,1.));
#12089=DIRECTION('',(1.,0.,0.));
#12090=DIRECTION('',(0.,0.,-1.));
#12091=DIRECTION('',(-1.,0.,0.));
#12092=DIRECTION('',(0.,0.,1.));
#12093=DIRECTION('',(1.,0.,0.));
#12094=DIRECTION('',(0.,0.,1.));
#12095=DIRECTION('',(1.,0.,0.));
#12096=DIRECTION('',(0.,0.,1.));
#12097=DIRECTION('',(1.,0.,0.));
#12098=DIRECTION('',(0.,0.,1.));
#12099=DIRECTION('',(1.,0.,0.));
#12100=DIRECTION('',(0.,0.,1.));
#12101=DIRECTION('',(1.,0.,0.));
#12102=DIRECTION('',(-1.,0.,0.));
#12103=DIRECTION('',(0.,0.,1.));
#12104=DIRECTION('',(0.,1.,0.));
#12105=DIRECTION('',(0.,0.,1.));
#12106=DIRECTION('',(0.,-1.,0.));
#12107=DIRECTION('',(0.,0.,1.));
#12108=DIRECTION('',(0.,1.,0.));
#12109=DIRECTION('',(0.,0.,1.));
#12110=DIRECTION('',(0.,1.,0.));
#12111=DIRECTION('',(0.,0.,1.));
#12112=DIRECTION('',(0.,0.,1.));
#12113=DIRECTION('',(1.,0.,0.));
#12114=DIRECTION('',(0.,0.,1.));
#12115=DIRECTION('',(1.,0.,0.));
#12116=DIRECTION('',(0.,0.,1.));
#12117=DIRECTION('',(1.,0.,0.));
#12118=DIRECTION('',(0.,0.,1.));
#12119=DIRECTION('',(1.,0.,0.));
#12120=DIRECTION('',(0.,0.,1.));
#12121=DIRECTION('',(1.,0.,0.));
#12122=DIRECTION('',(0.,0.,1.));
#12123=DIRECTION('',(1.,0.,0.));
#12124=DIRECTION('',(0.,0.,1.));
#12125=DIRECTION('',(1.,0.,0.));
#12126=DIRECTION('',(0.,0.,1.));
#12127=DIRECTION('',(1.,0.,0.));
#12128=DIRECTION('',(0.,0.,1.));
#12129=DIRECTION('',(1.,0.,0.));
#12130=DIRECTION('',(0.,0.,1.));
#12131=DIRECTION('',(1.,0.,0.));
#12132=DIRECTION('',(0.,0.,1.));
#12133=DIRECTION('',(1.,0.,0.));
#12134=DIRECTION('',(0.,0.,1.));
#12135=DIRECTION('',(1.,0.,0.));
#12136=DIRECTION('',(0.,0.,1.));
#12137=DIRECTION('',(1.,0.,0.));
#12138=DIRECTION('',(0.,0.,1.));
#12139=DIRECTION('',(1.,0.,0.));
#12140=DIRECTION('',(0.,0.,1.));
#12141=DIRECTION('',(1.,0.,0.));
#12142=DIRECTION('',(0.,0.,1.));
#12143=DIRECTION('',(1.,0.,0.));
#12144=DIRECTION('',(0.,0.,1.));
#12145=DIRECTION('',(1.,0.,0.));
#12146=DIRECTION('',(0.,0.,1.));
#12147=DIRECTION('',(1.,0.,0.));
#12148=DIRECTION('',(0.,0.,1.));
#12149=DIRECTION('',(1.,0.,0.));
#12150=DIRECTION('',(0.,0.,1.));
#12151=DIRECTION('',(1.,0.,0.));
#12152=DIRECTION('',(0.,0.,1.));
#12153=DIRECTION('',(1.,0.,0.));
#12154=DIRECTION('',(0.,0.,1.));
#12155=DIRECTION('',(1.,0.,0.));
#12156=DIRECTION('',(0.,0.,1.));
#12157=DIRECTION('',(1.,0.,0.));
#12158=DIRECTION('',(0.,0.,1.));
#12159=DIRECTION('',(1.,0.,0.));
#12160=DIRECTION('',(0.,0.,1.));
#12161=DIRECTION('',(1.,0.,0.));
#12162=DIRECTION('',(0.,0.,1.));
#12163=DIRECTION('',(1.,0.,0.));
#12164=DIRECTION('',(0.,0.,-1.));
#12165=DIRECTION('',(-1.,0.,0.));
#12166=DIRECTION('',(0.,0.,1.));
#12167=DIRECTION('',(1.,0.,0.));
#12168=DIRECTION('',(0.,0.,-1.));
#12169=DIRECTION('',(-1.,0.,0.));
#12170=DIRECTION('',(0.,0.,1.));
#12171=DIRECTION('',(1.,0.,0.));
#12172=DIRECTION('',(1.,0.,0.));
#12173=DIRECTION('',(0.,0.,1.));
#12174=DIRECTION('',(1.,0.,0.));
#12175=DIRECTION('',(0.,-1.,0.));
#12176=DIRECTION('',(0.,0.,1.));
#12177=DIRECTION('',(1.,0.,0.));
#12178=DIRECTION('',(-1.,0.,0.));
#12179=DIRECTION('',(0.,0.,1.));
#12180=DIRECTION('',(1.,0.,0.));
#12181=DIRECTION('',(0.,0.,1.));
#12182=DIRECTION('',(1.,0.,0.));
#12183=DIRECTION('',(0.,0.,1.));
#12184=DIRECTION('',(1.,0.,0.));
#12185=DIRECTION('',(0.,0.,1.));
#12186=DIRECTION('',(1.,0.,0.));
#12187=DIRECTION('',(0.,0.,1.));
#12188=DIRECTION('',(1.,0.,0.));
#12189=DIRECTION('',(0.,0.,1.));
#12190=DIRECTION('',(1.,0.,0.));
#12191=DIRECTION('',(0.,0.,1.));
#12192=DIRECTION('',(1.,0.,0.));
#12193=DIRECTION('',(0.,0.,1.));
#12194=DIRECTION('',(1.,0.,0.));
#12195=DIRECTION('',(0.,0.,1.));
#12196=DIRECTION('',(1.,0.,0.));
#12197=DIRECTION('',(0.,0.,1.));
#12198=DIRECTION('',(1.,0.,0.));
#12199=DIRECTION('',(0.,0.,1.));
#12200=DIRECTION('',(1.,0.,0.));
#12201=DIRECTION('',(0.,0.,1.));
#12202=DIRECTION('',(1.,0.,0.));
#12203=DIRECTION('',(0.,0.,1.));
#12204=DIRECTION('',(1.,0.,0.));
#12205=DIRECTION('',(0.,0.,1.));
#12206=DIRECTION('',(1.,0.,0.));
#12207=DIRECTION('',(0.,0.,1.));
#12208=DIRECTION('',(1.,0.,0.));
#12209=DIRECTION('',(0.,0.,1.));
#12210=DIRECTION('',(1.,0.,0.));
#12211=DIRECTION('',(1.,0.,0.));
#12212=DIRECTION('',(0.,1.,0.));
#12213=DIRECTION('',(-1.,0.,0.));
#12214=DIRECTION('',(0.,-1.,0.));
#12215=DIRECTION('',(1.,0.,0.));
#12216=DIRECTION('',(0.,1.,0.));
#12217=DIRECTION('',(-1.,0.,0.));
#12218=DIRECTION('',(0.,-1.,0.));
#12219=DIRECTION('',(1.,0.,0.));
#12220=DIRECTION('',(0.,-1.,0.));
#12221=DIRECTION('',(-1.,0.,0.));
#12222=DIRECTION('',(0.,1.,0.));
#12223=DIRECTION('',(0.,0.,1.));
#12224=DIRECTION('',(1.,0.,0.));
#12225=DIRECTION('',(0.,0.,1.));
#12226=DIRECTION('',(1.,0.,0.));
#12227=DIRECTION('',(0.,1.,0.));
#12228=DIRECTION('',(0.,0.,1.));
#12229=DIRECTION('',(1.,0.,0.));
#12230=DIRECTION('',(1.,0.,0.));
#12231=DIRECTION('',(0.,0.,1.));
#12232=DIRECTION('',(1.,0.,0.));
#12233=DIRECTION('',(0.,-1.,0.));
#12234=DIRECTION('',(0.,0.,1.));
#12235=DIRECTION('',(1.,0.,0.));
#12236=DIRECTION('',(-1.,0.,0.));
#12237=DIRECTION('',(0.,0.,1.));
#12238=DIRECTION('',(1.,0.,0.));
#12239=DIRECTION('',(-1.,0.,0.));
#12240=DIRECTION('',(0.,0.,1.));
#12241=DIRECTION('',(1.,0.,0.));
#12242=DIRECTION('',(0.,-1.,0.));
#12243=DIRECTION('',(0.,0.,1.));
#12244=DIRECTION('',(1.,0.,0.));
#12245=DIRECTION('',(1.,0.,0.));
#12246=DIRECTION('',(0.,0.,1.));
#12247=DIRECTION('',(1.,0.,0.));
#12248=DIRECTION('',(1.,0.,0.));
#12249=DIRECTION('',(0.,0.,-1.));
#12250=DIRECTION('',(0.,0.,-1.));
#12251=DIRECTION('',(0.,0.,-1.));
#12252=DIRECTION('',(0.,-1.,0.));
#12253=DIRECTION('',(0.,1.,0.));
#12254=DIRECTION('',(0.,0.,1.));
#12255=DIRECTION('',(0.,0.,-1.));
#12256=DIRECTION('',(0.,0.,-1.));
#12257=DIRECTION('',(1.,0.,0.));
#12258=DIRECTION('',(-1.,0.,0.));
#12259=DIRECTION('',(0.,0.,1.));
#12260=DIRECTION('',(0.,0.,-1.));
#12261=DIRECTION('',(0.,0.,-1.));
#12262=DIRECTION('',(0.,1.,0.));
#12263=DIRECTION('',(0.,-1.,0.));
#12264=DIRECTION('',(0.,0.,-1.));
#12265=DIRECTION('',(0.,0.,-1.));
#12266=DIRECTION('',(0.,0.,-1.));
#12267=DIRECTION('',(-1.,0.,0.));
#12268=DIRECTION('',(0.,0.,1.));
#12269=DIRECTION('',(1.,0.,0.));
#12270=DIRECTION('',(0.,0.,1.));
#12271=DIRECTION('',(1.,0.,0.));
#12272=DIRECTION('',(0.,0.,1.));
#12273=DIRECTION('',(1.,0.,0.));
#12274=DIRECTION('',(0.,0.,1.));
#12275=DIRECTION('',(1.,0.,0.));
#12276=DIRECTION('',(0.,0.,1.));
#12277=DIRECTION('',(1.,0.,0.));
#12278=DIRECTION('',(0.,0.,1.));
#12279=DIRECTION('',(1.,0.,0.));
#12280=DIRECTION('',(0.,0.,1.));
#12281=DIRECTION('',(1.,0.,0.));
#12282=DIRECTION('',(0.,0.,1.));
#12283=DIRECTION('',(1.,0.,0.));
#12284=DIRECTION('',(0.,0.,1.));
#12285=DIRECTION('',(1.,0.,0.));
#12286=DIRECTION('',(0.,0.,1.));
#12287=DIRECTION('',(1.,0.,0.));
#12288=DIRECTION('',(0.,0.,1.));
#12289=DIRECTION('',(1.,0.,0.));
#12290=DIRECTION('',(0.,0.,1.));
#12291=DIRECTION('',(1.,0.,0.));
#12292=DIRECTION('',(0.,0.,1.));
#12293=DIRECTION('',(1.,0.,0.));
#12294=DIRECTION('',(0.,0.,1.));
#12295=DIRECTION('',(1.,0.,0.));
#12296=DIRECTION('',(0.,0.,1.));
#12297=DIRECTION('',(1.,0.,0.));
#12298=DIRECTION('',(0.,0.,1.));
#12299=DIRECTION('',(1.,0.,0.));
#12300=DIRECTION('',(0.,0.,1.));
#12301=DIRECTION('',(1.,0.,0.));
#12302=DIRECTION('',(0.,0.,1.));
#12303=DIRECTION('',(1.,0.,0.));
#12304=DIRECTION('',(0.,0.,1.));
#12305=DIRECTION('',(1.,0.,0.));
#12306=DIRECTION('',(0.,0.,1.));
#12307=DIRECTION('',(1.,0.,0.));
#12308=DIRECTION('',(0.,0.,1.));
#12309=DIRECTION('',(1.,0.,0.));
#12310=DIRECTION('',(0.,0.,1.));
#12311=DIRECTION('',(1.,0.,0.));
#12312=DIRECTION('',(0.,0.,1.));
#12313=DIRECTION('',(1.,0.,0.));
#12314=DIRECTION('',(0.,0.,1.));
#12315=DIRECTION('',(1.,0.,0.));
#12316=DIRECTION('',(0.,0.,1.));
#12317=DIRECTION('',(1.,0.,0.));
#12318=DIRECTION('',(0.,0.,1.));
#12319=DIRECTION('',(1.,0.,0.));
#12320=DIRECTION('',(0.,0.,1.));
#12321=DIRECTION('',(1.,0.,0.));
#12322=DIRECTION('',(0.,0.,1.));
#12323=DIRECTION('',(1.,0.,0.));
#12324=DIRECTION('',(0.,0.,1.));
#12325=DIRECTION('',(1.,0.,0.));
#12326=DIRECTION('',(0.,0.,1.));
#12327=DIRECTION('',(1.,0.,0.));
#12328=DIRECTION('',(0.,0.,1.));
#12329=DIRECTION('',(1.,0.,0.));
#12330=DIRECTION('',(0.,0.,1.));
#12331=DIRECTION('',(1.,0.,0.));
#12332=DIRECTION('',(0.,0.,1.));
#12333=DIRECTION('',(1.,0.,0.));
#12334=DIRECTION('',(0.,0.,1.));
#12335=DIRECTION('',(1.,0.,0.));
#12336=DIRECTION('',(0.,0.,1.));
#12337=DIRECTION('',(1.,0.,0.));
#12338=DIRECTION('',(0.,0.,-1.));
#12339=DIRECTION('',(-1.,0.,0.));
#12340=DIRECTION('',(0.,0.,-1.));
#12341=DIRECTION('',(-1.,0.,0.));
#12342=DIRECTION('',(0.,0.,-1.));
#12343=DIRECTION('',(-1.,0.,0.));
#12344=DIRECTION('',(0.,0.,-1.));
#12345=DIRECTION('',(-1.,0.,0.));
#12346=DIRECTION('',(1.,0.,0.));
#12347=DIRECTION('',(0.,0.,-1.));
#12348=DIRECTION('',(0.,0.,-1.));
#12349=DIRECTION('',(0.,0.,-1.));
#12350=DIRECTION('',(0.,1.,0.));
#12351=DIRECTION('',(0.,0.,1.));
#12352=DIRECTION('',(0.,0.,1.));
#12353=DIRECTION('',(0.,0.,1.));
#12354=DIRECTION('',(0.,-1.,0.));
#12355=DIRECTION('',(0.,0.,-1.));
#12356=DIRECTION('',(0.,0.,-1.));
#12357=DIRECTION('',(0.,0.,-1.));
#12358=DIRECTION('',(0.,0.,-1.));
#12359=DIRECTION('',(-1.,0.,0.));
#12360=DIRECTION('',(0.,0.,-1.));
#12361=DIRECTION('',(-1.,0.,0.));
#12362=DIRECTION('',(0.,0.,-1.));
#12363=DIRECTION('',(-1.,0.,0.));
#12364=DIRECTION('',(0.,0.,-1.));
#12365=DIRECTION('',(-1.,0.,0.));
#12366=DIRECTION('',(0.,0.,-1.));
#12367=DIRECTION('',(-1.,0.,0.));
#12368=DIRECTION('',(0.,0.,1.));
#12369=DIRECTION('',(1.,0.,0.));
#12370=DIRECTION('',(0.,0.,1.));
#12371=DIRECTION('',(1.,0.,0.));
#12372=DIRECTION('',(0.,0.,1.));
#12373=DIRECTION('',(1.,0.,0.));
#12374=DIRECTION('',(0.,0.,-1.));
#12375=DIRECTION('',(-1.,0.,0.));
#12376=DIRECTION('',(0.,0.,1.));
#12377=DIRECTION('',(1.,0.,0.));
#12378=DIRECTION('',(0.,0.,1.));
#12379=DIRECTION('',(1.,0.,0.));
#12380=DIRECTION('',(0.,0.,1.));
#12381=DIRECTION('',(1.,0.,0.));
#12382=DIRECTION('',(0.,0.,-1.));
#12383=DIRECTION('',(-1.,0.,0.));
#12384=DIRECTION('',(0.,0.,1.));
#12385=DIRECTION('',(1.,0.,0.));
#12386=DIRECTION('',(0.,0.,1.));
#12387=DIRECTION('',(1.,0.,0.));
#12388=DIRECTION('',(0.,0.,1.));
#12389=DIRECTION('',(1.,0.,0.));
#12390=DIRECTION('',(0.,0.,-1.));
#12391=DIRECTION('',(-1.,0.,0.));
#12392=DIRECTION('',(0.,0.,1.));
#12393=DIRECTION('',(1.,0.,0.));
#12394=DIRECTION('',(0.,0.,1.));
#12395=DIRECTION('',(1.,0.,0.));
#12396=DIRECTION('',(0.,0.,1.));
#12397=DIRECTION('',(1.,0.,0.));
#12398=DIRECTION('',(0.,0.,-1.));
#12399=DIRECTION('',(-1.,0.,0.));
#12400=DIRECTION('',(0.,0.,1.));
#12401=DIRECTION('',(1.,0.,0.));
#12402=DIRECTION('',(0.,0.,1.));
#12403=DIRECTION('',(1.,0.,0.));
#12404=DIRECTION('',(0.,0.,1.));
#12405=DIRECTION('',(1.,0.,0.));
#12406=DIRECTION('',(0.,0.,-1.));
#12407=DIRECTION('',(-1.,0.,0.));
#12408=DIRECTION('',(0.,0.,-1.));
#12409=DIRECTION('',(-1.,0.,0.));
#12410=DIRECTION('',(0.,0.,-1.));
#12411=DIRECTION('',(-1.,0.,0.));
#12412=DIRECTION('',(0.,0.,-1.));
#12413=DIRECTION('',(-1.,0.,0.));
#12414=DIRECTION('',(0.,0.,-1.));
#12415=DIRECTION('',(-1.,0.,0.));
#12416=DIRECTION('',(0.,0.,-1.));
#12417=DIRECTION('',(-1.,0.,0.));
#12418=DIRECTION('',(0.,0.,-1.));
#12419=DIRECTION('',(-1.,0.,0.));
#12420=DIRECTION('',(0.,0.,-1.));
#12421=DIRECTION('',(-1.,0.,0.));
#12422=DIRECTION('',(0.,0.,-1.));
#12423=DIRECTION('',(-1.,0.,0.));
#12424=DIRECTION('',(0.,0.,-1.));
#12425=DIRECTION('',(-1.,0.,0.));
#12426=DIRECTION('',(0.,0.,-1.));
#12427=DIRECTION('',(-1.,0.,0.));
#12428=DIRECTION('',(0.,0.,-1.));
#12429=DIRECTION('',(-1.,0.,0.));
#12430=DIRECTION('',(0.,0.,-1.));
#12431=DIRECTION('',(-1.,0.,0.));
#12432=DIRECTION('',(0.,0.,-1.));
#12433=DIRECTION('',(-1.,0.,0.));
#12434=DIRECTION('',(0.,0.,-1.));
#12435=DIRECTION('',(-1.,0.,0.));
#12436=DIRECTION('',(0.,0.,-1.));
#12437=DIRECTION('',(-1.,0.,0.));
#12438=DIRECTION('',(0.,0.,-1.));
#12439=DIRECTION('',(-1.,0.,0.));
#12440=DIRECTION('',(0.,0.,-1.));
#12441=DIRECTION('',(-1.,0.,0.));
#12442=DIRECTION('',(0.,0.,-1.));
#12443=DIRECTION('',(-1.,0.,0.));
#12444=DIRECTION('',(0.,0.,-1.));
#12445=DIRECTION('',(-1.,0.,0.));
#12446=DIRECTION('',(0.,0.,-1.));
#12447=DIRECTION('',(-1.,0.,0.));
#12448=DIRECTION('',(0.,0.,-1.));
#12449=DIRECTION('',(-1.,0.,0.));
#12450=DIRECTION('',(0.,0.,-1.));
#12451=DIRECTION('',(-1.,0.,0.));
#12452=DIRECTION('',(0.,0.,-1.));
#12453=DIRECTION('',(-1.,0.,0.));
#12454=DIRECTION('',(0.,0.,-1.));
#12455=DIRECTION('',(-1.,0.,0.));
#12456=DIRECTION('',(0.,0.,-1.));
#12457=DIRECTION('',(-1.,0.,0.));
#12458=DIRECTION('',(0.,0.,-1.));
#12459=DIRECTION('',(-1.,0.,0.));
#12460=DIRECTION('',(0.,0.,-1.));
#12461=DIRECTION('',(-1.,0.,0.));
#12462=DIRECTION('',(0.,0.,-1.));
#12463=DIRECTION('',(-1.,0.,0.));
#12464=DIRECTION('',(0.,0.,-1.));
#12465=DIRECTION('',(-1.,0.,0.));
#12466=DIRECTION('',(0.,0.,1.));
#12467=DIRECTION('',(1.,0.,0.));
#12468=DIRECTION('',(0.,0.,-1.));
#12469=DIRECTION('',(-1.,0.,0.));
#12470=DIRECTION('',(0.,0.,-1.));
#12471=DIRECTION('',(1.,0.,0.));
#12472=DIRECTION('',(1.,0.,0.));
#12473=DIRECTION('',(0.,0.,-1.));
#12474=DIRECTION('',(0.,0.,1.));
#12475=DIRECTION('',(0.,1.,0.));
#12476=DIRECTION('',(0.,0.,1.));
#12477=DIRECTION('',(0.,-1.,0.));
#12478=DIRECTION('',(0.,0.,-1.));
#12479=DIRECTION('',(0.,0.,1.));
#12480=DIRECTION('',(1.,0.,0.));
#12481=DIRECTION('',(1.,0.,0.));
#12482=DIRECTION('',(0.,0.,-1.));
#12483=DIRECTION('',(0.,0.,1.));
#12484=DIRECTION('',(0.,1.,0.));
#12485=DIRECTION('',(0.,1.,0.));
#12486=DIRECTION('',(0.,0.,1.));
#12487=DIRECTION('',(0.,0.,1.));
#12488=DIRECTION('',(-1.,0.,0.));
#12489=DIRECTION('',(-1.,0.,0.));
#12490=DIRECTION('',(0.,0.,1.));
#12491=DIRECTION('',(0.,0.,1.));
#12492=DIRECTION('',(0.,-1.,0.));
#12493=DIRECTION('',(0.,-1.,0.));
#12494=DIRECTION('',(0.,0.,-1.));
#12495=DIRECTION('',(0.,0.,1.));
#12496=DIRECTION('',(1.,0.,0.));
#12497=DIRECTION('',(-1.,0.,0.));
#12498=DIRECTION('',(0.,0.,1.));
#12499=DIRECTION('',(0.,0.,1.));
#12500=DIRECTION('',(0.,-1.,0.));
#12501=DIRECTION('',(0.,1.,0.));
#12502=DIRECTION('',(0.,0.,1.));
#12503=DIRECTION('',(0.,0.,1.));
#12504=DIRECTION('',(-1.,0.,0.));
#12505=DIRECTION('',(1.,0.,0.));
#12506=DIRECTION('',(0.,0.,-1.));
#12507=DIRECTION('',(0.,0.,1.));
#12508=DIRECTION('',(0.,1.,0.));
#12509=DIRECTION('',(0.,-1.,0.));
#12510=DIRECTION('',(0.,0.,-1.));
#12511=DIRECTION('',(0.,0.,1.));
#12512=DIRECTION('',(1.,0.,0.));
#12513=DIRECTION('',(-1.,0.,0.));
#12514=DIRECTION('',(0.,0.,1.));
#12515=DIRECTION('',(0.,0.,1.));
#12516=DIRECTION('',(0.,-1.,0.));
#12517=DIRECTION('',(0.,1.,0.));
#12518=DIRECTION('',(0.,0.,1.));
#12519=DIRECTION('',(-1.,0.,0.));
#12520=DIRECTION('',(0.,0.,-1.));
#12521=DIRECTION('',(1.,0.,0.));
#12522=DIRECTION('',(0.,0.,1.));
#12523=DIRECTION('',(1.,0.,0.));
#12524=DIRECTION('',(0.,0.,-1.));
#12525=DIRECTION('',(-1.,0.,0.));
#12526=DIRECTION('',(0.,0.,1.));
#12527=DIRECTION('',(1.,0.,0.));
#12528=DIRECTION('',(0.,0.,-1.));
#12529=DIRECTION('',(-1.,0.,0.));
#12530=DIRECTION('',(0.,0.,-1.));
#12531=DIRECTION('',(1.,0.,0.));
#12532=DIRECTION('',(0.,0.,1.));
#12533=DIRECTION('',(1.,0.,0.));
#12534=DIRECTION('',(0.,0.,-1.));
#12535=DIRECTION('',(-1.,0.,0.));
#12536=DIRECTION('',(0.,0.,-1.));
#12537=DIRECTION('',(1.,0.,0.));
#12538=DIRECTION('',(0.,0.,1.));
#12539=DIRECTION('',(1.,0.,0.));
#12540=DIRECTION('',(0.,0.,-1.));
#12541=DIRECTION('',(-1.,0.,0.));
#12542=DIRECTION('',(0.,0.,-1.));
#12543=DIRECTION('',(1.,0.,0.));
#12544=DIRECTION('',(0.,0.,1.));
#12545=DIRECTION('',(1.,0.,0.));
#12546=DIRECTION('',(0.,0.,-1.));
#12547=DIRECTION('',(-1.,0.,0.));
#12548=DIRECTION('',(0.,0.,-1.));
#12549=DIRECTION('',(1.,0.,0.));
#12550=DIRECTION('',(0.,0.,1.));
#12551=DIRECTION('',(1.,0.,0.));
#12552=DIRECTION('',(0.,0.,-1.));
#12553=DIRECTION('',(-1.,0.,0.));
#12554=DIRECTION('',(0.,0.,-1.));
#12555=DIRECTION('',(1.,0.,0.));
#12556=DIRECTION('',(0.,0.,1.));
#12557=DIRECTION('',(1.,0.,0.));
#12558=DIRECTION('',(0.,0.,-1.));
#12559=DIRECTION('',(-1.,0.,0.));
#12560=DIRECTION('',(0.,0.,-1.));
#12561=DIRECTION('',(1.,0.,0.));
#12562=DIRECTION('',(0.,0.,1.));
#12563=DIRECTION('',(1.,0.,0.));
#12564=DIRECTION('',(0.,0.,-1.));
#12565=DIRECTION('',(-1.,0.,0.));
#12566=DIRECTION('',(0.,0.,-1.));
#12567=DIRECTION('',(1.,0.,0.));
#12568=DIRECTION('',(0.,0.,1.));
#12569=DIRECTION('',(1.,0.,0.));
#12570=DIRECTION('',(0.,0.,-1.));
#12571=DIRECTION('',(-1.,0.,0.));
#12572=DIRECTION('',(0.,0.,-1.));
#12573=DIRECTION('',(1.,0.,0.));
#12574=DIRECTION('',(0.,0.,1.));
#12575=DIRECTION('',(1.,0.,0.));
#12576=DIRECTION('',(0.,0.,-1.));
#12577=DIRECTION('',(-1.,0.,0.));
#12578=DIRECTION('',(0.,0.,-1.));
#12579=DIRECTION('',(1.,0.,0.));
#12580=DIRECTION('',(0.,0.,1.));
#12581=DIRECTION('',(1.,0.,0.));
#12582=DIRECTION('',(0.,0.,-1.));
#12583=DIRECTION('',(-1.,0.,0.));
#12584=DIRECTION('',(0.,0.,-1.));
#12585=DIRECTION('',(1.,0.,0.));
#12586=CARTESIAN_POINT('',(0.,0.,0.));
#12587=CARTESIAN_POINT('',(0.,0.,0.));
#12588=CARTESIAN_POINT('',(-0.006399680798005,-0.0614266832917706,0.));
#12589=CARTESIAN_POINT('',(-0.006399680798005,-0.0613631832917706,0.));
#12590=CARTESIAN_POINT('',(-0.006336180798005,-0.0614266832917706,0.));
#12591=CARTESIAN_POINT('',(-0.00767200997506235,-0.0613631832917706,0.));
#12592=CARTESIAN_POINT('',(-0.00894433915211971,-0.0613631832917706,0.));
#12593=CARTESIAN_POINT('',(-0.00894433915211971,-0.0613631832917706,0.));
#12594=CARTESIAN_POINT('',(-0.009307127840119,-0.0613631832917706,0.));
#12595=CARTESIAN_POINT('',(-0.0100355900545438,-0.0614386421954774,0.));
#12596=CARTESIAN_POINT('',(-0.0106776023431285,-0.0618107662418969,0.));
#12597=CARTESIAN_POINT('',(-0.0109231993113862,-0.0620741397526185,0.));
#12598=CARTESIAN_POINT('',(-0.0109231993113863,-0.0620741397526185,0.));
#12599=CARTESIAN_POINT('',(-0.0109231993113863,-0.0620741397526185,0.));
#12600=CARTESIAN_POINT('',(-0.0114327670579096,-0.0626205904979378,0.));
#12601=CARTESIAN_POINT('',(-0.011584397755611,-0.0633993073753172,0.));
#12602=CARTESIAN_POINT('',(-0.011584397755611,-0.0641431122194514,0.));
#12603=CARTESIAN_POINT('',(-0.011584397755611,-0.0641431122194514,0.));
#12604=CARTESIAN_POINT('',(-0.011584397755611,-0.0646854164588529,0.));
#12605=CARTESIAN_POINT('',(-0.011584397755611,-0.0652277206982544,0.));
#12606=CARTESIAN_POINT('',(-0.011584397755611,-0.0652277206982544,0.));
#12607=CARTESIAN_POINT('',(-0.011584397755611,-0.0655999291778405,0.));
#12608=CARTESIAN_POINT('',(-0.0115152620004966,-0.0663449916227684,0.));
#12609=CARTESIAN_POINT('',(-0.0111772767954595,-0.0670242253107377,0.));
#12610=CARTESIAN_POINT('',(-0.0109231993113863,-0.0672966931650872,0.));
#12611=CARTESIAN_POINT('',(-0.0109231993113863,-0.0672966931650872,0.));
#12612=CARTESIAN_POINT('',(-0.0109231993113863,-0.0672966931650872,0.));
#12613=CARTESIAN_POINT('',(-0.01042865061566,-0.067827037766409,0.));
#12614=CARTESIAN_POINT('',(-0.00966859532477227,-0.0680076496259352,0.));
#12615=CARTESIAN_POINT('',(-0.00894433915211971,-0.0680076496259352,0.));
#12616=CARTESIAN_POINT('',(-0.00894433915211971,-0.0680076496259352,0.));
#12617=CARTESIAN_POINT('',(-0.00853577057356609,-0.0680076496259352,0.));
#12618=CARTESIAN_POINT('',(-0.00819070199501248,-0.0680076496259352,0.));
#12619=CARTESIAN_POINT('',(-0.00819070199501248,-0.0701820748129676,0.));
#12620=CARTESIAN_POINT('',(-0.00819070199501248,-0.07242,0.));
#12621=CARTESIAN_POINT('',(-0.00812720199501248,-0.07242,0.));
#12622=CARTESIAN_POINT('',(-0.00812720199501248,-0.0724835,0.));
#12623=CARTESIAN_POINT('',(-0.00726344139650874,-0.0724835,0.));
#12624=CARTESIAN_POINT('',(-0.006399680798005,-0.0724835,0.));
#12625=CARTESIAN_POINT('',(-0.006399680798005,-0.07242,0.));
#12626=CARTESIAN_POINT('',(-0.006336180798005,-0.07242,0.));
#12627=CARTESIAN_POINT('',(-0.006336180798005,-0.0669233416458853,0.));
#12628=CARTESIAN_POINT('',(-0.00460933482827467,-0.0718977645175775,0.));
#12629=CARTESIAN_POINT('',(-0.00410794849488348,-0.0724337292187888,0.));
#12630=CARTESIAN_POINT('',(-0.00334840860225683,-0.0726405473815461,0.));
#12631=CARTESIAN_POINT('',(-0.00261582044887781,-0.0726405473815461,0.));
#12632=CARTESIAN_POINT('',(-0.00460933482827467,-0.0718977645175775,0.));
#12633=CARTESIAN_POINT('',(-0.00261582044887781,-0.0726405473815461,0.));
#12634=CARTESIAN_POINT('',(-0.00261582044887781,-0.0726405473815461,0.));
#12635=CARTESIAN_POINT('',(-0.00224865412590737,-0.0726405473815461,0.));
#12636=CARTESIAN_POINT('',(-0.0015111405934639,-0.0725551604436307,0.));
#12637=CARTESIAN_POINT('',(-0.00087157556726501,-0.0721642250152082,0.));
#12638=CARTESIAN_POINT('',(-0.000622306069480997,-0.0718977645175775,0.));
#12639=CARTESIAN_POINT('',(-0.000622306069480957,-0.0718977645175775,0.));
#12640=CARTESIAN_POINT('',(-0.00062230606948096,-0.0718977645175775,0.));
#12641=CARTESIAN_POINT('',(-0.000107546025888328,-0.0713475037813233,0.));
#12642=CARTESIAN_POINT('',(7.08615960099679E-5,-0.0705660547497692,0.));
#12643=CARTESIAN_POINT('',(7.08615960099679E-5,-0.0698139950124688,0.));
#12644=CARTESIAN_POINT('',(7.08615960099679E-5,-0.0698139950124688,0.));
#12645=CARTESIAN_POINT('',(7.08615960099679E-5,-0.0669233416458853,0.));
#12646=CARTESIAN_POINT('',(7.0861596009968E-5,-0.0640326882793017,0.));
#12647=CARTESIAN_POINT('',(7.08615960099679E-5,-0.0640326882793017,0.));
#12648=CARTESIAN_POINT('',(7.08615960099679E-5,-0.06327966081889,0.));
#12649=CARTESIAN_POINT('',(-0.000107075999841041,-0.0624996819520835,0.));
#12650=CARTESIAN_POINT('',(-0.000622306069480976,-0.061948918774193,0.));
#12651=CARTESIAN_POINT('',(-0.000622306069480957,-0.0619489187741931,0.));
#12652=CARTESIAN_POINT('',(-0.000622306069480957,-0.061948918774193,0.));
#12653=CARTESIAN_POINT('',(-0.00112369240287214,-0.0614129540729818,0.));
#12654=CARTESIAN_POINT('',(-0.00188323229549878,-0.0612061359102244,0.));
#12655=CARTESIAN_POINT('',(-0.00261582044887781,-0.0612061359102244,0.));
#12656=CARTESIAN_POINT('',(-0.00261582044887781,-0.0612061359102244,0.));
#12657=CARTESIAN_POINT('',(-0.00261582044887781,-0.0612061359102244,0.));
#12658=CARTESIAN_POINT('',(-0.00298298677184826,-0.0612061359102244,0.));
#12659=CARTESIAN_POINT('',(-0.00372050030429171,-0.0612915228481399,0.));
#12660=CARTESIAN_POINT('',(-0.00436006533049072,-0.0616824582765622,0.));
#12661=CARTESIAN_POINT('',(-0.00460933482827464,-0.061948918774193,0.));
#12662=CARTESIAN_POINT('',(-0.00460933482827467,-0.0619489187741931,0.));
#12663=CARTESIAN_POINT('',(-0.00460933482827467,-0.061948918774193,0.));
#12664=CARTESIAN_POINT('',(-0.00512409487186726,-0.0624991795104472,0.));
#12665=CARTESIAN_POINT('',(-0.00530250249376559,-0.0632806285420013,0.));
#12666=CARTESIAN_POINT('',(-0.00530250249376559,-0.0640326882793017,0.));
#12667=CARTESIAN_POINT('',(-0.00530250249376559,-0.0640326882793017,0.));
#12668=CARTESIAN_POINT('',(-0.00530250249376559,-0.0669233416458853,0.));
#12669=CARTESIAN_POINT('',(-0.00530250249376559,-0.0698139950124688,0.));
#12670=CARTESIAN_POINT('',(-0.00530250249376559,-0.0698139950124688,0.));
#12671=CARTESIAN_POINT('',(-0.00530250249376559,-0.0705670224728805,0.));
#12672=CARTESIAN_POINT('',(-0.00512456489791333,-0.0713470013396858,0.));
#12673=CARTESIAN_POINT('',(-0.00460933482827475,-0.0718977645175774,0.));
#12674=CARTESIAN_POINT('',(-0.0187573466334165,-0.0614266832917706,0.));
#12675=CARTESIAN_POINT('',(-0.0187573466334165,-0.0613631832917706,0.));
#12676=CARTESIAN_POINT('',(-0.0186938466334165,-0.0614266832917706,0.));
#12677=CARTESIAN_POINT('',(-0.0200775261845387,-0.0613631832917706,0.));
#12678=CARTESIAN_POINT('',(-0.0213977057356609,-0.0613631832917706,0.));
#12679=CARTESIAN_POINT('',(-0.0213977057356609,-0.0613631832917706,0.));
#12680=CARTESIAN_POINT('',(-0.0217601017000973,-0.0613631832917706,0.));
#12681=CARTESIAN_POINT('',(-0.0224877918522885,-0.0614388325010604,0.));
#12682=CARTESIAN_POINT('',(-0.0231287719343859,-0.061811041707666,0.));
#12683=CARTESIAN_POINT('',(-0.0233741120295907,-0.0620741397526185,0.));
#12684=CARTESIAN_POINT('',(-0.0233741120295907,-0.0620741397526185,0.));
#12685=CARTESIAN_POINT('',(-0.0233741120295907,-0.0620741397526185,0.));
#12686=CARTESIAN_POINT('',(-0.0238836797761141,-0.0626205904979378,0.));
#12687=CARTESIAN_POINT('',(-0.0240353104738155,-0.0633993073753172,0.));
#12688=CARTESIAN_POINT('',(-0.0240353104738155,-0.0641431122194514,0.));
#12689=CARTESIAN_POINT('',(-0.0240353104738155,-0.0641431122194514,0.));
#12690=CARTESIAN_POINT('',(-0.0240353104738155,-0.0669233416458853,0.));
#12691=CARTESIAN_POINT('',(-0.0240353104738155,-0.0697035710723192,0.));
#12692=CARTESIAN_POINT('',(-0.0240353104738155,-0.0697035710723192,0.));
#12693=CARTESIAN_POINT('',(-0.0240353104738155,-0.0700757795519053,0.));
#12694=CARTESIAN_POINT('',(-0.0239661747187009,-0.0708208419968328,0.));
#12695=CARTESIAN_POINT('',(-0.0236281895136645,-0.0715000756848031,0.));
#12696=CARTESIAN_POINT('',(-0.0233741120295907,-0.0717725435391522,0.));
#12697=CARTESIAN_POINT('',(-0.0233741120295907,-0.0717725435391521,0.));
#12698=CARTESIAN_POINT('',(-0.0233741120295907,-0.0717725435391521,0.));
#12699=CARTESIAN_POINT('',(-0.0228801043717173,-0.0723023079417859,0.));
#12700=CARTESIAN_POINT('',(-0.0221211875479733,-0.0724835,0.));
#12701=CARTESIAN_POINT('',(-0.0213977057356609,-0.0724835,0.));
#12702=CARTESIAN_POINT('',(-0.0213977057356609,-0.0724835,0.));
#12703=CARTESIAN_POINT('',(-0.0200775261845387,-0.0724835,0.));
#12704=CARTESIAN_POINT('',(-0.0187573466334165,-0.0724835,0.));
#12705=CARTESIAN_POINT('',(-0.0187573466334165,-0.07242,0.));
#12706=CARTESIAN_POINT('',(-0.0186938466334165,-0.07242,0.));
#12707=CARTESIAN_POINT('',(-0.0186938466334165,-0.0669233416458853,0.));
#12708=CARTESIAN_POINT('',(0.0239570872817955,-0.0614266832917706,0.));
#12709=CARTESIAN_POINT('',(0.0239570872817955,-0.0613631832917706,0.));
#12710=CARTESIAN_POINT('',(0.0240205872817955,-0.0614266832917706,0.));
#12711=CARTESIAN_POINT('',(0.0226761695760598,-0.0613631832917706,0.));
#12712=CARTESIAN_POINT('',(0.0213952518703242,-0.0613631832917706,0.));
#12713=CARTESIAN_POINT('',(0.0213952518703242,-0.0613631832917706,0.));
#12714=CARTESIAN_POINT('',(0.0210355290347803,-0.0613631832917706,0.));
#12715=CARTESIAN_POINT('',(0.0203156603110098,-0.0614226464531846,0.));
#12716=CARTESIAN_POINT('',(0.0196535209476746,-0.0617487838473365,0.));
#12717=CARTESIAN_POINT('',(0.0194028967965512,-0.0620029237681148,0.));
#12718=CARTESIAN_POINT('',(0.0194028967965512,-0.0620029237681148,0.));
#12719=CARTESIAN_POINT('',(0.0194028967965512,-0.0620029237681148,0.));
#12720=CARTESIAN_POINT('',(0.0189070161449837,-0.0625057606612875,0.));
#12721=CARTESIAN_POINT('',(0.0187723703241896,-0.063251398555898,0.));
#12722=CARTESIAN_POINT('',(0.0187723703241896,-0.0639541645885287,0.));
#12723=CARTESIAN_POINT('',(0.0187723703241896,-0.0639541645885287,0.));
#12724=CARTESIAN_POINT('',(0.0187723703241896,-0.0642927980049875,0.));
#12725=CARTESIAN_POINT('',(0.0187723703241896,-0.0646314314214464,0.));
#12726=CARTESIAN_POINT('',(0.0187723703241896,-0.0646314314214464,0.));
#12727=CARTESIAN_POINT('',(0.0187723703241896,-0.065059388157538,0.));
#12728=CARTESIAN_POINT('',(0.0188558757230124,-0.0659312232710981,0.));
#12729=CARTESIAN_POINT('',(0.0194472304671261,-0.0666230629566911,0.));
#12730=CARTESIAN_POINT('',(0.0198325536987913,-0.0668082182975229,0.));
#12731=CARTESIAN_POINT('',(0.0198325536987885,-0.0668082182975244,0.));
#12732=CARTESIAN_POINT('',(0.0198325536987885,-0.0668082182975244,0.));
#12733=CARTESIAN_POINT('',(0.0194740262743218,-0.0669426177110171,0.));
#12734=CARTESIAN_POINT('',(0.019178372670704,-0.0672210886082907,0.));
#12735=CARTESIAN_POINT('',(0.0190220180426255,-0.0675723307585707,0.));
#12736=CARTESIAN_POINT('',(0.0190220180426255,-0.0675723307585708,0.));
#12737=CARTESIAN_POINT('',(0.0190220180426255,-0.0675723307585708,0.));
#12738=CARTESIAN_POINT('',(0.018802899026265,-0.068064569686319,0.));
#12739=CARTESIAN_POINT('',(0.0187576471321696,-0.0686150869622738,0.));
#12740=CARTESIAN_POINT('',(0.0187576471321696,-0.0691539052369077,0.));
#12741=CARTESIAN_POINT('',(0.0187576471321696,-0.0691539052369077,0.));
#12742=CARTESIAN_POINT('',(0.0187576471321696,-0.0701195012468828,0.));
#12743=CARTESIAN_POINT('',(0.0187576471321696,-0.0710850972568579,0.));
#12744=CARTESIAN_POINT('',(0.0187576471321696,-0.0710850972568579,0.));
#12745=CARTESIAN_POINT('',(0.0187576471321696,-0.0713371055545291,0.));
#12746=CARTESIAN_POINT('',(0.0187536092604242,-0.0715895734504652,0.));
#12747=CARTESIAN_POINT('',(0.0187261255826203,-0.0718400977442933,0.));
#12748=CARTESIAN_POINT('',(0.0187261255826203,-0.0718400977442933,0.));
#12749=CARTESIAN_POINT('',(0.0187261255826203,-0.0718400977442933,0.));
#12750=CARTESIAN_POINT('',(0.0187051543494902,-0.0720312586001333,0.));
#12751=CARTESIAN_POINT('',(0.0186521206060322,-0.0722184447468961,0.));
#12752=CARTESIAN_POINT('',(0.01857415167181,-0.072394257049554,0.));
#12753=CARTESIAN_POINT('',(0.01857415167181,-0.0723942570495541,0.));
#12754=CARTESIAN_POINT('',(0.0186321995012469,-0.07242,0.));
#12755=CARTESIAN_POINT('',(0.0186321995012469,-0.0724835,0.));
#12756=CARTESIAN_POINT('',(0.0195119102244389,-0.0724835,0.));
#12757=CARTESIAN_POINT('',(0.020391620947631,-0.0724835,0.));
#12758=CARTESIAN_POINT('',(0.020391620947631,-0.07242,0.));
#12759=CARTESIAN_POINT('',(0.0204515816365979,-0.0724409037264288,0.));
#12760=CARTESIAN_POINT('',(0.0204515816365979,-0.0724409037264288,0.));
#12761=CARTESIAN_POINT('',(0.0205099627854026,-0.0722734420101204,0.));
#12762=CARTESIAN_POINT('',(0.0205558987980869,-0.0721011953258723,0.));
#12763=CARTESIAN_POINT('',(0.020579693745666,-0.0719254787899043,0.));
#12764=CARTESIAN_POINT('',(0.020579693745666,-0.0719254787899043,0.));
#12765=CARTESIAN_POINT('',(0.020579693745666,-0.0719254787899043,0.));
#12766=CARTESIAN_POINT('',(0.0206179943912624,-0.0716426432531921,0.));
#12767=CARTESIAN_POINT('',(0.0206121683291771,-0.0713557908395259,0.));
#12768=CARTESIAN_POINT('',(0.0206121683291771,-0.0710703740648379,0.));
#12769=CARTESIAN_POINT('',(0.0206121683291771,-0.0710703740648379,0.));
#12770=CARTESIAN_POINT('',(0.0206121683291771,-0.070064289276808,0.));
#12771=CARTESIAN_POINT('',(0.0206121683291771,-0.0690582044887781,0.));
#12772=CARTESIAN_POINT('',(0.0206121683291771,-0.0690582044887781,0.));
#12773=CARTESIAN_POINT('',(0.0206121683291771,-0.0688823021005685,0.));
#12774=CARTESIAN_POINT('',(0.0206315588873108,-0.0685326864648683,0.));
#12775=CARTESIAN_POINT('',(0.020729557581047,-0.0681833940892856,0.));
#12776=CARTESIAN_POINT('',(0.0208408284190922,-0.0680468344244119,0.));
#12777=CARTESIAN_POINT('',(0.0208408284190866,-0.0680468344244188,0.));
#12778=CARTESIAN_POINT('',(0.0208408284190866,-0.0680468344244188,0.));
#12779=CARTESIAN_POINT('',(0.0210225552001174,-0.0678238061022446,0.));
#12780=CARTESIAN_POINT('',(0.0213416323525477,-0.067772078553616,0.));
#12781=CARTESIAN_POINT('',(0.0216308229426434,-0.067772078553616,0.));
#12782=CARTESIAN_POINT('',(0.0216308229426434,-0.0677720785536159,0.));
#12783=CARTESIAN_POINT('',(0.0219301945137157,-0.0677720785536159,0.));
#12784=CARTESIAN_POINT('',(0.0221660660847881,-0.0677720785536159,0.));
#12785=CARTESIAN_POINT('',(0.0221660660847881,-0.070064289276808,0.));
#12786=CARTESIAN_POINT('',(0.0221660660847881,-0.07242,0.));
#12787=CARTESIAN_POINT('',(0.0222295660847881,-0.07242,0.));
#12788=CARTESIAN_POINT('',(0.0222295660847881,-0.0724835,0.));
#12789=CARTESIAN_POINT('',(0.0230933266832918,-0.0724835,0.));
#12790=CARTESIAN_POINT('',(0.0239570872817955,-0.0724835,0.));
#12791=CARTESIAN_POINT('',(0.0239570872817955,-0.07242,0.));
#12792=CARTESIAN_POINT('',(0.0240205872817955,-0.07242,0.));
#12793=CARTESIAN_POINT('',(0.0240205872817955,-0.0669233416458853,0.));
#12794=CARTESIAN_POINT('',(-0.05,0.,0.));
#12795=CARTESIAN_POINT('',(-0.05,0.0695,0.));
#12796=CARTESIAN_POINT('',(-0.05,-0.0695,0.));
#12797=CARTESIAN_POINT('',(-0.042,0.0695,0.));
#12798=CARTESIAN_POINT('',(-0.042,0.0775,0.));
#12799=CARTESIAN_POINT('',(0.,0.0775,0.));
#12800=CARTESIAN_POINT('',(0.042,0.0775,0.));
#12801=CARTESIAN_POINT('',(0.042,0.0695,0.));
#12802=CARTESIAN_POINT('',(0.05,0.0695,0.));
#12803=CARTESIAN_POINT('',(0.05,0.,0.));
#12804=CARTESIAN_POINT('',(0.05,-0.0695,0.));
#12805=CARTESIAN_POINT('',(0.042,-0.0695,0.));
#12806=CARTESIAN_POINT('',(0.042,-0.0775,0.));
#12807=CARTESIAN_POINT('',(0.,-0.0775,0.));
#12808=CARTESIAN_POINT('',(-0.042,-0.0775,0.));
#12809=CARTESIAN_POINT('',(-0.042,-0.0695,0.));
#12810=CARTESIAN_POINT('',(0.020238,-0.012564,0.));
#12811=CARTESIAN_POINT('',(0.024738,-0.012564,0.));
#12812=CARTESIAN_POINT('',(-0.012762,-0.050564,0.));
#12813=CARTESIAN_POINT('',(-0.009262,-0.050564,0.));
#12814=CARTESIAN_POINT('',(-0.000762,-0.050564,0.));
#12815=CARTESIAN_POINT('',(0.002738,-0.050564,0.));
#12816=CARTESIAN_POINT('',(0.011238,-0.050564,0.));
#12817=CARTESIAN_POINT('',(0.014738,-0.050564,0.));
#12818=CARTESIAN_POINT('',(-0.021762,-0.022564,0.));
#12819=CARTESIAN_POINT('',(-0.009062,-0.022564,0.));
#12820=CARTESIAN_POINT('',(0.010238,-0.022564,0.));
#12821=CARTESIAN_POINT('',(0.014738,-0.022564,0.));
#12822=CARTESIAN_POINT('',(0.030238,-0.022564,0.));
#12823=CARTESIAN_POINT('',(0.034738,-0.022564,0.));
#12824=CARTESIAN_POINT('',(0.020238,-0.032564,0.));
#12825=CARTESIAN_POINT('',(0.024738,-0.032564,0.));
#12826=CARTESIAN_POINT('',(-0.000762,-0.004564,0.));
#12827=CARTESIAN_POINT('',(0.003988,-0.004564,0.));
#12828=CARTESIAN_POINT('',(-0.036,0.0355,0.));
#12829=CARTESIAN_POINT('',(-0.036,0.0625,0.));
#12830=CARTESIAN_POINT('',(-0.036,0.0085,0.));
#12831=CARTESIAN_POINT('',(0.,0.0085,0.));
#12832=CARTESIAN_POINT('',(0.036,0.0085,0.));
#12833=CARTESIAN_POINT('',(0.036,0.0355,0.));
#12834=CARTESIAN_POINT('',(0.036,0.0625,0.));
#12835=CARTESIAN_POINT('',(0.,0.0625,0.));
#12836=CARTESIAN_POINT('',(0.00621073316708229,-0.0614266832917706,0.));
#12837=CARTESIAN_POINT('',(0.00621073316708229,-0.0613631832917706,0.));
#12838=CARTESIAN_POINT('',(0.00627423316708229,-0.0614266832917706,0.));
#12839=CARTESIAN_POINT('',(0.00492981546134663,-0.0613631832917706,0.));
#12840=CARTESIAN_POINT('',(0.00364889775561097,-0.0613631832917706,0.));
#12841=CARTESIAN_POINT('',(0.00364889775561097,-0.0613631832917706,0.));
#12842=CARTESIAN_POINT('',(0.00328917492006704,-0.0613631832917706,0.));
#12843=CARTESIAN_POINT('',(0.00256930619629668,-0.0614226464531847,0.));
#12844=CARTESIAN_POINT('',(0.00190716683296121,-0.0617487838473363,0.));
#12845=CARTESIAN_POINT('',(0.00165654268183798,-0.0620029237681148,0.));
#12846=CARTESIAN_POINT('',(0.001656542681838,-0.0620029237681148,0.));
#12847=CARTESIAN_POINT('',(0.00165654268183799,-0.0620029237681148,0.));
#12848=CARTESIAN_POINT('',(0.00116066203027042,-0.0625057606612875,0.));
#12849=CARTESIAN_POINT('',(0.0010260162094763,-0.063251398555898,0.));
#12850=CARTESIAN_POINT('',(0.0010260162094763,-0.0639541645885287,0.));
#12851=CARTESIAN_POINT('',(0.0010260162094763,-0.0639541645885287,0.));
#12852=CARTESIAN_POINT('',(0.0010260162094763,-0.0642927980049875,0.));
#12853=CARTESIAN_POINT('',(0.0010260162094763,-0.0646314314214464,0.));
#12854=CARTESIAN_POINT('',(0.0010260162094763,-0.0646314314214464,0.));
#12855=CARTESIAN_POINT('',(0.0010260162094763,-0.065059388157538,0.));
#12856=CARTESIAN_POINT('',(0.00110952160829913,-0.0659312232710981,0.));
#12857=CARTESIAN_POINT('',(0.00170087635241283,-0.066623062956691,0.));
#12858=CARTESIAN_POINT('',(0.00208619958407794,-0.0668082182975228,0.));
#12859=CARTESIAN_POINT('',(0.00208619958407861,-0.0668082182975231,0.));
#12860=CARTESIAN_POINT('',(0.00208619958407864,-0.0668082182975232,0.));
#12861=CARTESIAN_POINT('',(0.00172767215961046,-0.0669426177110155,0.));
#12862=CARTESIAN_POINT('',(0.0014320185559909,-0.0672210886082895,0.));
#12863=CARTESIAN_POINT('',(0.00127566392791226,-0.0675723307585708,0.));
#12864=CARTESIAN_POINT('',(0.00127566392791227,-0.0675723307585708,0.));
#12865=CARTESIAN_POINT('',(0.00127566392791227,-0.0675723307585708,0.));
#12866=CARTESIAN_POINT('',(0.00105654491155179,-0.068064569686319,0.));
#12867=CARTESIAN_POINT('',(0.00101129301745635,-0.0686150869622738,0.));
#12868=CARTESIAN_POINT('',(0.00101129301745635,-0.0691539052369077,0.));
#12869=CARTESIAN_POINT('',(0.00101129301745635,-0.0691539052369077,0.));
#12870=CARTESIAN_POINT('',(0.00101129301745635,-0.0701195012468828,0.));
#12871=CARTESIAN_POINT('',(0.00101129301745635,-0.0710850972568579,0.));
#12872=CARTESIAN_POINT('',(0.00101129301745635,-0.0710850972568579,0.));
#12873=CARTESIAN_POINT('',(0.00101129301745635,-0.0713371055545291,0.));
#12874=CARTESIAN_POINT('',(0.00100725514571107,-0.0715895734504652,0.));
#12875=CARTESIAN_POINT('',(0.000979771467907102,-0.0718400977442933,0.));
#12876=CARTESIAN_POINT('',(0.000979771467907101,-0.0718400977442933,0.));
#12877=CARTESIAN_POINT('',(0.000979771467907101,-0.0718400977442933,0.));
#12878=CARTESIAN_POINT('',(0.000958800234776968,-0.0720312586001333,0.));
#12879=CARTESIAN_POINT('',(0.000905766491318839,-0.0722184447468961,0.));
#12880=CARTESIAN_POINT('',(0.000827797557096722,-0.0723942570495541,0.));
#12881=CARTESIAN_POINT('',(0.000827797557096735,-0.0723942570495541,0.));
#12882=CARTESIAN_POINT('',(0.000885845386533659,-0.07242,0.));
#12883=CARTESIAN_POINT('',(0.000885845386533659,-0.0724835,0.));
#12884=CARTESIAN_POINT('',(0.00176555610972568,-0.0724835,0.));
#12885=CARTESIAN_POINT('',(0.0026452668329177,-0.0724835,0.));
#12886=CARTESIAN_POINT('',(0.0026452668329177,-0.07242,0.));
#12887=CARTESIAN_POINT('',(0.00270522752188462,-0.0724409037264288,0.));
#12888=CARTESIAN_POINT('',(0.00270522752188463,-0.0724409037264288,0.));
#12889=CARTESIAN_POINT('',(0.00276360867068937,-0.0722734420101205,0.));
#12890=CARTESIAN_POINT('',(0.0028095446833737,-0.0721011953258723,0.));
#12891=CARTESIAN_POINT('',(0.00283333963095275,-0.0719254787899043,0.));
#12892=CARTESIAN_POINT('',(0.00283333963095275,-0.0719254787899043,0.));
#12893=CARTESIAN_POINT('',(0.00283333963095275,-0.0719254787899043,0.));
#12894=CARTESIAN_POINT('',(0.00287164027654919,-0.0716426432531921,0.));
#12895=CARTESIAN_POINT('',(0.00286581421446384,-0.0713557908395259,0.));
#12896=CARTESIAN_POINT('',(0.00286581421446384,-0.0710703740648379,0.));
#12897=CARTESIAN_POINT('',(0.00286581421446384,-0.0710703740648379,0.));
#12898=CARTESIAN_POINT('',(0.00286581421446384,-0.070064289276808,0.));
#12899=CARTESIAN_POINT('',(0.00286581421446384,-0.0690582044887781,0.));
#12900=CARTESIAN_POINT('',(0.00286581421446384,-0.0690582044887781,0.));
#12901=CARTESIAN_POINT('',(0.00286581421446384,-0.0688823021005685,0.));
#12902=CARTESIAN_POINT('',(0.00288520477259758,-0.0685326864648684,0.));
#12903=CARTESIAN_POINT('',(0.00298320346633382,-0.0681833940892856,0.));
#12904=CARTESIAN_POINT('',(0.00309447430437899,-0.0680468344244119,0.));
#12905=CARTESIAN_POINT('',(0.00309447430437336,-0.0680468344244188,0.));
#12906=CARTESIAN_POINT('',(0.00309447430437336,-0.0680468344244188,0.));
#12907=CARTESIAN_POINT('',(0.00327620108540415,-0.0678238061022447,0.));
#12908=CARTESIAN_POINT('',(0.00359527823783447,-0.067772078553616,0.));
#12909=CARTESIAN_POINT('',(0.00388446882793017,-0.067772078553616,0.));
#12910=CARTESIAN_POINT('',(0.00388446882793017,-0.0677720785536159,0.));
#12911=CARTESIAN_POINT('',(0.00418384039900249,-0.0677720785536159,0.));
#12912=CARTESIAN_POINT('',(0.00441971197007481,-0.0677720785536159,0.));
#12913=CARTESIAN_POINT('',(0.00441971197007481,-0.070064289276808,0.));
#12914=CARTESIAN_POINT('',(0.00441971197007481,-0.07242,0.));
#12915=CARTESIAN_POINT('',(0.00448321197007481,-0.07242,0.));
#12916=CARTESIAN_POINT('',(0.00448321197007481,-0.0724835,0.));
#12917=CARTESIAN_POINT('',(0.00534697256857855,-0.0724835,0.));
#12918=CARTESIAN_POINT('',(0.00621073316708229,-0.0724835,0.));
#12919=CARTESIAN_POINT('',(0.00621073316708229,-0.07242,0.));
#12920=CARTESIAN_POINT('',(0.00627423316708229,-0.07242,0.));
#12921=CARTESIAN_POINT('',(0.00627423316708229,-0.0669233416458853,0.));
#12922=CARTESIAN_POINT('',(0.0106396596009975,-0.067708578553616,0.));
#12923=CARTESIAN_POINT('',(0.0106396596009975,-0.07242,0.));
#12924=CARTESIAN_POINT('',(0.0106396596009975,-0.0630606571072319,0.));
#12925=CARTESIAN_POINT('',(0.0114791820448878,-0.0630606571072319,0.));
#12926=CARTESIAN_POINT('',(0.012382204488778,-0.0630606571072319,0.));
#12927=CARTESIAN_POINT('',(0.012382204488778,-0.0629971571072319,0.));
#12928=CARTESIAN_POINT('',(0.012445704488778,-0.0629971571072319,0.));
#12929=CARTESIAN_POINT('',(0.012445704488778,-0.0622119201995012,0.));
#12930=CARTESIAN_POINT('',(0.012445704488778,-0.0614266832917706,0.));
#12931=CARTESIAN_POINT('',(0.012382204488778,-0.0614266832917706,0.));
#12932=CARTESIAN_POINT('',(0.012382204488778,-0.0613631832917706,0.));
#12933=CARTESIAN_POINT('',(0.00971239900249376,-0.0613631832917706,0.));
#12934=CARTESIAN_POINT('',(0.00704259351620948,-0.0613631832917706,0.));
#12935=CARTESIAN_POINT('',(0.00704259351620947,-0.0614266832917706,0.));
#12936=CARTESIAN_POINT('',(0.00697909351620947,-0.0614266832917706,0.));
#12937=CARTESIAN_POINT('',(0.00697909351620947,-0.0622119201995012,0.));
#12938=CARTESIAN_POINT('',(0.00697909351620947,-0.0629971571072319,0.));
#12939=CARTESIAN_POINT('',(0.00704259351620947,-0.0629971571072319,0.));
#12940=CARTESIAN_POINT('',(0.00704259351620947,-0.0630606571072319,0.));
#12941=CARTESIAN_POINT('',(0.00794561596009975,-0.0630606571072319,0.));
#12942=CARTESIAN_POINT('',(0.00878513840399003,-0.0630606571072319,0.));
#12943=CARTESIAN_POINT('',(0.00878513840399003,-0.067708578553616,0.));
#12944=CARTESIAN_POINT('',(0.00878513840399003,-0.07242,0.));
#12945=CARTESIAN_POINT('',(0.00884863840399002,-0.07242,0.));
#12946=CARTESIAN_POINT('',(0.00884863840399002,-0.0724835,0.));
#12947=CARTESIAN_POINT('',(0.00971239900249377,-0.0724835,0.));
#12948=CARTESIAN_POINT('',(0.0105761596009975,-0.0724835,0.));
#12949=CARTESIAN_POINT('',(0.0105761596009975,-0.07242,0.));
#12950=CARTESIAN_POINT('',(0.0176285685785536,-0.0614266832917706,0.));
#12951=CARTESIAN_POINT('',(0.0176285685785536,-0.0613631832917706,0.));
#12952=CARTESIAN_POINT('',(0.0176920685785536,-0.0614266832917706,0.));
#12953=CARTESIAN_POINT('',(0.0152728578553616,-0.0613631832917706,0.));
#12954=CARTESIAN_POINT('',(0.0129171471321696,-0.0613631832917706,0.));
#12955=CARTESIAN_POINT('',(0.0129171471321696,-0.0614266832917706,0.));
#12956=CARTESIAN_POINT('',(0.0128536471321696,-0.0614266832917706,0.));
#12957=CARTESIAN_POINT('',(0.0128536471321696,-0.0622119201995012,0.));
#12958=CARTESIAN_POINT('',(0.0128536471321696,-0.0629971571072319,0.));
#12959=CARTESIAN_POINT('',(0.0129171471321696,-0.0629971571072319,0.));
#12960=CARTESIAN_POINT('',(0.0129171471321696,-0.0630606571072319,0.));
#12961=CARTESIAN_POINT('',(0.0144090972568579,-0.0630606571072319,0.));
#12962=CARTESIAN_POINT('',(0.0158375473815461,-0.0630606571072319,0.));
#12963=CARTESIAN_POINT('',(0.0158375473815461,-0.0644498453865337,0.));
#12964=CARTESIAN_POINT('',(0.0158375473815461,-0.0658390336658354,0.));
#12965=CARTESIAN_POINT('',(0.0147146034912718,-0.0658390336658354,0.));
#12966=CARTESIAN_POINT('',(0.0135281596009975,-0.0658390336658354,0.));
#12967=CARTESIAN_POINT('',(0.0135281596009975,-0.0659025336658354,0.));
#12968=CARTESIAN_POINT('',(0.0134646596009975,-0.0659025336658354,0.));
#12969=CARTESIAN_POINT('',(0.0134646596009975,-0.0666877705735661,0.));
#12970=CARTESIAN_POINT('',(0.0134646596009975,-0.0674730074812968,0.));
#12971=CARTESIAN_POINT('',(0.0135281596009975,-0.0674730074812968,0.));
#12972=CARTESIAN_POINT('',(0.0135281596009975,-0.0675365074812968,0.));
#12973=CARTESIAN_POINT('',(0.0147146034912718,-0.0675365074812968,0.));
#12974=CARTESIAN_POINT('',(0.0158375473815461,-0.0675365074812968,0.));
#12975=CARTESIAN_POINT('',(0.0158375473815461,-0.0691612668329177,0.));
#12976=CARTESIAN_POINT('',(0.0158375473815461,-0.0707860261845387,0.));
#12977=CARTESIAN_POINT('',(0.0144090972568579,-0.0707860261845387,0.));
#12978=CARTESIAN_POINT('',(0.0129171471321696,-0.0707860261845387,0.));
#12979=CARTESIAN_POINT('',(0.0129171471321696,-0.0708495261845386,0.));
#12980=CARTESIAN_POINT('',(0.0128536471321696,-0.0708495261845386,0.));
#12981=CARTESIAN_POINT('',(0.0128536471321696,-0.0716347630922693,0.));
#12982=CARTESIAN_POINT('',(0.0128536471321696,-0.07242,0.));
#12983=CARTESIAN_POINT('',(0.0129171471321696,-0.07242,0.));
#12984=CARTESIAN_POINT('',(0.0129171471321696,-0.0724835,0.));
#12985=CARTESIAN_POINT('',(0.0152728578553616,-0.0724835,0.));
#12986=CARTESIAN_POINT('',(0.0176285685785536,-0.0724835,0.));
#12987=CARTESIAN_POINT('',(0.0176285685785536,-0.07242,0.));
#12988=CARTESIAN_POINT('',(0.0176920685785536,-0.07242,0.));
#12989=CARTESIAN_POINT('',(0.0176920685785536,-0.0669233416458853,0.));
#12990=CARTESIAN_POINT('',(-0.0137956309226933,-0.0614266832917706,0.));
#12991=CARTESIAN_POINT('',(-0.0137956309226933,-0.0613631832917706,0.));
#12992=CARTESIAN_POINT('',(-0.0137329552904301,-0.0614164845114313,0.));
#12993=CARTESIAN_POINT('',(-0.0149661246882793,-0.0613631832917706,0.));
#12994=CARTESIAN_POINT('',(-0.0161366184538653,-0.0613631832917706,0.));
#12995=CARTESIAN_POINT('',(-0.0161366184538653,-0.0614266832917706,0.));
#12996=CARTESIAN_POINT('',(-0.0161992918669363,-0.0614164708829443,0.));
#12997=CARTESIAN_POINT('',(-0.0170949527148166,-0.066913129237059,0.));
#12998=CARTESIAN_POINT('',(-0.0179906135626969,-0.0724097875911737,0.));
#12999=CARTESIAN_POINT('',(-0.017927940149626,-0.07242,0.));
#13000=CARTESIAN_POINT('',(-0.017927940149626,-0.0724835,0.));
#13001=CARTESIAN_POINT('',(-0.0170641795511222,-0.0724835,0.));
#13002=CARTESIAN_POINT('',(-0.0162004189526185,-0.0724835,0.));
#13003=CARTESIAN_POINT('',(-0.0162004189526185,-0.07242,0.));
#13004=CARTESIAN_POINT('',(-0.0161375656623629,-0.0724290395743289,0.));
#13005=CARTESIAN_POINT('',(-0.0159805182808168,-0.0713370694995159,0.));
#13006=CARTESIAN_POINT('',(-0.0158358913109629,-0.0703314600997506,0.));
#13007=CARTESIAN_POINT('',(-0.0149047780548628,-0.0703314600997506,0.));
#13008=CARTESIAN_POINT('',(-0.0139781367363414,-0.0703314600997506,0.));
#13009=CARTESIAN_POINT('',(-0.0138290188168059,-0.0713531508453183,0.));
#13010=CARTESIAN_POINT('',(-0.0136719714352597,-0.072429170795443,0.));
#13011=CARTESIAN_POINT('',(-0.0136091371571072,-0.07242,0.));
#13012=CARTESIAN_POINT('',(-0.0136091371571072,-0.0724835,0.));
#13013=CARTESIAN_POINT('',(-0.0128079501246883,-0.0724835,0.));
#13014=CARTESIAN_POINT('',(-0.0120067630922693,-0.0724835,0.));
#13015=CARTESIAN_POINT('',(-0.0120067630922693,-0.07242,0.));
#13016=CARTESIAN_POINT('',(-0.0119440874600061,-0.0724098012196607,0.));
#13017=CARTESIAN_POINT('',(-0.0128385213752181,-0.066913142865546,0.));
#13018=CARTESIAN_POINT('',(0.,0.,0.002));
#13019=CARTESIAN_POINT('',(-0.041,-0.0685,0.002));
#13020=CARTESIAN_POINT('',(-0.0385,-0.0685,0.002));
#13021=CARTESIAN_POINT('',(0.041,0.0005,0.002));
#13022=CARTESIAN_POINT('',(0.0435,0.0005,0.002));
#13023=CARTESIAN_POINT('',(-0.041,0.0005,0.002));
#13024=CARTESIAN_POINT('',(-0.0385,0.0005,0.002));
#13025=CARTESIAN_POINT('',(0.041,-0.0685,0.002));
#13026=CARTESIAN_POINT('',(0.0435,-0.0685,0.002));
#13027=CARTESIAN_POINT('',(-0.048,0.,0.002));
#13028=CARTESIAN_POINT('',(-0.048,0.0695,0.002));
#13029=CARTESIAN_POINT('',(-0.048,-0.0695,0.002));
#13030=CARTESIAN_POINT('',(-0.042,-0.0695,0.002));
#13031=CARTESIAN_POINT('',(-0.042,-0.0755,0.002));
#13032=CARTESIAN_POINT('',(0.,-0.0755,0.002));
#13033=CARTESIAN_POINT('',(0.042,-0.0755,0.002));
#13034=CARTESIAN_POINT('',(0.042,-0.0695,0.002));
#13035=CARTESIAN_POINT('',(0.048,-0.0695,0.002));
#13036=CARTESIAN_POINT('',(0.048,0.,0.002));
#13037=CARTESIAN_POINT('',(0.048,0.0695,0.002));
#13038=CARTESIAN_POINT('',(0.042,0.0695,0.002));
#13039=CARTESIAN_POINT('',(0.042,0.0755,0.002));
#13040=CARTESIAN_POINT('',(0.,0.0755,0.002));
#13041=CARTESIAN_POINT('',(-0.042,0.0755,0.002));
#13042=CARTESIAN_POINT('',(-0.042,0.0695,0.002));
#13043=CARTESIAN_POINT('',(0.020238,-0.012564,0.002));
#13044=CARTESIAN_POINT('',(0.024738,-0.012564,0.002));
#13045=CARTESIAN_POINT('',(-0.012762,-0.050564,0.002));
#13046=CARTESIAN_POINT('',(-0.009262,-0.050564,0.002));
#13047=CARTESIAN_POINT('',(-0.000762,-0.050564,0.002));
#13048=CARTESIAN_POINT('',(0.002738,-0.050564,0.002));
#13049=CARTESIAN_POINT('',(0.011238,-0.050564,0.002));
#13050=CARTESIAN_POINT('',(0.014738,-0.050564,0.002));
#13051=CARTESIAN_POINT('',(-0.021762,-0.022564,0.002));
#13052=CARTESIAN_POINT('',(-0.009062,-0.022564,0.002));
#13053=CARTESIAN_POINT('',(0.010238,-0.022564,0.002));
#13054=CARTESIAN_POINT('',(0.014738,-0.022564,0.002));
#13055=CARTESIAN_POINT('',(0.030238,-0.022564,0.002));
#13056=CARTESIAN_POINT('',(0.034738,-0.022564,0.002));
#13057=CARTESIAN_POINT('',(0.020238,-0.032564,0.002));
#13058=CARTESIAN_POINT('',(0.024738,-0.032564,0.002));
#13059=CARTESIAN_POINT('',(-0.000762,-0.004564,0.002));
#13060=CARTESIAN_POINT('',(0.003988,-0.004564,0.002));
#13061=CARTESIAN_POINT('',(0.041,0.0685,0.002));
#13062=CARTESIAN_POINT('',(0.04,0.0662087121525221,0.002));
#13063=CARTESIAN_POINT('',(0.0395,0.0665,0.002));
#13064=CARTESIAN_POINT('',(0.04,0.0355,0.002));
#13065=CARTESIAN_POINT('',(0.04,0.0045,0.002));
#13066=CARTESIAN_POINT('',(0.,0.0045,0.002));
#13067=CARTESIAN_POINT('',(-0.04,0.0045,0.002));
#13068=CARTESIAN_POINT('',(-0.04,0.0355,0.002));
#13069=CARTESIAN_POINT('',(-0.04,0.0662087121525221,0.002));
#13070=CARTESIAN_POINT('',(-0.041,0.0685,0.002));
#13071=CARTESIAN_POINT('',(-0.0395,0.0665,0.002));
#13072=CARTESIAN_POINT('',(0.,0.0665,0.002));
#13073=CARTESIAN_POINT('',(-0.04,0.0355,0.007));
#13074=CARTESIAN_POINT('',(-0.04,0.0662087121525221,0.012));
#13075=CARTESIAN_POINT('',(-0.04,0.0662087121525221,0.007));
#13076=CARTESIAN_POINT('',(-0.04,0.0045,0.007));
#13077=CARTESIAN_POINT('',(-0.04,0.0045,0.007));
#13078=CARTESIAN_POINT('',(-0.04,0.0355,0.007));
#13079=CARTESIAN_POINT('',(0.04,0.0355,0.007));
#13080=CARTESIAN_POINT('',(0.04,0.0662087121525221,0.012));
#13081=CARTESIAN_POINT('',(0.04,0.0662087121525221,0.007));
#13082=CARTESIAN_POINT('',(0.04,0.0355,0.007));
#13083=CARTESIAN_POINT('',(0.04,0.0045,0.007));
#13084=CARTESIAN_POINT('',(0.04,0.0045,0.007));
#13085=CARTESIAN_POINT('',(0.,0.0665,0.007));
#13086=CARTESIAN_POINT('',(0.0395,0.0665,0.012));
#13087=CARTESIAN_POINT('',(0.0395,0.0665,0.007));
#13088=CARTESIAN_POINT('',(-0.0395,0.0665,0.012));
#13089=CARTESIAN_POINT('',(-0.0395,0.0665,0.007));
#13090=CARTESIAN_POINT('',(0.,0.0665,0.007));
#13091=CARTESIAN_POINT('',(0.,0.,0.002));
#13092=CARTESIAN_POINT('',(0.,0.0061,0.002));
#13093=CARTESIAN_POINT('',(-0.0384,0.0061,0.002));
#13094=CARTESIAN_POINT('',(0.0384,0.0061,0.002));
#13095=CARTESIAN_POINT('',(0.0384,0.0355,0.002));
#13096=CARTESIAN_POINT('',(0.0384,0.0649,0.002));
#13097=CARTESIAN_POINT('',(0.,0.0649,0.002));
#13098=CARTESIAN_POINT('',(-0.0384,0.0649,0.002));
#13099=CARTESIAN_POINT('',(-0.0384,0.0355,0.002));
#13100=CARTESIAN_POINT('',(0.,0.0085,0.002));
#13101=CARTESIAN_POINT('',(0.036,0.0085,0.002));
#13102=CARTESIAN_POINT('',(-0.036,0.0085,0.002));
#13103=CARTESIAN_POINT('',(-0.036,0.,0.002));
#13104=CARTESIAN_POINT('',(-0.036,0.0625,0.002));
#13105=CARTESIAN_POINT('',(0.,0.0625,0.002));
#13106=CARTESIAN_POINT('',(0.036,0.0625,0.002));
#13107=CARTESIAN_POINT('',(0.036,0.,0.002));
#13108=CARTESIAN_POINT('',(0.,0.,0.012));
#13109=CARTESIAN_POINT('',(0.042,0.0695,0.012));
#13110=CARTESIAN_POINT('',(0.042,0.0775,0.012));
#13111=CARTESIAN_POINT('',(0.05,0.0695,0.012));
#13112=CARTESIAN_POINT('',(0.,0.0775,0.012));
#13113=CARTESIAN_POINT('',(-0.042,0.0775,0.012));
#13114=CARTESIAN_POINT('',(-0.042,0.0695,0.012));
#13115=CARTESIAN_POINT('',(-0.05,0.0695,0.012));
#13116=CARTESIAN_POINT('',(-0.05,0.,0.012));
#13117=CARTESIAN_POINT('',(-0.05,-0.0695,0.012));
#13118=CARTESIAN_POINT('',(-0.042,-0.0695,0.012));
#13119=CARTESIAN_POINT('',(-0.042,-0.0775,0.012));
#13120=CARTESIAN_POINT('',(0.,-0.0775,0.012));
#13121=CARTESIAN_POINT('',(0.042,-0.0775,0.012));
#13122=CARTESIAN_POINT('',(0.042,-0.0695,0.012));
#13123=CARTESIAN_POINT('',(0.05,-0.0695,0.012));
#13124=CARTESIAN_POINT('',(0.05,0.,0.012));
#13125=CARTESIAN_POINT('',(0.,0.0755,0.012));
#13126=CARTESIAN_POINT('',(0.042,0.0755,0.012));
#13127=CARTESIAN_POINT('',(-0.042,0.0755,0.012));
#13128=CARTESIAN_POINT('',(0.042,0.0695,0.012));
#13129=CARTESIAN_POINT('',(0.048,0.0695,0.012));
#13130=CARTESIAN_POINT('',(0.048,0.,0.012));
#13131=CARTESIAN_POINT('',(0.048,-0.0695,0.012));
#13132=CARTESIAN_POINT('',(0.042,-0.0695,0.012));
#13133=CARTESIAN_POINT('',(0.042,-0.0755,0.012));
#13134=CARTESIAN_POINT('',(0.,-0.0755,0.012));
#13135=CARTESIAN_POINT('',(-0.042,-0.0755,0.012));
#13136=CARTESIAN_POINT('',(-0.042,-0.0695,0.012));
#13137=CARTESIAN_POINT('',(-0.048,-0.0695,0.012));
#13138=CARTESIAN_POINT('',(-0.048,0.,0.012));
#13139=CARTESIAN_POINT('',(-0.048,0.0695,0.012));
#13140=CARTESIAN_POINT('',(-0.042,0.0695,0.012));
#13141=CARTESIAN_POINT('',(-0.042,0.0695,0.032));
#13142=CARTESIAN_POINT('',(-0.05,0.0695,0.032));
#13143=CARTESIAN_POINT('',(-0.042,0.0775,0.032));
#13144=CARTESIAN_POINT('',(0.042,0.0695,0.032));
#13145=CARTESIAN_POINT('',(0.042,0.0775,0.032));
#13146=CARTESIAN_POINT('',(0.05,0.0695,0.032));
#13147=CARTESIAN_POINT('',(0.,0.0775,0.032));
#13148=CARTESIAN_POINT('',(0.042,-0.0695,0.032));
#13149=CARTESIAN_POINT('',(0.05,-0.0695,0.032));
#13150=CARTESIAN_POINT('',(0.042,-0.0775,0.032));
#13151=CARTESIAN_POINT('',(0.05,0.,0.032));
#13152=CARTESIAN_POINT('',(-0.042,-0.0695,0.032));
#13153=CARTESIAN_POINT('',(-0.042,-0.0775,0.032));
#13154=CARTESIAN_POINT('',(-0.05,-0.0695,0.032));
#13155=CARTESIAN_POINT('',(0.,-0.0775,0.032));
#13156=CARTESIAN_POINT('',(-0.05,0.,0.032));
#13157=CARTESIAN_POINT('',(-0.042,0.0695,0.032));
#13158=CARTESIAN_POINT('',(-0.048,0.0695,0.032));
#13159=CARTESIAN_POINT('',(-0.042,0.0755,0.032));
#13160=CARTESIAN_POINT('',(0.042,0.0695,0.032));
#13161=CARTESIAN_POINT('',(0.042,0.0755,0.032));
#13162=CARTESIAN_POINT('',(0.048,0.0695,0.032));
#13163=CARTESIAN_POINT('',(0.,0.0755,0.032));
#13164=CARTESIAN_POINT('',(0.042,-0.0695,0.032));
#13165=CARTESIAN_POINT('',(0.048,-0.0695,0.032));
#13166=CARTESIAN_POINT('',(0.042,-0.0755,0.032));
#13167=CARTESIAN_POINT('',(0.048,0.,0.032));
#13168=CARTESIAN_POINT('',(-0.042,-0.0695,0.032));
#13169=CARTESIAN_POINT('',(-0.042,-0.0755,0.032));
#13170=CARTESIAN_POINT('',(-0.048,-0.0695,0.032));
#13171=CARTESIAN_POINT('',(0.,-0.0755,0.032));
#13172=CARTESIAN_POINT('',(-0.048,0.,0.032));
#13173=CARTESIAN_POINT('',(0.020238,-0.012564,0.003));
#13174=CARTESIAN_POINT('',(-0.012762,-0.050564,0.003));
#13175=CARTESIAN_POINT('',(-0.000762,-0.050564,0.003));
#13176=CARTESIAN_POINT('',(0.011238,-0.050564,0.003));
#13177=CARTESIAN_POINT('',(-0.021762,-0.022564,0.003));
#13178=CARTESIAN_POINT('',(0.010238,-0.022564,0.003));
#13179=CARTESIAN_POINT('',(0.030238,-0.022564,0.003));
#13180=CARTESIAN_POINT('',(0.020238,-0.032564,0.003));
#13181=CARTESIAN_POINT('',(-0.000762,-0.004564,0.003));
#13182=CARTESIAN_POINT('',(-0.036,0.0355,0.003));
#13183=CARTESIAN_POINT('',(-0.036,0.0085,0.003));
#13184=CARTESIAN_POINT('',(-0.036,0.0625,0.003));
#13185=CARTESIAN_POINT('',(0.,0.0085,0.003));
#13186=CARTESIAN_POINT('',(0.036,0.0085,0.003));
#13187=CARTESIAN_POINT('',(0.036,0.0355,0.003));
#13188=CARTESIAN_POINT('',(0.036,0.0625,0.003));
#13189=CARTESIAN_POINT('',(0.,0.0625,0.003));
#13190=CARTESIAN_POINT('',(0.,0.0045,0.007));
#13191=CARTESIAN_POINT('',(0.,0.0045,0.007));
#13192=CARTESIAN_POINT('',(0.,0.0061,0.007));
#13193=CARTESIAN_POINT('',(-0.0384,0.0061,0.007));
#13194=CARTESIAN_POINT('',(-0.0384,0.0061,0.007));
#13195=CARTESIAN_POINT('',(0.,0.0061,0.007));
#13196=CARTESIAN_POINT('',(0.0384,0.0061,0.007));
#13197=CARTESIAN_POINT('',(0.0384,0.0061,0.007));
#13198=CARTESIAN_POINT('',(-0.0384,0.0355,0.007));
#13199=CARTESIAN_POINT('',(-0.0384,0.0649,0.007));
#13200=CARTESIAN_POINT('',(-0.0384,0.0649,0.007));
#13201=CARTESIAN_POINT('',(-0.0384,0.0355,0.007));
#13202=CARTESIAN_POINT('',(0.,0.0649,0.007));
#13203=CARTESIAN_POINT('',(0.0384,0.0649,0.007));
#13204=CARTESIAN_POINT('',(0.0384,0.0649,0.007));
#13205=CARTESIAN_POINT('',(0.,0.0649,0.007));
#13206=CARTESIAN_POINT('',(0.0384,0.0355,0.007));
#13207=CARTESIAN_POINT('',(0.0384,0.0355,0.007));
#13208=CARTESIAN_POINT('',(0.,0.0355,0.007));
#13209=CARTESIAN_POINT('',(0.041,0.0685,0.007));
#13210=CARTESIAN_POINT('',(-0.041,0.0685,0.007));
#13211=CARTESIAN_POINT('',(-0.041,0.0685,0.012));
#13212=CARTESIAN_POINT('',(-0.041,0.0685,0.012));
#13213=CARTESIAN_POINT('',(-0.0385,0.0685,0.012));
#13214=CARTESIAN_POINT('',(0.,0.,0.012));
#13215=CARTESIAN_POINT('',(0.041,0.0685,0.012));
#13216=CARTESIAN_POINT('',(0.041,0.0685,0.012));
#13217=CARTESIAN_POINT('',(0.0435,0.0685,0.012));
#13218=CARTESIAN_POINT('',(0.,0.,0.012));
#13219=CARTESIAN_POINT('',(0.041,-0.0685,0.012));
#13220=CARTESIAN_POINT('',(0.041,-0.0685,0.012));
#13221=CARTESIAN_POINT('',(0.0435,-0.0685,0.012));
#13222=CARTESIAN_POINT('',(0.,0.,0.012));
#13223=CARTESIAN_POINT('',(-0.041,0.0005,0.012));
#13224=CARTESIAN_POINT('',(-0.041,0.0005,0.012));
#13225=CARTESIAN_POINT('',(-0.0385,0.0005,0.012));
#13226=CARTESIAN_POINT('',(0.,0.,0.012));
#13227=CARTESIAN_POINT('',(0.041,0.0005,0.012));
#13228=CARTESIAN_POINT('',(0.041,0.0005,0.012));
#13229=CARTESIAN_POINT('',(0.0435,0.0005,0.012));
#13230=CARTESIAN_POINT('',(0.,0.,0.012));
#13231=CARTESIAN_POINT('',(-0.041,-0.0685,0.012));
#13232=CARTESIAN_POINT('',(-0.041,-0.0685,0.012));
#13233=CARTESIAN_POINT('',(-0.0385,-0.0685,0.012));
#13234=CARTESIAN_POINT('',(0.,0.,0.012));
#13235=CARTESIAN_POINT('',(0.0226761695760598,-0.0614901832917706,0.));
#13236=CARTESIAN_POINT('',(0.0238935872817955,-0.0614901832917706,0.));
#13237=CARTESIAN_POINT('',(0.0238935872817955,-0.0614901832917706,2.54E-5));
#13238=CARTESIAN_POINT('',(0.0238935872817955,-0.0614901832917706,0.));
#13239=CARTESIAN_POINT('',(0.0226761695760598,-0.0614901832917706,0.));
#13240=CARTESIAN_POINT('',(0.0213952518703242,-0.0614901832917706,0.));
#13241=CARTESIAN_POINT('',(0.0213952518703242,-0.0614901832917706,0.));
#13242=CARTESIAN_POINT('',(0.0213952518703242,-0.0614901832917706,2.54E-5));
#13243=CARTESIAN_POINT('',(0.0226761695760598,-0.0614901832917706,2.54E-5));
#13244=CARTESIAN_POINT('',(0.0226761695760598,-0.0614266832917706,2.54E-5));
#13245=CARTESIAN_POINT('',(0.0194933226548204,-0.0620920986757754,2.54E-5));
#13246=CARTESIAN_POINT('',(0.0197340008343548,-0.0618480442492336,2.54E-5));
#13247=CARTESIAN_POINT('',(0.0203661150441454,-0.0615456461361536,2.54E-5));
#13248=CARTESIAN_POINT('',(0.0210537059634579,-0.0614901832917706,2.54E-5));
#13249=CARTESIAN_POINT('',(0.0213952518703242,-0.0614901832917706,2.54E-5));
#13250=CARTESIAN_POINT('',(0.0194933226548203,-0.0620920986757755,2.54E-5));
#13251=CARTESIAN_POINT('',(0.0188993703241896,-0.0639541645885287,2.54E-5));
#13252=CARTESIAN_POINT('',(0.0188993703241896,-0.0636190109531503,2.54E-5));
#13253=CARTESIAN_POINT('',(0.0189567956732111,-0.0629475287732223,2.54E-5));
#13254=CARTESIAN_POINT('',(0.019256896770145,-0.0623318411560274,2.54E-5));
#13255=CARTESIAN_POINT('',(0.0194933226548204,-0.0620920986757754,2.54E-5));
#13256=CARTESIAN_POINT('',(0.0188993703241896,-0.0639541645885287,2.54E-5));
#13257=CARTESIAN_POINT('',(0.0188993703241896,-0.0642927980049875,2.54E-5));
#13258=CARTESIAN_POINT('',(0.0188993703241896,-0.0646314314214464,2.54E-5));
#13259=CARTESIAN_POINT('',(0.0199908616383097,-0.0667393069836221,2.54E-5));
#13260=CARTESIAN_POINT('',(0.019596903240441,-0.0665803563068249,2.54E-5));
#13261=CARTESIAN_POINT('',(0.0189797841951112,-0.0659241354216619,2.54E-5));
#13262=CARTESIAN_POINT('',(0.0188993703241896,-0.0650530905275466,2.54E-5));
#13263=CARTESIAN_POINT('',(0.0188993703241896,-0.0646314314214464,2.54E-5));
#13264=CARTESIAN_POINT('',(0.0199908616383097,-0.0667393069836221,2.54E-5));
#13265=CARTESIAN_POINT('',(0.0199671022443891,-0.0667981945137157,2.54E-5));
#13266=CARTESIAN_POINT('',(0.0200306022443891,-0.0667981945137157,2.54E-5));
#13267=CARTESIAN_POINT('',(0.0200306022443891,-0.066814144638404,2.54E-5));
#13268=CARTESIAN_POINT('',(0.0200306022443891,-0.0668300947630923,2.54E-5));
#13269=CARTESIAN_POINT('',(0.0199671022443891,-0.0668300947630923,2.54E-5));
#13270=CARTESIAN_POINT('',(0.0199851742357041,-0.0668909688391009,2.54E-5));
#13271=CARTESIAN_POINT('',(0.0191380418077486,-0.0676239784683619,2.54E-5));
#13272=CARTESIAN_POINT('',(0.0192957338580076,-0.0672697318720458,2.54E-5));
#13273=CARTESIAN_POINT('',(0.0196130496389399,-0.0670014433287653,2.54E-5));
#13274=CARTESIAN_POINT('',(0.0199851742357041,-0.066890968839101,2.54E-5));
#13275=CARTESIAN_POINT('',(0.0191380418077486,-0.0676239784683619,2.54E-5));
#13276=CARTESIAN_POINT('',(0.0188846471321696,-0.0691539052369077,2.54E-5));
#13277=CARTESIAN_POINT('',(0.0188846471321696,-0.0686331754390594,2.54E-5));
#13278=CARTESIAN_POINT('',(0.0189261768228166,-0.0680999216098679,2.54E-5));
#13279=CARTESIAN_POINT('',(0.0191380418077486,-0.0676239784683618,2.54E-5));
#13280=CARTESIAN_POINT('',(0.0188846471321696,-0.0691539052369077,2.54E-5));
#13281=CARTESIAN_POINT('',(0.0188846471321696,-0.0701195012468828,2.54E-5));
#13282=CARTESIAN_POINT('',(0.0188846471321696,-0.0710850972568579,2.54E-5));
#13283=CARTESIAN_POINT('',(0.0188523681829657,-0.0718539471434873,2.54E-5));
#13284=CARTESIAN_POINT('',(0.0188803525272641,-0.071598859081998,2.54E-5));
#13285=CARTESIAN_POINT('',(0.0188846471321696,-0.0713417422247202,2.54E-5));
#13286=CARTESIAN_POINT('',(0.0188846471321696,-0.0710850972568579,2.54E-5));
#13287=CARTESIAN_POINT('',(0.0188523681829657,-0.0718539471434873,2.54E-5));
#13288=CARTESIAN_POINT('',(0.018727479566348,-0.0723565000000007,2.54E-5));
#13289=CARTESIAN_POINT('',(0.0187905519784232,-0.0721952126110575,2.54E-5));
#13290=CARTESIAN_POINT('',(0.0188334859288383,-0.0720260661522639,2.54E-5));
#13291=CARTESIAN_POINT('',(0.0188523681829657,-0.0718539471434873,2.54E-5));
#13292=CARTESIAN_POINT('',(0.0187274795663482,-0.0723565,2.54E-5));
#13293=CARTESIAN_POINT('',(0.0195119102244389,-0.0723565,2.54E-5));
#13294=CARTESIAN_POINT('',(0.0203461825141502,-0.0723565,2.54E-5));
#13295=CARTESIAN_POINT('',(0.020453842413935,-0.0719084364220657,2.54E-5));
#13296=CARTESIAN_POINT('',(0.0204332010722243,-0.072060864791621,2.54E-5));
#13297=CARTESIAN_POINT('',(0.0203948082163162,-0.0722105443704379,2.54E-5));
#13298=CARTESIAN_POINT('',(0.0203461825141502,-0.0723565,2.54E-5));
#13299=CARTESIAN_POINT('',(0.020453842413935,-0.0719084364220658,2.54E-5));
#13300=CARTESIAN_POINT('',(0.0204851683291771,-0.0710703740648379,2.54E-5));
#13301=CARTESIAN_POINT('',(0.0204851683291771,-0.0713500787258602,2.54E-5));
#13302=CARTESIAN_POINT('',(0.0204913881856147,-0.0716311753388926,2.54E-5));
#13303=CARTESIAN_POINT('',(0.020453842413935,-0.0719084364220657,2.54E-5));
#13304=CARTESIAN_POINT('',(0.0204851683291771,-0.0710703740648379,2.54E-5));
#13305=CARTESIAN_POINT('',(0.0204851683291771,-0.070064289276808,2.54E-5));
#13306=CARTESIAN_POINT('',(0.0204851683291771,-0.0690582044887781,2.54E-5));
#13307=CARTESIAN_POINT('',(0.0207423735759259,-0.0679666119596212,2.54E-5));
#13308=CARTESIAN_POINT('',(0.0206217329257095,-0.0681146709394324,2.54E-5));
#13309=CARTESIAN_POINT('',(0.0205068203026766,-0.0684856861242668,2.54E-5));
#13310=CARTESIAN_POINT('',(0.0204851683291771,-0.0688674952085443,2.54E-5));
#13311=CARTESIAN_POINT('',(0.0204851683291771,-0.0690582044887781,2.54E-5));
#13312=CARTESIAN_POINT('',(0.0207423735759259,-0.0679666119596211,2.54E-5));
#13313=CARTESIAN_POINT('',(0.0216308229426434,-0.067645078553616,2.54E-5));
#13314=CARTESIAN_POINT('',(0.0213053359344304,-0.067645078553616,2.54E-5));
#13315=CARTESIAN_POINT('',(0.0209496959234312,-0.0677121708967737,2.54E-5));
#13316=CARTESIAN_POINT('',(0.0207423735759259,-0.0679666119596212,2.54E-5));
#13317=CARTESIAN_POINT('',(0.0216308229426434,-0.067645078553616,2.54E-5));
#13318=CARTESIAN_POINT('',(0.0219301945137157,-0.067645078553616,2.54E-5));
#13319=CARTESIAN_POINT('',(0.0222295660847881,-0.067645078553616,2.54E-5));
#13320=CARTESIAN_POINT('',(0.0222295660847881,-0.067708578553616,2.54E-5));
#13321=CARTESIAN_POINT('',(0.0222930660847881,-0.067708578553616,2.54E-5));
#13322=CARTESIAN_POINT('',(0.0222930660847881,-0.070064289276808,2.54E-5));
#13323=CARTESIAN_POINT('',(0.0222930660847881,-0.0723565,2.54E-5));
#13324=CARTESIAN_POINT('',(0.0230933266832918,-0.0723565,2.54E-5));
#13325=CARTESIAN_POINT('',(0.0238935872817955,-0.0723565,2.54E-5));
#13326=CARTESIAN_POINT('',(0.0238935872817955,-0.0669233416458853,2.54E-5));
#13327=CARTESIAN_POINT('',(0.0226761695760598,-0.0613631832917706,2.54E-5));
#13328=CARTESIAN_POINT('',(0.0239570872817955,-0.0613631832917706,2.54E-5));
#13329=CARTESIAN_POINT('',(0.0213952518703242,-0.0613631832917706,2.54E-5));
#13330=CARTESIAN_POINT('',(0.0239570872817955,-0.0614266832917706,2.54E-5));
#13331=CARTESIAN_POINT('',(0.0240205872817955,-0.0614266832917706,2.54E-5));
#13332=CARTESIAN_POINT('',(0.0240205872817955,-0.0669233416458853,2.54E-5));
#13333=CARTESIAN_POINT('',(0.0240205872817955,-0.07242,2.54E-5));
#13334=CARTESIAN_POINT('',(0.0239570872817955,-0.07242,2.54E-5));
#13335=CARTESIAN_POINT('',(0.0239570872817955,-0.0724835,2.54E-5));
#13336=CARTESIAN_POINT('',(0.0230933266832918,-0.0724835,2.54E-5));
#13337=CARTESIAN_POINT('',(0.0222295660847881,-0.0724835,2.54E-5));
#13338=CARTESIAN_POINT('',(0.0222295660847881,-0.07242,2.54E-5));
#13339=CARTESIAN_POINT('',(0.0221660660847881,-0.07242,2.54E-5));
#13340=CARTESIAN_POINT('',(0.0221660660847881,-0.070064289276808,2.54E-5));
#13341=CARTESIAN_POINT('',(0.0221660660847881,-0.0677720785536159,2.54E-5));
#13342=CARTESIAN_POINT('',(0.0219301945137157,-0.0677720785536159,2.54E-5));
#13343=CARTESIAN_POINT('',(0.0216308229426434,-0.0677720785536159,2.54E-5));
#13344=CARTESIAN_POINT('',(0.0208408284190866,-0.0680468344244188,2.54E-5));
#13345=CARTESIAN_POINT('',(0.0210225552001174,-0.0678238061022447,2.54E-5));
#13346=CARTESIAN_POINT('',(0.0213416323525477,-0.067772078553616,2.54E-5));
#13347=CARTESIAN_POINT('',(0.0216308229426434,-0.067772078553616,2.54E-5));
#13348=CARTESIAN_POINT('',(0.0208408284190866,-0.0680468344244188,2.54E-5));
#13349=CARTESIAN_POINT('',(0.0206121683291771,-0.0690582044887781,2.54E-5));
#13350=CARTESIAN_POINT('',(0.0206121683291771,-0.0688823021005698,2.54E-5));
#13351=CARTESIAN_POINT('',(0.0206315588873118,-0.0685326864648726,2.54E-5));
#13352=CARTESIAN_POINT('',(0.0207295575810423,-0.0681833940892915,2.54E-5));
#13353=CARTESIAN_POINT('',(0.0208408284190866,-0.0680468344244188,2.54E-5));
#13354=CARTESIAN_POINT('',(0.0206121683291771,-0.0690582044887781,2.54E-5));
#13355=CARTESIAN_POINT('',(0.0206121683291771,-0.070064289276808,2.54E-5));
#13356=CARTESIAN_POINT('',(0.0206121683291771,-0.0710703740648379,2.54E-5));
#13357=CARTESIAN_POINT('',(0.020579693745666,-0.0719254787899043,2.54E-5));
#13358=CARTESIAN_POINT('',(0.0206179943912624,-0.0716426432531921,2.54E-5));
#13359=CARTESIAN_POINT('',(0.0206121683291771,-0.0713557908395259,2.54E-5));
#13360=CARTESIAN_POINT('',(0.0206121683291771,-0.0710703740648379,2.54E-5));
#13361=CARTESIAN_POINT('',(0.020579693745666,-0.0719254787899043,2.54E-5));
#13362=CARTESIAN_POINT('',(0.0204515816365979,-0.0724409037264288,2.54E-5));
#13363=CARTESIAN_POINT('',(0.0205099627854026,-0.0722734420101204,2.54E-5));
#13364=CARTESIAN_POINT('',(0.0205558987980869,-0.0721011953258723,2.54E-5));
#13365=CARTESIAN_POINT('',(0.020579693745666,-0.0719254787899043,2.54E-5));
#13366=CARTESIAN_POINT('',(0.0204515816365979,-0.0724409037264288,2.54E-5));
#13367=CARTESIAN_POINT('',(0.020391620947631,-0.07242,2.54E-5));
#13368=CARTESIAN_POINT('',(0.020391620947631,-0.0724835,2.54E-5));
#13369=CARTESIAN_POINT('',(0.0195119102244389,-0.0724835,2.54E-5));
#13370=CARTESIAN_POINT('',(0.0186321995012469,-0.0724835,2.54E-5));
#13371=CARTESIAN_POINT('',(0.0186321995012469,-0.07242,2.54E-5));
#13372=CARTESIAN_POINT('',(0.01857415167181,-0.0723942570495541,2.54E-5));
#13373=CARTESIAN_POINT('',(0.0187261255826203,-0.0718400977442933,2.54E-5));
#13374=CARTESIAN_POINT('',(0.0187051543494902,-0.0720312586001333,2.54E-5));
#13375=CARTESIAN_POINT('',(0.0186521206060322,-0.0722184447468961,2.54E-5));
#13376=CARTESIAN_POINT('',(0.01857415167181,-0.072394257049554,2.54E-5));
#13377=CARTESIAN_POINT('',(0.0187261255826203,-0.0718400977442933,2.54E-5));
#13378=CARTESIAN_POINT('',(0.0187576471321696,-0.0710850972568579,2.54E-5));
#13379=CARTESIAN_POINT('',(0.0187576471321696,-0.0713371055545291,2.54E-5));
#13380=CARTESIAN_POINT('',(0.0187536092604242,-0.0715895734504652,2.54E-5));
#13381=CARTESIAN_POINT('',(0.0187261255826203,-0.0718400977442933,2.54E-5));
#13382=CARTESIAN_POINT('',(0.0187576471321696,-0.0710850972568579,2.54E-5));
#13383=CARTESIAN_POINT('',(0.0187576471321696,-0.0701195012468828,2.54E-5));
#13384=CARTESIAN_POINT('',(0.0187576471321696,-0.0691539052369077,2.54E-5));
#13385=CARTESIAN_POINT('',(0.0190220180426255,-0.0675723307585708,2.54E-5));
#13386=CARTESIAN_POINT('',(0.018802899026265,-0.068064569686319,2.54E-5));
#13387=CARTESIAN_POINT('',(0.0187576471321696,-0.0686150869622738,2.54E-5));
#13388=CARTESIAN_POINT('',(0.0187576471321696,-0.0691539052369077,2.54E-5));
#13389=CARTESIAN_POINT('',(0.0190220180426255,-0.0675723307585708,2.54E-5));
#13390=CARTESIAN_POINT('',(0.0198325536987885,-0.0668082182975244,2.54E-5));
#13391=CARTESIAN_POINT('',(0.0194740262743218,-0.0669426177110171,2.54E-5));
#13392=CARTESIAN_POINT('',(0.019178372670704,-0.0672210886082907,2.54E-5));
#13393=CARTESIAN_POINT('',(0.0190220180426255,-0.0675723307585707,2.54E-5));
#13394=CARTESIAN_POINT('',(0.0198325536987885,-0.0668082182975244,2.54E-5));
#13395=CARTESIAN_POINT('',(0.0187723703241896,-0.0646314314214464,2.54E-5));
#13396=CARTESIAN_POINT('',(0.0187723703241896,-0.065059388157538,2.54E-5));
#13397=CARTESIAN_POINT('',(0.0188558757230124,-0.0659312232710981,2.54E-5));
#13398=CARTESIAN_POINT('',(0.0194472304671261,-0.0666230629566911,2.54E-5));
#13399=CARTESIAN_POINT('',(0.0198325536987913,-0.0668082182975229,2.54E-5));
#13400=CARTESIAN_POINT('',(0.0187723703241896,-0.0646314314214464,2.54E-5));
#13401=CARTESIAN_POINT('',(0.0187723703241896,-0.0642927980049875,2.54E-5));
#13402=CARTESIAN_POINT('',(0.0187723703241896,-0.0639541645885287,2.54E-5));
#13403=CARTESIAN_POINT('',(0.0194028967965512,-0.0620029237681148,2.54E-5));
#13404=CARTESIAN_POINT('',(0.0189070161449837,-0.0625057606612875,2.54E-5));
#13405=CARTESIAN_POINT('',(0.0187723703241896,-0.063251398555898,2.54E-5));
#13406=CARTESIAN_POINT('',(0.0187723703241896,-0.0639541645885287,2.54E-5));
#13407=CARTESIAN_POINT('',(0.0194028967965512,-0.0620029237681148,2.54E-5));
#13408=CARTESIAN_POINT('',(0.0213952518703242,-0.0613631832917706,2.54E-5));
#13409=CARTESIAN_POINT('',(0.0210355290347803,-0.0613631832917706,2.54E-5));
#13410=CARTESIAN_POINT('',(0.0203156603110098,-0.0614226464531846,2.54E-5));
#13411=CARTESIAN_POINT('',(0.0196535209476746,-0.0617487838473365,2.54E-5));
#13412=CARTESIAN_POINT('',(0.0194028967965512,-0.0620029237681148,2.54E-5));
#13413=CARTESIAN_POINT('',(0.0226761695760598,-0.0613631832917706,0.));
#13414=CARTESIAN_POINT('',(0.0239570872817955,-0.0613631832917706,0.));
#13415=CARTESIAN_POINT('',(0.0213952518703242,-0.0613631832917706,0.));
#13416=CARTESIAN_POINT('',(0.0239570872817955,-0.0614266832917706,0.));
#13417=CARTESIAN_POINT('',(0.0240205872817955,-0.0614266832917706,0.));
#13418=CARTESIAN_POINT('',(0.0238935872817955,-0.0669233416458853,0.));
#13419=CARTESIAN_POINT('',(0.0238935872817955,-0.0723565,0.));
#13420=CARTESIAN_POINT('',(0.0238935872817955,-0.0723565,0.));
#13421=CARTESIAN_POINT('',(0.0238935872817955,-0.0669233416458853,0.));
#13422=CARTESIAN_POINT('',(0.0213952518703242,-0.0613631832917706,0.));
#13423=CARTESIAN_POINT('',(0.0213952518703242,-0.0613631832917706,2.54E-5));
#13424=CARTESIAN_POINT('',(0.0209453622610906,-0.0613631832917706,0.));
#13425=CARTESIAN_POINT('',(0.0209453622610906,-0.0613631832917706,2.54E-5));
#13426=CARTESIAN_POINT('',(0.0201672812572183,-0.0614631998183823,0.));
#13427=CARTESIAN_POINT('',(0.0201672812572183,-0.0614631998183823,2.54E-5));
#13428=CARTESIAN_POINT('',(0.0196069765970504,-0.061795981124723,0.));
#13429=CARTESIAN_POINT('',(0.0196069765970504,-0.061795981124723,2.54E-5));
#13430=CARTESIAN_POINT('',(0.0194028967965512,-0.0620029237681148,0.));
#13431=CARTESIAN_POINT('',(0.0194028967965512,-0.0620029237681148,2.54E-5));
#13432=CARTESIAN_POINT('',(0.0194028967965512,-0.0620029237681148,0.));
#13433=CARTESIAN_POINT('',(0.0213952518703242,-0.0614901832917706,0.));
#13434=CARTESIAN_POINT('',(0.0213952518703242,-0.0614901832917706,2.54E-5));
#13435=CARTESIAN_POINT('',(0.0209552063174631,-0.0614901832917706,0.));
#13436=CARTESIAN_POINT('',(0.0209552063174631,-0.0614901832917706,2.54E-5));
#13437=CARTESIAN_POINT('',(0.0201943047776943,-0.0615971094085505,0.));
#13438=CARTESIAN_POINT('',(0.0201943047776943,-0.0615971094085505,2.54E-5));
#13439=CARTESIAN_POINT('',(0.0196974024553191,-0.0618851560323841,0.));
#13440=CARTESIAN_POINT('',(0.0196974024553191,-0.0618851560323841,2.54E-5));
#13441=CARTESIAN_POINT('',(0.0194933226548204,-0.0620920986757754,0.));
#13442=CARTESIAN_POINT('',(0.0194933226548204,-0.0620920986757754,2.54E-5));
#13443=CARTESIAN_POINT('',(0.0194933226548204,-0.0620920986757754,0.));
#13444=CARTESIAN_POINT('',(0.0197340008343548,-0.0618480442492336,0.));
#13445=CARTESIAN_POINT('',(0.0203661150441454,-0.0615456461361536,0.));
#13446=CARTESIAN_POINT('',(0.0210537059634579,-0.0614901832917706,0.));
#13447=CARTESIAN_POINT('',(0.0213952518703242,-0.0614901832917706,0.));
#13448=CARTESIAN_POINT('',(0.0194933226548203,-0.0620920986757755,0.));
#13449=CARTESIAN_POINT('',(0.0194933226548203,-0.0620920986757755,2.54E-5));
#13450=CARTESIAN_POINT('',(0.0194028967965512,-0.0620029237681148,0.));
#13451=CARTESIAN_POINT('',(0.0194028967965512,-0.0620029237681148,2.54E-5));
#13452=CARTESIAN_POINT('',(0.0189793474992506,-0.0624324146387242,0.));
#13453=CARTESIAN_POINT('',(0.0189793474992506,-0.0624324146387242,2.54E-5));
#13454=CARTESIAN_POINT('',(0.0187723703241896,-0.0630969476309229,0.));
#13455=CARTESIAN_POINT('',(0.0187723703241896,-0.0630969476309229,2.54E-5));
#13456=CARTESIAN_POINT('',(0.0187723703241896,-0.0639541645885287,0.));
#13457=CARTESIAN_POINT('',(0.0187723703241896,-0.0639541645885287,2.54E-5));
#13458=CARTESIAN_POINT('',(0.0187723703241896,-0.0639541645885287,0.));
#13459=CARTESIAN_POINT('',(0.0194933226548204,-0.0620920986757754,0.));
#13460=CARTESIAN_POINT('',(0.0194933226548204,-0.0620920986757754,2.54E-5));
#13461=CARTESIAN_POINT('',(0.019100552750126,-0.0624903783787321,0.));
#13462=CARTESIAN_POINT('',(0.019100552750126,-0.0624903783787321,2.54E-5));
#13463=CARTESIAN_POINT('',(0.0188993703241896,-0.063096947630923,0.));
#13464=CARTESIAN_POINT('',(0.0188993703241896,-0.063096947630923,2.54E-5));
#13465=CARTESIAN_POINT('',(0.0188993703241896,-0.0639541645885287,0.));
#13466=CARTESIAN_POINT('',(0.0188993703241896,-0.0639541645885287,2.54E-5));
#13467=CARTESIAN_POINT('',(0.0188993703241896,-0.0639541645885287,0.));
#13468=CARTESIAN_POINT('',(0.0188993703241896,-0.0636190109531503,0.));
#13469=CARTESIAN_POINT('',(0.0189567956732111,-0.0629475287732223,0.));
#13470=CARTESIAN_POINT('',(0.019256896770145,-0.0623318411560274,0.));
#13471=CARTESIAN_POINT('',(0.0194933226548204,-0.0620920986757754,0.));
#13472=CARTESIAN_POINT('',(0.0188993703241896,-0.0639541645885287,0.));
#13473=CARTESIAN_POINT('',(0.0188993703241896,-0.0639541645885287,2.54E-5));
#13474=CARTESIAN_POINT('',(0.0187723703241896,-0.0642927980049875,0.));
#13475=CARTESIAN_POINT('',(0.0187723703241896,-0.0646314314214464,0.));
#13476=CARTESIAN_POINT('',(0.0188993703241896,-0.0642927980049875,0.));
#13477=CARTESIAN_POINT('',(0.0188993703241896,-0.0642927980049875,0.));
#13478=CARTESIAN_POINT('',(0.0188993703241896,-0.0646314314214464,0.));
#13479=CARTESIAN_POINT('',(0.0188993703241896,-0.0646314314214464,0.));
#13480=CARTESIAN_POINT('',(0.0187723703241896,-0.0646314314214464,0.));
#13481=CARTESIAN_POINT('',(0.0187723703241896,-0.0646314314214464,2.54E-5));
#13482=CARTESIAN_POINT('',(0.0187723703241896,-0.0657296926095968,0.));
#13483=CARTESIAN_POINT('',(0.0187723703241896,-0.0657296926095968,2.54E-5));
#13484=CARTESIAN_POINT('',(0.0191251346061424,-0.0664682896027378,0.));
#13485=CARTESIAN_POINT('',(0.0191251346061424,-0.0664682896027378,2.54E-5));
#13486=CARTESIAN_POINT('',(0.0198325536987913,-0.0668082182975229,0.));
#13487=CARTESIAN_POINT('',(0.0198325536987913,-0.0668082182975229,2.54E-5));
#13488=CARTESIAN_POINT('',(0.0198325536987918,-0.0668082182975232,1.27E-5));
#13489=CARTESIAN_POINT('',(0.0188993703241896,-0.0646314314214464,0.));
#13490=CARTESIAN_POINT('',(0.0188993703241896,-0.0646314314214464,2.54E-5));
#13491=CARTESIAN_POINT('',(0.0188993703241896,-0.0651945462542234,0.));
#13492=CARTESIAN_POINT('',(0.0188993703241896,-0.0651945462542234,2.54E-5));
#13493=CARTESIAN_POINT('',(0.0190933596384116,-0.0661069553535915,0.));
#13494=CARTESIAN_POINT('',(0.0190933596384116,-0.0661069553535915,2.54E-5));
#13495=CARTESIAN_POINT('',(0.0196137843315768,-0.0665871673327496,0.));
#13496=CARTESIAN_POINT('',(0.0196137843315768,-0.0665871673327496,2.54E-5));
#13497=CARTESIAN_POINT('',(0.0199908616383097,-0.0667393069836221,0.));
#13498=CARTESIAN_POINT('',(0.0199908616383097,-0.0667393069836221,2.54E-5));
#13499=CARTESIAN_POINT('',(0.0199908616383097,-0.0667393069836221,0.));
#13500=CARTESIAN_POINT('',(0.019596903240441,-0.0665803563068249,0.));
#13501=CARTESIAN_POINT('',(0.0189797841951112,-0.0659241354216619,0.));
#13502=CARTESIAN_POINT('',(0.0188993703241896,-0.0650530905275466,0.));
#13503=CARTESIAN_POINT('',(0.0188993703241896,-0.0646314314214464,0.));
#13504=CARTESIAN_POINT('',(0.0199908616383097,-0.0667393069836221,0.));
#13505=CARTESIAN_POINT('',(0.0199908616383097,-0.0667393069836221,2.54E-5));
#13506=CARTESIAN_POINT('',(0.0199671022443891,-0.0667981945137157,1.27E-5));
#13507=CARTESIAN_POINT('',(0.0200306022443891,-0.0667981945137157,2.54E-5));
#13508=CARTESIAN_POINT('',(0.0200306022443891,-0.0667981945137157,0.));
#13509=CARTESIAN_POINT('',(0.0199671022443891,-0.0667981945137157,0.));
#13510=CARTESIAN_POINT('',(0.0200306022443891,-0.066814144638404,0.));
#13511=CARTESIAN_POINT('',(0.0200306022443891,-0.066814144638404,0.));
#13512=CARTESIAN_POINT('',(0.0200306022443891,-0.0668300947630923,0.));
#13513=CARTESIAN_POINT('',(0.0200306022443891,-0.0668300947630923,0.));
#13514=CARTESIAN_POINT('',(0.0199671022443891,-0.0668300947630923,0.));
#13515=CARTESIAN_POINT('',(0.0199851742357041,-0.0668909688391009,0.));
#13516=CARTESIAN_POINT('',(0.0199851742357041,-0.0668909688391009,0.));
#13517=CARTESIAN_POINT('',(0.0199671022443891,-0.0668300947630923,0.));
#13518=CARTESIAN_POINT('',(0.0198325536987885,-0.0668082182975244,0.));
#13519=CARTESIAN_POINT('',(0.0198325536987885,-0.0668082182975244,2.54E-5));
#13520=CARTESIAN_POINT('',(0.0194585829840061,-0.0669484068613559,0.));
#13521=CARTESIAN_POINT('',(0.0194585829840061,-0.0669484068613559,2.54E-5));
#13522=CARTESIAN_POINT('',(0.0191787577343707,-0.0672202235837504,0.));
#13523=CARTESIAN_POINT('',(0.0191787577343707,-0.0672202235837504,2.54E-5));
#13524=CARTESIAN_POINT('',(0.0190220180426255,-0.0675723307585707,0.));
#13525=CARTESIAN_POINT('',(0.0190220180426255,-0.0675723307585707,2.54E-5));
#13526=CARTESIAN_POINT('',(0.0190220180426255,-0.0675723307585708,0.));
#13527=CARTESIAN_POINT('',(0.0199851742357041,-0.066890968839101,0.));
#13528=CARTESIAN_POINT('',(0.0199851742357041,-0.066890968839101,2.54E-5));
#13529=CARTESIAN_POINT('',(0.0195813635662311,-0.0670108501316007,0.));
#13530=CARTESIAN_POINT('',(0.0195813635662311,-0.0670108501316007,2.54E-5));
#13531=CARTESIAN_POINT('',(0.019310630336427,-0.0672362677451702,0.));
#13532=CARTESIAN_POINT('',(0.019310630336427,-0.0672362677451702,2.54E-5));
#13533=CARTESIAN_POINT('',(0.0191380418077486,-0.0676239784683619,0.));
#13534=CARTESIAN_POINT('',(0.0191380418077486,-0.0676239784683619,2.54E-5));
#13535=CARTESIAN_POINT('',(0.0191380418077486,-0.0676239784683619,0.));
#13536=CARTESIAN_POINT('',(0.0192957338580076,-0.0672697318720458,0.));
#13537=CARTESIAN_POINT('',(0.0196130496389399,-0.0670014433287653,0.));
#13538=CARTESIAN_POINT('',(0.0199851742357041,-0.066890968839101,0.));
#13539=CARTESIAN_POINT('',(0.0191380418077486,-0.0676239784683619,0.));
#13540=CARTESIAN_POINT('',(0.0191380418077486,-0.0676239784683619,2.54E-5));
#13541=CARTESIAN_POINT('',(0.0190220180426255,-0.0675723307585708,0.));
#13542=CARTESIAN_POINT('',(0.0190220180426255,-0.0675723307585708,2.54E-5));
#13543=CARTESIAN_POINT('',(0.0188440723793258,-0.0679720759927134,0.));
#13544=CARTESIAN_POINT('',(0.0188440723793258,-0.0679720759927134,2.54E-5));
#13545=CARTESIAN_POINT('',(0.0187576471321696,-0.0685044488778054,0.));
#13546=CARTESIAN_POINT('',(0.0187576471321696,-0.0685044488778054,2.54E-5));
#13547=CARTESIAN_POINT('',(0.0187576471321696,-0.0691539052369077,0.));
#13548=CARTESIAN_POINT('',(0.0187576471321696,-0.0691539052369077,2.54E-5));
#13549=CARTESIAN_POINT('',(0.0187576471321696,-0.0691539052369077,0.));
#13550=CARTESIAN_POINT('',(0.0191380418077486,-0.0676239784683618,0.));
#13551=CARTESIAN_POINT('',(0.0191380418077486,-0.0676239784683618,2.54E-5));
#13552=CARTESIAN_POINT('',(0.0189708104136917,-0.0679996546806034,0.));
#13553=CARTESIAN_POINT('',(0.0189708104136917,-0.0679996546806034,2.54E-5));
#13554=CARTESIAN_POINT('',(0.0188846471321696,-0.0685044488778054,0.));
#13555=CARTESIAN_POINT('',(0.0188846471321696,-0.0685044488778054,2.54E-5));
#13556=CARTESIAN_POINT('',(0.0188846471321696,-0.0691539052369077,0.));
#13557=CARTESIAN_POINT('',(0.0188846471321696,-0.0691539052369077,2.54E-5));
#13558=CARTESIAN_POINT('',(0.0188846471321696,-0.0691539052369077,0.));
#13559=CARTESIAN_POINT('',(0.0188846471321696,-0.0686331754390594,0.));
#13560=CARTESIAN_POINT('',(0.0189261768228166,-0.0680999216098679,0.));
#13561=CARTESIAN_POINT('',(0.0191380418077486,-0.0676239784683618,0.));
#13562=CARTESIAN_POINT('',(0.0188846471321696,-0.0691539052369077,0.));
#13563=CARTESIAN_POINT('',(0.0188846471321696,-0.0691539052369077,2.54E-5));
#13564=CARTESIAN_POINT('',(0.0187576471321696,-0.0701195012468828,0.));
#13565=CARTESIAN_POINT('',(0.0187576471321696,-0.0710850972568579,0.));
#13566=CARTESIAN_POINT('',(0.0188846471321696,-0.0701195012468828,0.));
#13567=CARTESIAN_POINT('',(0.0188846471321696,-0.0701195012468828,0.));
#13568=CARTESIAN_POINT('',(0.0188846471321696,-0.0710850972568579,0.));
#13569=CARTESIAN_POINT('',(0.0188846471321696,-0.0710850972568579,0.));
#13570=CARTESIAN_POINT('',(0.0188523681829657,-0.0718539471434873,0.));
#13571=CARTESIAN_POINT('',(0.0188523681829657,-0.0718539471434873,2.54E-5));
#13572=CARTESIAN_POINT('',(0.0188337323021595,-0.0720238203646818,0.));
#13573=CARTESIAN_POINT('',(0.0188337323021595,-0.0720238203646818,2.54E-5));
#13574=CARTESIAN_POINT('',(0.0187920029592919,-0.0721915021946008,0.));
#13575=CARTESIAN_POINT('',(0.0187920029592919,-0.0721915021946008,2.54E-5));
#13576=CARTESIAN_POINT('',(0.0187274795663482,-0.0723565,0.));
#13577=CARTESIAN_POINT('',(0.0187274795663482,-0.0723565,2.54E-5));
#13578=CARTESIAN_POINT('',(0.0187274795663482,-0.0723565,1.27E-5));
#13579=CARTESIAN_POINT('',(0.0187274795663482,-0.0723565,0.));
#13580=CARTESIAN_POINT('',(0.0188523681829657,-0.0718539471434873,2.54E-5));
#13581=CARTESIAN_POINT('',(0.0188523681829657,-0.0718539471434873,0.));
#13582=CARTESIAN_POINT('',(0.018727479566348,-0.0723565000000008,0.));
#13583=CARTESIAN_POINT('',(0.0187905519784232,-0.0721952126110575,0.));
#13584=CARTESIAN_POINT('',(0.0188334859288383,-0.0720260661522639,0.));
#13585=CARTESIAN_POINT('',(0.0188523681829657,-0.0718539471434873,0.));
#13586=CARTESIAN_POINT('',(0.0187576471321696,-0.0710850972568579,0.));
#13587=CARTESIAN_POINT('',(0.0187576471321696,-0.0710850972568579,2.54E-5));
#13588=CARTESIAN_POINT('',(0.0187576471321696,-0.0713977588602281,0.));
#13589=CARTESIAN_POINT('',(0.0187576471321696,-0.0713977588602281,2.54E-5));
#13590=CARTESIAN_POINT('',(0.0187473924155381,-0.0716462423826965,0.));
#13591=CARTESIAN_POINT('',(0.0187473924155381,-0.0716462423826965,2.54E-5));
#13592=CARTESIAN_POINT('',(0.0187261255826203,-0.0718400977442933,0.));
#13593=CARTESIAN_POINT('',(0.0187261255826203,-0.0718400977442933,2.54E-5));
#13594=CARTESIAN_POINT('',(0.0187261255826203,-0.0718400977442933,0.));
#13595=CARTESIAN_POINT('',(0.0188846471321696,-0.0710850972568579,0.));
#13596=CARTESIAN_POINT('',(0.0188846471321696,-0.0710850972568579,2.54E-5));
#13597=CARTESIAN_POINT('',(0.0188846471321696,-0.0714006251796725,0.));
#13598=CARTESIAN_POINT('',(0.0188846471321696,-0.0714006251796725,2.54E-5));
#13599=CARTESIAN_POINT('',(0.0188736350158835,-0.0716600917818907,0.));
#13600=CARTESIAN_POINT('',(0.0188736350158835,-0.0716600917818907,2.54E-5));
#13601=CARTESIAN_POINT('',(0.0188523681829657,-0.0718539471434873,0.));
#13602=CARTESIAN_POINT('',(0.0188523681829657,-0.0718539471434873,2.54E-5));
#13603=CARTESIAN_POINT('',(0.0188523681829657,-0.0718539471434873,0.));
#13604=CARTESIAN_POINT('',(0.0188803525272641,-0.071598859081998,0.));
#13605=CARTESIAN_POINT('',(0.0188846471321696,-0.0713417422247202,0.));
#13606=CARTESIAN_POINT('',(0.0188846471321696,-0.0710850972568579,0.));
#13607=CARTESIAN_POINT('',(0.0187261255826203,-0.0718400977442933,0.));
#13608=CARTESIAN_POINT('',(0.0187261255826203,-0.0718400977442933,2.54E-5));
#13609=CARTESIAN_POINT('',(0.018705597530507,-0.0720272188347112,0.));
#13610=CARTESIAN_POINT('',(0.018705597530507,-0.0720272188347112,2.54E-5));
#13611=CARTESIAN_POINT('',(0.0186575830932561,-0.0722061273737443,0.));
#13612=CARTESIAN_POINT('',(0.0186575830932561,-0.0722061273737443,2.54E-5));
#13613=CARTESIAN_POINT('',(0.01857415167181,-0.072394257049554,0.));
#13614=CARTESIAN_POINT('',(0.01857415167181,-0.072394257049554,2.54E-5));
#13615=CARTESIAN_POINT('',(0.01857415167181,-0.0723942570495541,0.));
#13616=CARTESIAN_POINT('',(0.0186321995012469,-0.07242,1.27E-5));
#13617=CARTESIAN_POINT('',(0.0186321995012469,-0.0724835,0.));
#13618=CARTESIAN_POINT('',(0.0195119102244389,-0.0723565,0.));
#13619=CARTESIAN_POINT('',(0.0195119102244389,-0.0723565,0.));
#13620=CARTESIAN_POINT('',(0.0203461825141502,-0.0723565,0.));
#13621=CARTESIAN_POINT('',(0.0203461825141502,-0.0723565,1.27E-5));
#13622=CARTESIAN_POINT('',(0.0195119102244389,-0.0724835,0.));
#13623=CARTESIAN_POINT('',(0.020391620947631,-0.0724835,0.));
#13624=CARTESIAN_POINT('',(0.020391620947631,-0.07242,0.));
#13625=CARTESIAN_POINT('',(0.0204515816365979,-0.0724409037264288,2.54E-5));
#13626=CARTESIAN_POINT('',(0.0203461825141502,-0.0723565,0.));
#13627=CARTESIAN_POINT('',(0.0203461825141502,-0.0723565,2.54E-5));
#13628=CARTESIAN_POINT('',(0.020399152254388,-0.072197505241266,0.));
#13629=CARTESIAN_POINT('',(0.020399152254388,-0.072197505241266,2.54E-5));
#13630=CARTESIAN_POINT('',(0.0204343105671943,-0.0720526715979969,0.));
#13631=CARTESIAN_POINT('',(0.0204343105671943,-0.0720526715979969,2.54E-5));
#13632=CARTESIAN_POINT('',(0.020453842413935,-0.0719084364220657,0.));
#13633=CARTESIAN_POINT('',(0.020453842413935,-0.0719084364220657,2.54E-5));
#13634=CARTESIAN_POINT('',(0.020453842413935,-0.0719084364220657,0.));
#13635=CARTESIAN_POINT('',(0.0204332010722243,-0.072060864791621,0.));
#13636=CARTESIAN_POINT('',(0.0203948082163162,-0.0722105443704379,0.));
#13637=CARTESIAN_POINT('',(0.0203461825141502,-0.0723565,0.));
#13638=CARTESIAN_POINT('',(0.020453842413935,-0.0719084364220658,0.));
#13639=CARTESIAN_POINT('',(0.020453842413935,-0.0719084364220658,2.54E-5));
#13640=CARTESIAN_POINT('',(0.0204515816365979,-0.0724409037264288,0.));
#13641=CARTESIAN_POINT('',(0.0204515816365979,-0.0724409037264288,2.54E-5));
#13642=CARTESIAN_POINT('',(0.0205149128596147,-0.0722592431130384,0.));
#13643=CARTESIAN_POINT('',(0.0205149128596147,-0.0722592431130384,2.54E-5));
#13644=CARTESIAN_POINT('',(0.0205584269127481,-0.072082526171451,0.));
#13645=CARTESIAN_POINT('',(0.0205584269127481,-0.072082526171451,2.54E-5));
#13646=CARTESIAN_POINT('',(0.020579693745666,-0.0719254787899043,0.));
#13647=CARTESIAN_POINT('',(0.020579693745666,-0.0719254787899043,2.54E-5));
#13648=CARTESIAN_POINT('',(0.020579693745666,-0.0719254787899043,0.));
#13649=CARTESIAN_POINT('',(0.020579693745666,-0.0719254787899043,0.));
#13650=CARTESIAN_POINT('',(0.020579693745666,-0.0719254787899043,2.54E-5));
#13651=CARTESIAN_POINT('',(0.020601940265046,-0.0717611968006364,0.));
#13652=CARTESIAN_POINT('',(0.020601940265046,-0.0717611968006364,2.54E-5));
#13653=CARTESIAN_POINT('',(0.0206121683291771,-0.0714777157107228,0.));
#13654=CARTESIAN_POINT('',(0.0206121683291771,-0.0714777157107228,2.54E-5));
#13655=CARTESIAN_POINT('',(0.0206121683291771,-0.0710703740648379,0.));
#13656=CARTESIAN_POINT('',(0.0206121683291771,-0.0710703740648379,2.54E-5));
#13657=CARTESIAN_POINT('',(0.0206121683291771,-0.0710703740648379,0.));
#13658=CARTESIAN_POINT('',(0.020453842413935,-0.0719084364220657,0.));
#13659=CARTESIAN_POINT('',(0.020453842413935,-0.0719084364220657,2.54E-5));
#13660=CARTESIAN_POINT('',(0.0204741295603904,-0.0717586236482414,0.));
#13661=CARTESIAN_POINT('',(0.0204741295603904,-0.0717586236482414,2.54E-5));
#13662=CARTESIAN_POINT('',(0.0204851683291771,-0.0714777157107229,0.));
#13663=CARTESIAN_POINT('',(0.0204851683291771,-0.0714777157107229,2.54E-5));
#13664=CARTESIAN_POINT('',(0.0204851683291771,-0.0710703740648379,0.));
#13665=CARTESIAN_POINT('',(0.0204851683291771,-0.0710703740648379,2.54E-5));
#13666=CARTESIAN_POINT('',(0.0204851683291771,-0.0710703740648379,0.));
#13667=CARTESIAN_POINT('',(0.0204851683291771,-0.0713500787258602,0.));
#13668=CARTESIAN_POINT('',(0.0204913881856147,-0.0716311753388926,0.));
#13669=CARTESIAN_POINT('',(0.020453842413935,-0.0719084364220657,0.));
#13670=CARTESIAN_POINT('',(0.0204851683291771,-0.0710703740648379,0.));
#13671=CARTESIAN_POINT('',(0.0204851683291771,-0.0710703740648379,2.54E-5));
#13672=CARTESIAN_POINT('',(0.0206121683291771,-0.070064289276808,0.));
#13673=CARTESIAN_POINT('',(0.0206121683291771,-0.0690582044887781,0.));
#13674=CARTESIAN_POINT('',(0.0204851683291771,-0.070064289276808,0.));
#13675=CARTESIAN_POINT('',(0.0204851683291771,-0.070064289276808,0.));
#13676=CARTESIAN_POINT('',(0.0204851683291771,-0.0690582044887781,0.));
#13677=CARTESIAN_POINT('',(0.0204851683291771,-0.0690582044887781,0.));
#13678=CARTESIAN_POINT('',(0.0206121683291771,-0.0690582044887781,0.));
#13679=CARTESIAN_POINT('',(0.0206121683291771,-0.0690582044887781,2.54E-5));
#13680=CARTESIAN_POINT('',(0.0206121683291771,-0.0688105051357737,0.));
#13681=CARTESIAN_POINT('',(0.0206121683291771,-0.0688105051357737,2.54E-5));
#13682=CARTESIAN_POINT('',(0.0206565337737429,-0.0683875599096066,0.));
#13683=CARTESIAN_POINT('',(0.0206565337737429,-0.0683875599096066,2.54E-5));
#13684=CARTESIAN_POINT('',(0.020759850862981,-0.0681462159705484,0.));
#13685=CARTESIAN_POINT('',(0.020759850862981,-0.0681462159705484,2.54E-5));
#13686=CARTESIAN_POINT('',(0.0208408284190916,-0.0680468344244126,0.));
#13687=CARTESIAN_POINT('',(0.0208408284190916,-0.0680468344244126,2.54E-5));
#13688=CARTESIAN_POINT('',(0.0208408284190866,-0.0680468344244187,0.));
#13689=CARTESIAN_POINT('',(0.0204851683291771,-0.0690582044887781,0.));
#13690=CARTESIAN_POINT('',(0.0204851683291771,-0.0690582044887781,2.54E-5));
#13691=CARTESIAN_POINT('',(0.0204851683291771,-0.0688036794028771,0.));
#13692=CARTESIAN_POINT('',(0.0204851683291771,-0.0688036794028771,2.54E-5));
#13693=CARTESIAN_POINT('',(0.0205217804407215,-0.0683739064245507,0.));
#13694=CARTESIAN_POINT('',(0.0205217804407215,-0.0683739064245507,2.54E-5));
#13695=CARTESIAN_POINT('',(0.0206613960198159,-0.0680659935057563,0.));
#13696=CARTESIAN_POINT('',(0.0206613960198159,-0.0680659935057563,2.54E-5));
#13697=CARTESIAN_POINT('',(0.0207423735759259,-0.0679666119596212,0.));
#13698=CARTESIAN_POINT('',(0.0207423735759259,-0.0679666119596212,2.54E-5));
#13699=CARTESIAN_POINT('',(0.0207423735759259,-0.0679666119596212,0.));
#13700=CARTESIAN_POINT('',(0.0206217329257095,-0.0681146709394324,0.));
#13701=CARTESIAN_POINT('',(0.0205068203026766,-0.0684856861242667,0.));
#13702=CARTESIAN_POINT('',(0.0204851683291771,-0.0688674952085443,0.));
#13703=CARTESIAN_POINT('',(0.0204851683291771,-0.0690582044887781,0.));
#13704=CARTESIAN_POINT('',(0.0207423735759259,-0.0679666119596211,0.));
#13705=CARTESIAN_POINT('',(0.0207423735759259,-0.0679666119596211,2.54E-5));
#13706=CARTESIAN_POINT('',(0.0208408284190866,-0.0680468344244188,0.));
#13707=CARTESIAN_POINT('',(0.0208408284190866,-0.0680468344244188,2.54E-5));
#13708=CARTESIAN_POINT('',(0.0209867125841124,-0.0678677947673416,0.));
#13709=CARTESIAN_POINT('',(0.0209867125841124,-0.0678677947673416,2.54E-5));
#13710=CARTESIAN_POINT('',(0.0212332967581047,-0.067772078553616,0.));
#13711=CARTESIAN_POINT('',(0.0212332967581047,-0.067772078553616,2.54E-5));
#13712=CARTESIAN_POINT('',(0.0216308229426434,-0.067772078553616,0.));
#13713=CARTESIAN_POINT('',(0.0216308229426434,-0.067772078553616,2.54E-5));
#13714=CARTESIAN_POINT('',(0.0216308229426434,-0.0677720785536159,0.));
#13715=CARTESIAN_POINT('',(0.0207423735759259,-0.0679666119596212,0.));
#13716=CARTESIAN_POINT('',(0.0207423735759259,-0.0679666119596212,2.54E-5));
#13717=CARTESIAN_POINT('',(0.0209203996353389,-0.0677481254321597,0.));
#13718=CARTESIAN_POINT('',(0.0209203996353389,-0.0677481254321597,2.54E-5));
#13719=CARTESIAN_POINT('',(0.0212332967581047,-0.067645078553616,0.));
#13720=CARTESIAN_POINT('',(0.0212332967581047,-0.067645078553616,2.54E-5));
#13721=CARTESIAN_POINT('',(0.0216308229426434,-0.067645078553616,0.));
#13722=CARTESIAN_POINT('',(0.0216308229426434,-0.067645078553616,2.54E-5));
#13723=CARTESIAN_POINT('',(0.0216308229426434,-0.067645078553616,0.));
#13724=CARTESIAN_POINT('',(0.0213053359344304,-0.067645078553616,0.));
#13725=CARTESIAN_POINT('',(0.0209496959234312,-0.0677121708967737,0.));
#13726=CARTESIAN_POINT('',(0.0207423735759259,-0.0679666119596212,0.));
#13727=CARTESIAN_POINT('',(0.0216308229426434,-0.067645078553616,0.));
#13728=CARTESIAN_POINT('',(0.0216308229426434,-0.067645078553616,2.54E-5));
#13729=CARTESIAN_POINT('',(0.0222930660847881,-0.070064289276808,0.));
#13730=CARTESIAN_POINT('',(0.0222930660847881,-0.0723565,0.));
#13731=CARTESIAN_POINT('',(0.0222930660847881,-0.0723565,0.));
#13732=CARTESIAN_POINT('',(0.0222930660847881,-0.067708578553616,2.54E-5));
#13733=CARTESIAN_POINT('',(0.0222930660847881,-0.067708578553616,0.));
#13734=CARTESIAN_POINT('',(0.0222930660847881,-0.070064289276808,0.));
#13735=CARTESIAN_POINT('',(0.0219301945137157,-0.0677720785536159,0.));
#13736=CARTESIAN_POINT('',(0.0221660660847881,-0.0677720785536159,0.));
#13737=CARTESIAN_POINT('',(0.0219301945137157,-0.067645078553616,0.));
#13738=CARTESIAN_POINT('',(0.0219301945137157,-0.067645078553616,0.));
#13739=CARTESIAN_POINT('',(0.0222295660847881,-0.067645078553616,0.));
#13740=CARTESIAN_POINT('',(0.0222295660847881,-0.067645078553616,0.));
#13741=CARTESIAN_POINT('',(0.0222295660847881,-0.067708578553616,0.));
#13742=CARTESIAN_POINT('',(0.0222295660847881,-0.067708578553616,0.));
#13743=CARTESIAN_POINT('',(0.0221660660847881,-0.070064289276808,0.));
#13744=CARTESIAN_POINT('',(0.0221660660847881,-0.07242,0.));
#13745=CARTESIAN_POINT('',(0.0222295660847881,-0.07242,0.));
#13746=CARTESIAN_POINT('',(0.0222295660847881,-0.0724835,0.));
#13747=CARTESIAN_POINT('',(0.0230933266832918,-0.0723565,0.));
#13748=CARTESIAN_POINT('',(0.0230933266832918,-0.0723565,0.));
#13749=CARTESIAN_POINT('',(0.0230933266832918,-0.0724835,0.));
#13750=CARTESIAN_POINT('',(0.0239570872817955,-0.0724835,0.));
#13751=CARTESIAN_POINT('',(0.0239570872817955,-0.07242,0.));
#13752=CARTESIAN_POINT('',(0.0240205872817955,-0.07242,0.));
#13753=CARTESIAN_POINT('',(0.0240205872817955,-0.0669233416458853,0.));
#13754=CARTESIAN_POINT('',(0.,0.,0.));
#13755=CARTESIAN_POINT('',(0.020776646452372,-0.0659147961634714,0.));
#13756=CARTESIAN_POINT('',(0.0209849336407992,-0.066129993353411,0.));
#13757=CARTESIAN_POINT('',(0.0213011423335094,-0.0662016047381546,0.));
#13758=CARTESIAN_POINT('',(0.0216013765586035,-0.0662016047381546,0.));
#13759=CARTESIAN_POINT('',(0.0216013765586035,-0.0662016047381546,0.));
#13760=CARTESIAN_POINT('',(0.0207766464523721,-0.0659147961634714,0.));
#13761=CARTESIAN_POINT('',(0.0219154713216957,-0.0662016047381546,0.));
#13762=CARTESIAN_POINT('',(0.0222295660847881,-0.0662016047381546,0.));
#13763=CARTESIAN_POINT('',(0.0222295660847881,-0.0661381047381546,0.));
#13764=CARTESIAN_POINT('',(0.0222930660847881,-0.0661381047381546,0.));
#13765=CARTESIAN_POINT('',(0.0222930660847881,-0.0645676309226933,0.));
#13766=CARTESIAN_POINT('',(0.0222930660847881,-0.0629971571072319,0.));
#13767=CARTESIAN_POINT('',(0.0222295660847881,-0.0629971571072319,0.));
#13768=CARTESIAN_POINT('',(0.0222295660847881,-0.0629336571072319,0.));
#13769=CARTESIAN_POINT('',(0.0218369476309227,-0.0629336571072319,0.));
#13770=CARTESIAN_POINT('',(0.0214443291770573,-0.0629336571072319,0.));
#13771=CARTESIAN_POINT('',(0.0214443291770573,-0.0629336571072319,0.));
#13772=CARTESIAN_POINT('',(0.0211765431842791,-0.0629336571072319,0.));
#13773=CARTESIAN_POINT('',(0.0208935118837141,-0.0630139579601752,0.));
#13774=CARTESIAN_POINT('',(0.0207259102639752,-0.0632251553769561,0.));
#13775=CARTESIAN_POINT('',(0.0207259102639752,-0.0632251553769561,0.));
#13776=CARTESIAN_POINT('',(0.0207259102639752,-0.0632251553769561,0.));
#13777=CARTESIAN_POINT('',(0.0205291593807159,-0.0634730842356293,0.));
#13778=CARTESIAN_POINT('',(0.020499891521197,-0.0638117260287859,0.));
#13779=CARTESIAN_POINT('',(0.020499891521197,-0.0641283890274314,0.));
#13780=CARTESIAN_POINT('',(0.020499891521197,-0.0641283890274314,0.));
#13781=CARTESIAN_POINT('',(0.020499891521197,-0.064551680798005,0.));
#13782=CARTESIAN_POINT('',(0.020499891521197,-0.0649749725685786,0.));
#13783=CARTESIAN_POINT('',(0.020499891521197,-0.0649749725685786,0.));
#13784=CARTESIAN_POINT('',(0.020499891521197,-0.0653101549622177,0.));
#13785=CARTESIAN_POINT('',(0.0205409199269889,-0.0656712493268196,0.));
#13786=CARTESIAN_POINT('',(0.0207766464523721,-0.0659147961634715,0.));
#13787=CARTESIAN_POINT('',(0.00492981546134663,-0.0614901832917706,0.));
#13788=CARTESIAN_POINT('',(0.00614723316708229,-0.0614901832917706,0.));
#13789=CARTESIAN_POINT('',(0.00614723316708229,-0.0614901832917706,2.54E-5));
#13790=CARTESIAN_POINT('',(0.00614723316708229,-0.0614901832917706,0.));
#13791=CARTESIAN_POINT('',(0.00492981546134663,-0.0614901832917706,0.));
#13792=CARTESIAN_POINT('',(0.00364889775561097,-0.0614901832917706,0.));
#13793=CARTESIAN_POINT('',(0.00364889775561097,-0.0614901832917706,0.));
#13794=CARTESIAN_POINT('',(0.00364889775561097,-0.0614901832917706,2.54E-5));
#13795=CARTESIAN_POINT('',(0.00492981546134663,-0.0614901832917706,2.54E-5));
#13796=CARTESIAN_POINT('',(0.00492981546134663,-0.0614266832917706,2.54E-5));
#13797=CARTESIAN_POINT('',(0.00388446882793017,-0.067645078553616,2.54E-5));
#13798=CARTESIAN_POINT('',(0.00355898181971722,-0.067645078553616,2.54E-5));
#13799=CARTESIAN_POINT('',(0.00320334180871799,-0.0677121708967737,2.54E-5));
#13800=CARTESIAN_POINT('',(0.00299601946121267,-0.0679666119596212,2.54E-5));
#13801=CARTESIAN_POINT('',(0.00299601946121267,-0.0679666119596211,2.54E-5));
#13802=CARTESIAN_POINT('',(0.00388446882793017,-0.067645078553616,2.54E-5));
#13803=CARTESIAN_POINT('',(0.00418384039900249,-0.067645078553616,2.54E-5));
#13804=CARTESIAN_POINT('',(0.00448321197007481,-0.067645078553616,2.54E-5));
#13805=CARTESIAN_POINT('',(0.00448321197007481,-0.067708578553616,2.54E-5));
#13806=CARTESIAN_POINT('',(0.00454671197007481,-0.067708578553616,2.54E-5));
#13807=CARTESIAN_POINT('',(0.00454671197007481,-0.070064289276808,2.54E-5));
#13808=CARTESIAN_POINT('',(0.00454671197007481,-0.0723565,2.54E-5));
#13809=CARTESIAN_POINT('',(0.00534697256857855,-0.0723565,2.54E-5));
#13810=CARTESIAN_POINT('',(0.00614723316708229,-0.0723565,2.54E-5));
#13811=CARTESIAN_POINT('',(0.00614723316708229,-0.0669233416458853,2.54E-5));
#13812=CARTESIAN_POINT('',(0.00174696854010715,-0.0620920986757754,2.54E-5));
#13813=CARTESIAN_POINT('',(0.00198764671964145,-0.0618480442492335,2.54E-5));
#13814=CARTESIAN_POINT('',(0.00261976092943229,-0.0615456461361536,2.54E-5));
#13815=CARTESIAN_POINT('',(0.00330735184874472,-0.0614901832917706,2.54E-5));
#13816=CARTESIAN_POINT('',(0.00364889775561097,-0.0614901832917706,2.54E-5));
#13817=CARTESIAN_POINT('',(0.00174696854010714,-0.0620920986757755,2.54E-5));
#13818=CARTESIAN_POINT('',(0.0011530162094763,-0.0639541645885287,2.54E-5));
#13819=CARTESIAN_POINT('',(0.0011530162094763,-0.0636190109531503,2.54E-5));
#13820=CARTESIAN_POINT('',(0.00121044155849784,-0.0629475287732222,2.54E-5));
#13821=CARTESIAN_POINT('',(0.00151054265543177,-0.0623318411560274,2.54E-5));
#13822=CARTESIAN_POINT('',(0.00174696854010714,-0.0620920986757754,2.54E-5));
#13823=CARTESIAN_POINT('',(0.0011530162094763,-0.0639541645885287,2.54E-5));
#13824=CARTESIAN_POINT('',(0.0011530162094763,-0.0642927980049875,2.54E-5));
#13825=CARTESIAN_POINT('',(0.0011530162094763,-0.0646314314214464,2.54E-5));
#13826=CARTESIAN_POINT('',(0.00224450752359641,-0.0667393069836221,2.54E-5));
#13827=CARTESIAN_POINT('',(0.0018505491257277,-0.0665803563068249,2.54E-5));
#13828=CARTESIAN_POINT('',(0.00123343008039792,-0.0659241354216619,2.54E-5));
#13829=CARTESIAN_POINT('',(0.0011530162094763,-0.0650530905275466,2.54E-5));
#13830=CARTESIAN_POINT('',(0.0011530162094763,-0.0646314314214464,2.54E-5));
#13831=CARTESIAN_POINT('',(0.00224450752359644,-0.0667393069836221,2.54E-5));
#13832=CARTESIAN_POINT('',(0.00222074812967581,-0.0667981945137157,2.54E-5));
#13833=CARTESIAN_POINT('',(0.0022842481296758,-0.0667981945137157,2.54E-5));
#13834=CARTESIAN_POINT('',(0.0022842481296758,-0.066814144638404,2.54E-5));
#13835=CARTESIAN_POINT('',(0.0022842481296758,-0.0668300947630923,2.54E-5));
#13836=CARTESIAN_POINT('',(0.00222074812967581,-0.0668300947630923,2.54E-5));
#13837=CARTESIAN_POINT('',(0.00223882012099087,-0.0668909688391009,2.54E-5));
#13838=CARTESIAN_POINT('',(0.00139168769303536,-0.0676239784683618,2.54E-5));
#13839=CARTESIAN_POINT('',(0.00154937974329412,-0.0672697318720456,2.54E-5));
#13840=CARTESIAN_POINT('',(0.00186669552422668,-0.0670014433287653,2.54E-5));
#13841=CARTESIAN_POINT('',(0.00223882012099087,-0.066890968839101,2.54E-5));
#13842=CARTESIAN_POINT('',(0.00139168769303535,-0.0676239784683619,2.54E-5));
#13843=CARTESIAN_POINT('',(0.00113829301745635,-0.0691539052369077,2.54E-5));
#13844=CARTESIAN_POINT('',(0.00113829301745635,-0.0686331754390594,2.54E-5));
#13845=CARTESIAN_POINT('',(0.00117982270810334,-0.0680999216098679,2.54E-5));
#13846=CARTESIAN_POINT('',(0.00139168769303535,-0.0676239784683618,2.54E-5));
#13847=CARTESIAN_POINT('',(0.00113829301745635,-0.0691539052369077,2.54E-5));
#13848=CARTESIAN_POINT('',(0.00113829301745635,-0.0701195012468828,2.54E-5));
#13849=CARTESIAN_POINT('',(0.00113829301745635,-0.0710850972568579,2.54E-5));
#13850=CARTESIAN_POINT('',(0.00110601406825249,-0.0718539471434873,2.54E-5));
#13851=CARTESIAN_POINT('',(0.00113399841255093,-0.071598859081998,2.54E-5));
#13852=CARTESIAN_POINT('',(0.00113829301745635,-0.0713417422247202,2.54E-5));
#13853=CARTESIAN_POINT('',(0.00113829301745635,-0.0710850972568579,2.54E-5));
#13854=CARTESIAN_POINT('',(0.00110601406825249,-0.0718539471434873,2.54E-5));
#13855=CARTESIAN_POINT('',(0.000981125451634733,-0.0723565000000007,2.54E-5));
#13856=CARTESIAN_POINT('',(0.00104419786370998,-0.0721952126110575,2.54E-5));
#13857=CARTESIAN_POINT('',(0.0010871318141251,-0.0720260661522639,2.54E-5));
#13858=CARTESIAN_POINT('',(0.00110601406825249,-0.0718539471434873,2.54E-5));
#13859=CARTESIAN_POINT('',(0.000981125451635017,-0.0723565,2.54E-5));
#13860=CARTESIAN_POINT('',(0.00176555610972568,-0.0723565,2.54E-5));
#13861=CARTESIAN_POINT('',(0.00259982839943698,-0.0723565,2.54E-5));
#13862=CARTESIAN_POINT('',(0.0027074882992218,-0.0719084364220657,2.54E-5));
#13863=CARTESIAN_POINT('',(0.00268684695751114,-0.0720608647916211,2.54E-5));
#13864=CARTESIAN_POINT('',(0.00264845410160295,-0.0722105443704379,2.54E-5));
#13865=CARTESIAN_POINT('',(0.00259982839943696,-0.0723565000000001,2.54E-5));
#13866=CARTESIAN_POINT('',(0.0027074882992218,-0.0719084364220658,2.54E-5));
#13867=CARTESIAN_POINT('',(0.00273881421446383,-0.0710703740648379,2.54E-5));
#13868=CARTESIAN_POINT('',(0.00273881421446383,-0.0713500787258602,2.54E-5));
#13869=CARTESIAN_POINT('',(0.00274503407090149,-0.0716311753388926,2.54E-5));
#13870=CARTESIAN_POINT('',(0.0027074882992218,-0.0719084364220657,2.54E-5));
#13871=CARTESIAN_POINT('',(0.00273881421446384,-0.0710703740648379,2.54E-5));
#13872=CARTESIAN_POINT('',(0.00273881421446384,-0.070064289276808,2.54E-5));
#13873=CARTESIAN_POINT('',(0.00273881421446384,-0.0690582044887781,2.54E-5));
#13874=CARTESIAN_POINT('',(0.00299601946121265,-0.0679666119596212,2.54E-5));
#13875=CARTESIAN_POINT('',(0.00287537881099623,-0.0681146709394324,2.54E-5));
#13876=CARTESIAN_POINT('',(0.00276046618796334,-0.0684856861242668,2.54E-5));
#13877=CARTESIAN_POINT('',(0.00273881421446383,-0.0688674952085443,2.54E-5));
#13878=CARTESIAN_POINT('',(0.00273881421446383,-0.0690582044887781,2.54E-5));
#13879=CARTESIAN_POINT('',(0.00286581421446384,-0.0690582044887781,2.54E-5));
#13880=CARTESIAN_POINT('',(0.00286581421446384,-0.0688823021005698,2.54E-5));
#13881=CARTESIAN_POINT('',(0.0028852047725986,-0.0685326864648726,2.54E-5));
#13882=CARTESIAN_POINT('',(0.00298320346632906,-0.0681833940892915,2.54E-5));
#13883=CARTESIAN_POINT('',(0.00309447430437338,-0.0680468344244188,2.54E-5));
#13884=CARTESIAN_POINT('',(0.00286581421446384,-0.0690582044887781,2.54E-5));
#13885=CARTESIAN_POINT('',(0.00309447430437336,-0.0680468344244188,2.54E-5));
#13886=CARTESIAN_POINT('',(0.00286581421446384,-0.070064289276808,2.54E-5));
#13887=CARTESIAN_POINT('',(0.00286581421446384,-0.0710703740648379,2.54E-5));
#13888=CARTESIAN_POINT('',(0.00283333963095275,-0.0719254787899043,2.54E-5));
#13889=CARTESIAN_POINT('',(0.00287164027654919,-0.0716426432531921,2.54E-5));
#13890=CARTESIAN_POINT('',(0.00286581421446384,-0.0713557908395259,2.54E-5));
#13891=CARTESIAN_POINT('',(0.00286581421446384,-0.0710703740648379,2.54E-5));
#13892=CARTESIAN_POINT('',(0.00283333963095275,-0.0719254787899043,2.54E-5));
#13893=CARTESIAN_POINT('',(0.00270522752188463,-0.0724409037264288,2.54E-5));
#13894=CARTESIAN_POINT('',(0.00276360867068937,-0.0722734420101205,2.54E-5));
#13895=CARTESIAN_POINT('',(0.0028095446833737,-0.0721011953258723,2.54E-5));
#13896=CARTESIAN_POINT('',(0.00283333963095275,-0.0719254787899043,2.54E-5));
#13897=CARTESIAN_POINT('',(0.00270522752188462,-0.0724409037264288,2.54E-5));
#13898=CARTESIAN_POINT('',(0.0026452668329177,-0.07242,2.54E-5));
#13899=CARTESIAN_POINT('',(0.0026452668329177,-0.0724835,2.54E-5));
#13900=CARTESIAN_POINT('',(0.00176555610972568,-0.0724835,2.54E-5));
#13901=CARTESIAN_POINT('',(0.000885845386533659,-0.0724835,2.54E-5));
#13902=CARTESIAN_POINT('',(0.000885845386533659,-0.07242,2.54E-5));
#13903=CARTESIAN_POINT('',(0.000827797557096735,-0.0723942570495541,2.54E-5));
#13904=CARTESIAN_POINT('',(0.000979771467907101,-0.0718400977442933,2.54E-5));
#13905=CARTESIAN_POINT('',(0.000958800234776968,-0.0720312586001333,2.54E-5));
#13906=CARTESIAN_POINT('',(0.000905766491318838,-0.0722184447468961,2.54E-5));
#13907=CARTESIAN_POINT('',(0.000827797557096722,-0.0723942570495541,2.54E-5));
#13908=CARTESIAN_POINT('',(0.000979771467907101,-0.0718400977442933,2.54E-5));
#13909=CARTESIAN_POINT('',(0.00101129301745635,-0.0710850972568579,2.54E-5));
#13910=CARTESIAN_POINT('',(0.00101129301745635,-0.0713371055545291,2.54E-5));
#13911=CARTESIAN_POINT('',(0.00100725514571107,-0.0715895734504652,2.54E-5));
#13912=CARTESIAN_POINT('',(0.000979771467907102,-0.0718400977442933,2.54E-5));
#13913=CARTESIAN_POINT('',(0.00101129301745635,-0.0710850972568579,2.54E-5));
#13914=CARTESIAN_POINT('',(0.00101129301745635,-0.0701195012468828,2.54E-5));
#13915=CARTESIAN_POINT('',(0.00101129301745635,-0.0691539052369077,2.54E-5));
#13916=CARTESIAN_POINT('',(0.00127566392791227,-0.0675723307585708,2.54E-5));
#13917=CARTESIAN_POINT('',(0.00105654491155179,-0.068064569686319,2.54E-5));
#13918=CARTESIAN_POINT('',(0.00101129301745635,-0.0686150869622738,2.54E-5));
#13919=CARTESIAN_POINT('',(0.00101129301745635,-0.0691539052369077,2.54E-5));
#13920=CARTESIAN_POINT('',(0.00127566392791227,-0.0675723307585708,2.54E-5));
#13921=CARTESIAN_POINT('',(0.00208619958407864,-0.0668082182975232,2.54E-5));
#13922=CARTESIAN_POINT('',(0.00172767215961047,-0.0669426177110155,2.54E-5));
#13923=CARTESIAN_POINT('',(0.0014320185559909,-0.0672210886082895,2.54E-5));
#13924=CARTESIAN_POINT('',(0.00127566392791226,-0.0675723307585708,2.54E-5));
#13925=CARTESIAN_POINT('',(0.00208619958407862,-0.0668082182975231,2.54E-5));
#13926=CARTESIAN_POINT('',(0.0010260162094763,-0.0646314314214464,2.54E-5));
#13927=CARTESIAN_POINT('',(0.0010260162094763,-0.0650593881575358,2.54E-5));
#13928=CARTESIAN_POINT('',(0.0011095216082984,-0.0659312232710906,2.54E-5));
#13929=CARTESIAN_POINT('',(0.001700876352404,-0.0666230629566832,2.54E-5));
#13930=CARTESIAN_POINT('',(0.00208619958406574,-0.0668082182975169,2.54E-5));
#13931=CARTESIAN_POINT('',(0.0010260162094763,-0.0646314314214464,2.54E-5));
#13932=CARTESIAN_POINT('',(0.0010260162094763,-0.0642927980049875,2.54E-5));
#13933=CARTESIAN_POINT('',(0.0010260162094763,-0.0639541645885287,2.54E-5));
#13934=CARTESIAN_POINT('',(0.00165654268183799,-0.0620029237681148,2.54E-5));
#13935=CARTESIAN_POINT('',(0.00116066203027042,-0.0625057606612875,2.54E-5));
#13936=CARTESIAN_POINT('',(0.0010260162094763,-0.0632513985558981,2.54E-5));
#13937=CARTESIAN_POINT('',(0.0010260162094763,-0.0639541645885287,2.54E-5));
#13938=CARTESIAN_POINT('',(0.001656542681838,-0.0620029237681148,2.54E-5));
#13939=CARTESIAN_POINT('',(0.00364889775561097,-0.0613631832917706,2.54E-5));
#13940=CARTESIAN_POINT('',(0.00328917492006704,-0.0613631832917706,2.54E-5));
#13941=CARTESIAN_POINT('',(0.00256930619629668,-0.0614226464531847,2.54E-5));
#13942=CARTESIAN_POINT('',(0.00190716683296121,-0.0617487838473363,2.54E-5));
#13943=CARTESIAN_POINT('',(0.00165654268183798,-0.0620029237681148,2.54E-5));
#13944=CARTESIAN_POINT('',(0.00364889775561097,-0.0613631832917706,2.54E-5));
#13945=CARTESIAN_POINT('',(0.00492981546134663,-0.0613631832917706,2.54E-5));
#13946=CARTESIAN_POINT('',(0.00621073316708229,-0.0613631832917706,2.54E-5));
#13947=CARTESIAN_POINT('',(0.00621073316708229,-0.0614266832917706,2.54E-5));
#13948=CARTESIAN_POINT('',(0.00627423316708229,-0.0614266832917706,2.54E-5));
#13949=CARTESIAN_POINT('',(0.00627423316708229,-0.0669233416458853,2.54E-5));
#13950=CARTESIAN_POINT('',(0.00627423316708229,-0.07242,2.54E-5));
#13951=CARTESIAN_POINT('',(0.00621073316708229,-0.07242,2.54E-5));
#13952=CARTESIAN_POINT('',(0.00621073316708229,-0.0724835,2.54E-5));
#13953=CARTESIAN_POINT('',(0.00534697256857855,-0.0724835,2.54E-5));
#13954=CARTESIAN_POINT('',(0.00448321197007481,-0.0724835,2.54E-5));
#13955=CARTESIAN_POINT('',(0.00448321197007481,-0.07242,2.54E-5));
#13956=CARTESIAN_POINT('',(0.00441971197007481,-0.07242,2.54E-5));
#13957=CARTESIAN_POINT('',(0.00441971197007481,-0.070064289276808,2.54E-5));
#13958=CARTESIAN_POINT('',(0.00441971197007481,-0.0677720785536159,2.54E-5));
#13959=CARTESIAN_POINT('',(0.00418384039900249,-0.0677720785536159,2.54E-5));
#13960=CARTESIAN_POINT('',(0.00388446882793017,-0.0677720785536159,2.54E-5));
#13961=CARTESIAN_POINT('',(0.00309447430437336,-0.0680468344244188,2.54E-5));
#13962=CARTESIAN_POINT('',(0.00327620108540415,-0.0678238061022446,2.54E-5));
#13963=CARTESIAN_POINT('',(0.00359527823783446,-0.067772078553616,2.54E-5));
#13964=CARTESIAN_POINT('',(0.00388446882793017,-0.067772078553616,2.54E-5));
#13965=CARTESIAN_POINT('',(0.00492981546134663,-0.0613631832917706,0.));
#13966=CARTESIAN_POINT('',(0.00621073316708229,-0.0613631832917706,0.));
#13967=CARTESIAN_POINT('',(0.00364889775561097,-0.0613631832917706,0.));
#13968=CARTESIAN_POINT('',(0.00621073316708229,-0.0614266832917706,0.));
#13969=CARTESIAN_POINT('',(0.00627423316708229,-0.0614266832917706,0.));
#13970=CARTESIAN_POINT('',(0.00364889775561097,-0.0613631832917706,0.));
#13971=CARTESIAN_POINT('',(0.00364889775561097,-0.0613631832917706,2.54E-5));
#13972=CARTESIAN_POINT('',(0.00319900814637732,-0.0613631832917706,0.));
#13973=CARTESIAN_POINT('',(0.00319900814637732,-0.0613631832917706,2.54E-5));
#13974=CARTESIAN_POINT('',(0.00242092714250524,-0.0614631998183823,0.));
#13975=CARTESIAN_POINT('',(0.00242092714250524,-0.0614631998183823,2.54E-5));
#13976=CARTESIAN_POINT('',(0.00186062248233674,-0.0617959811247231,0.));
#13977=CARTESIAN_POINT('',(0.00186062248233674,-0.0617959811247231,2.54E-5));
#13978=CARTESIAN_POINT('',(0.00165654268183798,-0.0620029237681148,0.));
#13979=CARTESIAN_POINT('',(0.00165654268183798,-0.0620029237681148,2.54E-5));
#13980=CARTESIAN_POINT('',(0.001656542681838,-0.0620029237681148,0.));
#13981=CARTESIAN_POINT('',(0.00364889775561097,-0.0614901832917706,0.));
#13982=CARTESIAN_POINT('',(0.00364889775561097,-0.0614901832917706,2.54E-5));
#13983=CARTESIAN_POINT('',(0.00320885220274983,-0.0614901832917706,0.));
#13984=CARTESIAN_POINT('',(0.00320885220274983,-0.0614901832917706,2.54E-5));
#13985=CARTESIAN_POINT('',(0.00244795066298071,-0.0615971094085509,0.));
#13986=CARTESIAN_POINT('',(0.00244795066298071,-0.0615971094085509,2.54E-5));
#13987=CARTESIAN_POINT('',(0.00195104834060634,-0.0618851560323833,0.));
#13988=CARTESIAN_POINT('',(0.00195104834060634,-0.0618851560323833,2.54E-5));
#13989=CARTESIAN_POINT('',(0.00174696854010715,-0.0620920986757754,0.));
#13990=CARTESIAN_POINT('',(0.00174696854010715,-0.0620920986757754,2.54E-5));
#13991=CARTESIAN_POINT('',(0.00174696854010715,-0.0620920986757754,0.));
#13992=CARTESIAN_POINT('',(0.00198764671964145,-0.0618480442492335,0.));
#13993=CARTESIAN_POINT('',(0.00261976092943226,-0.0615456461361537,0.));
#13994=CARTESIAN_POINT('',(0.00330735184874472,-0.0614901832917706,0.));
#13995=CARTESIAN_POINT('',(0.00364889775561097,-0.0614901832917706,0.));
#13996=CARTESIAN_POINT('',(0.00174696854010714,-0.0620920986757755,0.));
#13997=CARTESIAN_POINT('',(0.00174696854010714,-0.0620920986757755,2.54E-5));
#13998=CARTESIAN_POINT('',(0.00165654268183799,-0.0620029237681148,0.));
#13999=CARTESIAN_POINT('',(0.00165654268183799,-0.0620029237681148,2.54E-5));
#14000=CARTESIAN_POINT('',(0.0012329933845374,-0.0624324146387242,0.));
#14001=CARTESIAN_POINT('',(0.0012329933845374,-0.0624324146387242,2.54E-5));
#14002=CARTESIAN_POINT('',(0.0010260162094763,-0.0630969476309229,0.));
#14003=CARTESIAN_POINT('',(0.0010260162094763,-0.0630969476309229,2.54E-5));
#14004=CARTESIAN_POINT('',(0.0010260162094763,-0.0639541645885287,0.));
#14005=CARTESIAN_POINT('',(0.0010260162094763,-0.0639541645885287,2.54E-5));
#14006=CARTESIAN_POINT('',(0.0010260162094763,-0.0639541645885287,0.));
#14007=CARTESIAN_POINT('',(0.00174696854010714,-0.0620920986757754,0.));
#14008=CARTESIAN_POINT('',(0.00174696854010714,-0.0620920986757754,2.54E-5));
#14009=CARTESIAN_POINT('',(0.00135419863541273,-0.0624903783787321,0.));
#14010=CARTESIAN_POINT('',(0.00135419863541273,-0.0624903783787321,2.54E-5));
#14011=CARTESIAN_POINT('',(0.0011530162094763,-0.0630969476309231,0.));
#14012=CARTESIAN_POINT('',(0.0011530162094763,-0.0630969476309231,2.54E-5));
#14013=CARTESIAN_POINT('',(0.0011530162094763,-0.0639541645885287,0.));
#14014=CARTESIAN_POINT('',(0.0011530162094763,-0.0639541645885287,2.54E-5));
#14015=CARTESIAN_POINT('',(0.0011530162094763,-0.0639541645885287,0.));
#14016=CARTESIAN_POINT('',(0.0011530162094763,-0.0636190109531503,0.));
#14017=CARTESIAN_POINT('',(0.00121044155849784,-0.0629475287732222,0.));
#14018=CARTESIAN_POINT('',(0.00151054265543177,-0.0623318411560274,0.));
#14019=CARTESIAN_POINT('',(0.00174696854010714,-0.0620920986757754,0.));
#14020=CARTESIAN_POINT('',(0.0011530162094763,-0.0639541645885287,0.));
#14021=CARTESIAN_POINT('',(0.0011530162094763,-0.0639541645885287,2.54E-5));
#14022=CARTESIAN_POINT('',(0.0010260162094763,-0.0642927980049875,0.));
#14023=CARTESIAN_POINT('',(0.0010260162094763,-0.0646314314214464,0.));
#14024=CARTESIAN_POINT('',(0.0011530162094763,-0.0642927980049875,0.));
#14025=CARTESIAN_POINT('',(0.0011530162094763,-0.0642927980049875,0.));
#14026=CARTESIAN_POINT('',(0.0011530162094763,-0.0646314314214464,0.));
#14027=CARTESIAN_POINT('',(0.0011530162094763,-0.0646314314214464,0.));
#14028=CARTESIAN_POINT('',(0.0010260162094763,-0.0646314314214464,0.));
#14029=CARTESIAN_POINT('',(0.0010260162094763,-0.0646314314214464,2.54E-5));
#14030=CARTESIAN_POINT('',(0.0010260162094763,-0.0657296926095971,0.));
#14031=CARTESIAN_POINT('',(0.0010260162094763,-0.0657296926095971,2.54E-5));
#14032=CARTESIAN_POINT('',(0.0013787804914294,-0.0664682896027382,0.));
#14033=CARTESIAN_POINT('',(0.0013787804914294,-0.0664682896027382,2.54E-5));
#14034=CARTESIAN_POINT('',(0.00208619958407861,-0.0668082182975231,0.));
#14035=CARTESIAN_POINT('',(0.00208619958407861,-0.0668082182975231,2.54E-5));
#14036=CARTESIAN_POINT('',(0.00208619958407857,-0.0668082182975232,1.27E-5));
#14037=CARTESIAN_POINT('',(0.0011530162094763,-0.0646314314214464,0.));
#14038=CARTESIAN_POINT('',(0.0011530162094763,-0.0646314314214464,2.54E-5));
#14039=CARTESIAN_POINT('',(0.0011530162094763,-0.0651945462542234,0.));
#14040=CARTESIAN_POINT('',(0.0011530162094763,-0.0651945462542234,2.54E-5));
#14041=CARTESIAN_POINT('',(0.00134700552369858,-0.0661069553535916,0.));
#14042=CARTESIAN_POINT('',(0.00134700552369858,-0.0661069553535916,2.54E-5));
#14043=CARTESIAN_POINT('',(0.00186743021686316,-0.0665871673327494,0.));
#14044=CARTESIAN_POINT('',(0.00186743021686316,-0.0665871673327494,2.54E-5));
#14045=CARTESIAN_POINT('',(0.00224450752359641,-0.0667393069836221,0.));
#14046=CARTESIAN_POINT('',(0.00224450752359641,-0.0667393069836221,2.54E-5));
#14047=CARTESIAN_POINT('',(0.00224450752359641,-0.0667393069836221,0.));
#14048=CARTESIAN_POINT('',(0.0018505491257277,-0.0665803563068249,0.));
#14049=CARTESIAN_POINT('',(0.00123343008039791,-0.0659241354216619,0.));
#14050=CARTESIAN_POINT('',(0.0011530162094763,-0.0650530905275466,0.));
#14051=CARTESIAN_POINT('',(0.0011530162094763,-0.0646314314214464,0.));
#14052=CARTESIAN_POINT('',(0.00224450752359644,-0.0667393069836221,0.));
#14053=CARTESIAN_POINT('',(0.00224450752359644,-0.0667393069836221,2.54E-5));
#14054=CARTESIAN_POINT('',(0.00222074812967581,-0.0667981945137157,1.27E-5));
#14055=CARTESIAN_POINT('',(0.0022842481296758,-0.0667981945137157,2.54E-5));
#14056=CARTESIAN_POINT('',(0.0022842481296758,-0.0667981945137157,0.));
#14057=CARTESIAN_POINT('',(0.00222074812967581,-0.0667981945137157,0.));
#14058=CARTESIAN_POINT('',(0.0022842481296758,-0.066814144638404,0.));
#14059=CARTESIAN_POINT('',(0.0022842481296758,-0.066814144638404,0.));
#14060=CARTESIAN_POINT('',(0.0022842481296758,-0.0668300947630923,0.));
#14061=CARTESIAN_POINT('',(0.0022842481296758,-0.0668300947630923,0.));
#14062=CARTESIAN_POINT('',(0.00222074812967581,-0.0668300947630923,0.));
#14063=CARTESIAN_POINT('',(0.00223882012099087,-0.0668909688391009,0.));
#14064=CARTESIAN_POINT('',(0.00223882012099087,-0.0668909688391009,0.));
#14065=CARTESIAN_POINT('',(0.00222074812967581,-0.0668300947630923,0.));
#14066=CARTESIAN_POINT('',(0.00208619958407864,-0.0668082182975231,0.));
#14067=CARTESIAN_POINT('',(0.00208619958407864,-0.0668082182975231,2.54E-5));
#14068=CARTESIAN_POINT('',(0.00171222886929449,-0.0669484068613544,0.));
#14069=CARTESIAN_POINT('',(0.00171222886929449,-0.0669484068613544,2.54E-5));
#14070=CARTESIAN_POINT('',(0.00143240361965714,-0.0672202235837502,0.));
#14071=CARTESIAN_POINT('',(0.00143240361965714,-0.0672202235837502,2.54E-5));
#14072=CARTESIAN_POINT('',(0.00127566392791226,-0.0675723307585708,0.));
#14073=CARTESIAN_POINT('',(0.00127566392791226,-0.0675723307585708,2.54E-5));
#14074=CARTESIAN_POINT('',(0.00127566392791227,-0.0675723307585708,0.));
#14075=CARTESIAN_POINT('',(0.00223882012099087,-0.066890968839101,0.));
#14076=CARTESIAN_POINT('',(0.00223882012099087,-0.066890968839101,2.54E-5));
#14077=CARTESIAN_POINT('',(0.00183500945151779,-0.0670108501316007,0.));
#14078=CARTESIAN_POINT('',(0.00183500945151779,-0.0670108501316007,2.54E-5));
#14079=CARTESIAN_POINT('',(0.00156427622171408,-0.0672362677451685,0.));
#14080=CARTESIAN_POINT('',(0.00156427622171408,-0.0672362677451685,2.54E-5));
#14081=CARTESIAN_POINT('',(0.00139168769303536,-0.0676239784683618,0.));
#14082=CARTESIAN_POINT('',(0.00139168769303536,-0.0676239784683618,2.54E-5));
#14083=CARTESIAN_POINT('',(0.00139168769303536,-0.0676239784683618,0.));
#14084=CARTESIAN_POINT('',(0.00154937974329412,-0.0672697318720456,0.));
#14085=CARTESIAN_POINT('',(0.00186669552422668,-0.0670014433287653,0.));
#14086=CARTESIAN_POINT('',(0.00223882012099087,-0.066890968839101,0.));
#14087=CARTESIAN_POINT('',(0.00139168769303535,-0.0676239784683619,0.));
#14088=CARTESIAN_POINT('',(0.00139168769303535,-0.0676239784683619,2.54E-5));
#14089=CARTESIAN_POINT('',(0.00127566392791227,-0.0675723307585708,0.));
#14090=CARTESIAN_POINT('',(0.00127566392791227,-0.0675723307585708,2.54E-5));
#14091=CARTESIAN_POINT('',(0.00109771826461252,-0.0679720759927134,0.));
#14092=CARTESIAN_POINT('',(0.00109771826461252,-0.0679720759927134,2.54E-5));
#14093=CARTESIAN_POINT('',(0.00101129301745635,-0.0685044488778054,0.));
#14094=CARTESIAN_POINT('',(0.00101129301745635,-0.0685044488778054,2.54E-5));
#14095=CARTESIAN_POINT('',(0.00101129301745635,-0.0691539052369077,0.));
#14096=CARTESIAN_POINT('',(0.00101129301745635,-0.0691539052369077,2.54E-5));
#14097=CARTESIAN_POINT('',(0.00101129301745635,-0.0691539052369077,0.));
#14098=CARTESIAN_POINT('',(0.00139168769303535,-0.0676239784683618,0.));
#14099=CARTESIAN_POINT('',(0.00139168769303535,-0.0676239784683618,2.54E-5));
#14100=CARTESIAN_POINT('',(0.00122445629897849,-0.0679996546806034,0.));
#14101=CARTESIAN_POINT('',(0.00122445629897849,-0.0679996546806034,2.54E-5));
#14102=CARTESIAN_POINT('',(0.00113829301745635,-0.0685044488778054,0.));
#14103=CARTESIAN_POINT('',(0.00113829301745635,-0.0685044488778054,2.54E-5));
#14104=CARTESIAN_POINT('',(0.00113829301745635,-0.0691539052369077,0.));
#14105=CARTESIAN_POINT('',(0.00113829301745635,-0.0691539052369077,2.54E-5));
#14106=CARTESIAN_POINT('',(0.00113829301745635,-0.0691539052369077,0.));
#14107=CARTESIAN_POINT('',(0.00113829301745635,-0.0686331754390594,0.));
#14108=CARTESIAN_POINT('',(0.00117982270810334,-0.0680999216098679,0.));
#14109=CARTESIAN_POINT('',(0.00139168769303535,-0.0676239784683618,0.));
#14110=CARTESIAN_POINT('',(0.00113829301745635,-0.0691539052369077,0.));
#14111=CARTESIAN_POINT('',(0.00113829301745635,-0.0691539052369077,2.54E-5));
#14112=CARTESIAN_POINT('',(0.00176555610972568,-0.0723565,0.));
#14113=CARTESIAN_POINT('',(0.00259982839943698,-0.0723565,1.27E-5));
#14114=CARTESIAN_POINT('',(0.00259982839943696,-0.0723565,0.));
#14115=CARTESIAN_POINT('',(0.000981125451635016,-0.0723565,1.27E-5));
#14116=CARTESIAN_POINT('',(0.000981125451635017,-0.0723565,0.));
#14117=CARTESIAN_POINT('',(0.00176555610972568,-0.0723565,0.));
#14118=CARTESIAN_POINT('',(0.00101129301745635,-0.0701195012468828,0.));
#14119=CARTESIAN_POINT('',(0.00101129301745635,-0.0710850972568579,0.));
#14120=CARTESIAN_POINT('',(0.00113829301745635,-0.0701195012468828,0.));
#14121=CARTESIAN_POINT('',(0.00113829301745635,-0.0701195012468828,0.));
#14122=CARTESIAN_POINT('',(0.00113829301745635,-0.0710850972568579,0.));
#14123=CARTESIAN_POINT('',(0.00113829301745635,-0.0710850972568579,0.));
#14124=CARTESIAN_POINT('',(0.00101129301745635,-0.0710850972568579,0.));
#14125=CARTESIAN_POINT('',(0.00101129301745635,-0.0710850972568579,2.54E-5));
#14126=CARTESIAN_POINT('',(0.00101129301745635,-0.0713977588602281,0.));
#14127=CARTESIAN_POINT('',(0.00101129301745635,-0.0713977588602281,2.54E-5));
#14128=CARTESIAN_POINT('',(0.00100103830082493,-0.0716462423826964,0.));
#14129=CARTESIAN_POINT('',(0.00100103830082493,-0.0716462423826964,2.54E-5));
#14130=CARTESIAN_POINT('',(0.000979771467907102,-0.0718400977442933,0.));
#14131=CARTESIAN_POINT('',(0.000979771467907102,-0.0718400977442933,2.54E-5));
#14132=CARTESIAN_POINT('',(0.000979771467907101,-0.0718400977442933,0.));
#14133=CARTESIAN_POINT('',(0.00113829301745635,-0.0710850972568579,0.));
#14134=CARTESIAN_POINT('',(0.00113829301745635,-0.0710850972568579,2.54E-5));
#14135=CARTESIAN_POINT('',(0.00113829301745635,-0.0714006251796725,0.));
#14136=CARTESIAN_POINT('',(0.00113829301745635,-0.0714006251796725,2.54E-5));
#14137=CARTESIAN_POINT('',(0.00112728090117029,-0.0716600917818907,0.));
#14138=CARTESIAN_POINT('',(0.00112728090117029,-0.0716600917818907,2.54E-5));
#14139=CARTESIAN_POINT('',(0.00110601406825249,-0.0718539471434873,0.));
#14140=CARTESIAN_POINT('',(0.00110601406825249,-0.0718539471434873,2.54E-5));
#14141=CARTESIAN_POINT('',(0.00110601406825249,-0.0718539471434873,0.));
#14142=CARTESIAN_POINT('',(0.00113399841255093,-0.071598859081998,0.));
#14143=CARTESIAN_POINT('',(0.00113829301745635,-0.0713417422247202,0.));
#14144=CARTESIAN_POINT('',(0.00113829301745635,-0.0710850972568579,0.));
#14145=CARTESIAN_POINT('',(0.00110601406825249,-0.0718539471434873,0.));
#14146=CARTESIAN_POINT('',(0.00110601406825249,-0.0718539471434873,2.54E-5));
#14147=CARTESIAN_POINT('',(0.00110601406825249,-0.0718539471434873,0.));
#14148=CARTESIAN_POINT('',(0.00110601406825249,-0.0718539471434873,2.54E-5));
#14149=CARTESIAN_POINT('',(0.00108737818744633,-0.0720238203646818,0.));
#14150=CARTESIAN_POINT('',(0.00108737818744633,-0.0720238203646818,2.54E-5));
#14151=CARTESIAN_POINT('',(0.00104564884457866,-0.0721915021946008,0.));
#14152=CARTESIAN_POINT('',(0.00104564884457866,-0.0721915021946008,2.54E-5));
#14153=CARTESIAN_POINT('',(0.000981125451634998,-0.0723565000000001,0.));
#14154=CARTESIAN_POINT('',(0.000981125451634998,-0.0723565000000001,2.54E-5));
#14155=CARTESIAN_POINT('',(0.000981125451634737,-0.0723565000000007,0.));
#14156=CARTESIAN_POINT('',(0.00104419786370998,-0.0721952126110575,0.));
#14157=CARTESIAN_POINT('',(0.0010871318141251,-0.0720260661522639,0.));
#14158=CARTESIAN_POINT('',(0.00110601406825249,-0.0718539471434873,0.));
#14159=CARTESIAN_POINT('',(0.000979771467907101,-0.0718400977442933,0.));
#14160=CARTESIAN_POINT('',(0.000979771467907101,-0.0718400977442933,2.54E-5));
#14161=CARTESIAN_POINT('',(0.000959243415793744,-0.0720272188347112,0.));
#14162=CARTESIAN_POINT('',(0.000959243415793744,-0.0720272188347112,2.54E-5));
#14163=CARTESIAN_POINT('',(0.000911228978542426,-0.0722061273737448,0.));
#14164=CARTESIAN_POINT('',(0.000911228978542426,-0.0722061273737448,2.54E-5));
#14165=CARTESIAN_POINT('',(0.000827797557096722,-0.0723942570495541,0.));
#14166=CARTESIAN_POINT('',(0.000827797557096722,-0.0723942570495541,2.54E-5));
#14167=CARTESIAN_POINT('',(0.000827797557096735,-0.0723942570495541,0.));
#14168=CARTESIAN_POINT('',(0.000885845386533659,-0.07242,1.27E-5));
#14169=CARTESIAN_POINT('',(0.000885845386533659,-0.0724835,0.));
#14170=CARTESIAN_POINT('',(0.00176555610972568,-0.0724835,0.));
#14171=CARTESIAN_POINT('',(0.0026452668329177,-0.0724835,0.));
#14172=CARTESIAN_POINT('',(0.0026452668329177,-0.07242,0.));
#14173=CARTESIAN_POINT('',(0.00270522752188462,-0.0724409037264288,2.54E-5));
#14174=CARTESIAN_POINT('',(0.00259982839943697,-0.0723565,0.));
#14175=CARTESIAN_POINT('',(0.00259982839943697,-0.0723565,2.54E-5));
#14176=CARTESIAN_POINT('',(0.00265279813967482,-0.0721975052412659,0.));
#14177=CARTESIAN_POINT('',(0.00265279813967482,-0.0721975052412659,2.54E-5));
#14178=CARTESIAN_POINT('',(0.00268795645248094,-0.0720526715979979,0.));
#14179=CARTESIAN_POINT('',(0.00268795645248094,-0.0720526715979979,2.54E-5));
#14180=CARTESIAN_POINT('',(0.0027074882992218,-0.0719084364220657,0.));
#14181=CARTESIAN_POINT('',(0.0027074882992218,-0.0719084364220657,2.54E-5));
#14182=CARTESIAN_POINT('',(0.0027074882992218,-0.0719084364220657,0.));
#14183=CARTESIAN_POINT('',(0.00268684695751113,-0.0720608647916211,0.));
#14184=CARTESIAN_POINT('',(0.00264845410160295,-0.0722105443704379,0.));
#14185=CARTESIAN_POINT('',(0.00259982839943695,-0.0723565000000001,0.));
#14186=CARTESIAN_POINT('',(0.0027074882992218,-0.0719084364220658,0.));
#14187=CARTESIAN_POINT('',(0.0027074882992218,-0.0719084364220658,2.54E-5));
#14188=CARTESIAN_POINT('',(0.00270522752188463,-0.0724409037264288,0.));
#14189=CARTESIAN_POINT('',(0.00270522752188463,-0.0724409037264288,2.54E-5));
#14190=CARTESIAN_POINT('',(0.00276855874490146,-0.0722592431130384,0.));
#14191=CARTESIAN_POINT('',(0.00276855874490146,-0.0722592431130384,2.54E-5));
#14192=CARTESIAN_POINT('',(0.00281207279803494,-0.0720825261714509,0.));
#14193=CARTESIAN_POINT('',(0.00281207279803494,-0.0720825261714509,2.54E-5));
#14194=CARTESIAN_POINT('',(0.00283333963095275,-0.0719254787899043,0.));
#14195=CARTESIAN_POINT('',(0.00283333963095275,-0.0719254787899043,2.54E-5));
#14196=CARTESIAN_POINT('',(0.00283333963095275,-0.0719254787899043,0.));
#14197=CARTESIAN_POINT('',(0.00283333963095275,-0.0719254787899043,0.));
#14198=CARTESIAN_POINT('',(0.00283333963095275,-0.0719254787899043,2.54E-5));
#14199=CARTESIAN_POINT('',(0.00285558615033278,-0.0717611968006364,0.));
#14200=CARTESIAN_POINT('',(0.00285558615033278,-0.0717611968006364,2.54E-5));
#14201=CARTESIAN_POINT('',(0.00286581421446383,-0.0714777157107228,0.));
#14202=CARTESIAN_POINT('',(0.00286581421446383,-0.0714777157107228,2.54E-5));
#14203=CARTESIAN_POINT('',(0.00286581421446384,-0.0710703740648379,0.));
#14204=CARTESIAN_POINT('',(0.00286581421446384,-0.0710703740648379,2.54E-5));
#14205=CARTESIAN_POINT('',(0.00286581421446384,-0.0710703740648379,0.));
#14206=CARTESIAN_POINT('',(0.0027074882992218,-0.0719084364220657,0.));
#14207=CARTESIAN_POINT('',(0.0027074882992218,-0.0719084364220657,2.54E-5));
#14208=CARTESIAN_POINT('',(0.00272777544567718,-0.0717586236482414,0.));
#14209=CARTESIAN_POINT('',(0.00272777544567718,-0.0717586236482414,2.54E-5));
#14210=CARTESIAN_POINT('',(0.00273881421446383,-0.0714777157107229,0.));
#14211=CARTESIAN_POINT('',(0.00273881421446383,-0.0714777157107229,2.54E-5));
#14212=CARTESIAN_POINT('',(0.00273881421446383,-0.0710703740648379,0.));
#14213=CARTESIAN_POINT('',(0.00273881421446383,-0.0710703740648379,2.54E-5));
#14214=CARTESIAN_POINT('',(0.00273881421446383,-0.0710703740648379,0.));
#14215=CARTESIAN_POINT('',(0.00273881421446383,-0.0713500787258602,0.));
#14216=CARTESIAN_POINT('',(0.00274503407090149,-0.0716311753388926,0.));
#14217=CARTESIAN_POINT('',(0.0027074882992218,-0.0719084364220657,0.));
#14218=CARTESIAN_POINT('',(0.00273881421446384,-0.0710703740648379,0.));
#14219=CARTESIAN_POINT('',(0.00273881421446384,-0.0710703740648379,2.54E-5));
#14220=CARTESIAN_POINT('',(0.00286581421446384,-0.070064289276808,0.));
#14221=CARTESIAN_POINT('',(0.00286581421446384,-0.0690582044887781,0.));
#14222=CARTESIAN_POINT('',(0.00273881421446384,-0.070064289276808,0.));
#14223=CARTESIAN_POINT('',(0.00273881421446384,-0.070064289276808,0.));
#14224=CARTESIAN_POINT('',(0.00273881421446384,-0.0690582044887781,0.));
#14225=CARTESIAN_POINT('',(0.00273881421446384,-0.0690582044887781,0.));
#14226=CARTESIAN_POINT('',(0.00286581421446384,-0.0690582044887781,0.));
#14227=CARTESIAN_POINT('',(0.00286581421446384,-0.0690582044887781,2.54E-5));
#14228=CARTESIAN_POINT('',(0.00286581421446383,-0.0688105051357737,0.));
#14229=CARTESIAN_POINT('',(0.00286581421446383,-0.0688105051357737,2.54E-5));
#14230=CARTESIAN_POINT('',(0.00291017965902965,-0.0683875599096066,0.));
#14231=CARTESIAN_POINT('',(0.00291017965902965,-0.0683875599096066,2.54E-5));
#14232=CARTESIAN_POINT('',(0.00301349674826782,-0.0681462159705484,0.));
#14233=CARTESIAN_POINT('',(0.00301349674826782,-0.0681462159705484,2.54E-5));
#14234=CARTESIAN_POINT('',(0.0030944743043784,-0.0680468344244126,0.));
#14235=CARTESIAN_POINT('',(0.0030944743043784,-0.0680468344244126,2.54E-5));
#14236=CARTESIAN_POINT('',(0.00309447430437336,-0.0680468344244188,0.));
#14237=CARTESIAN_POINT('',(0.00273881421446383,-0.0690582044887781,0.));
#14238=CARTESIAN_POINT('',(0.00273881421446383,-0.0690582044887781,2.54E-5));
#14239=CARTESIAN_POINT('',(0.00273881421446383,-0.0688036794028771,0.));
#14240=CARTESIAN_POINT('',(0.00273881421446383,-0.0688036794028771,2.54E-5));
#14241=CARTESIAN_POINT('',(0.00277542632600833,-0.0683739064245507,0.));
#14242=CARTESIAN_POINT('',(0.00277542632600833,-0.0683739064245507,2.54E-5));
#14243=CARTESIAN_POINT('',(0.00291504190510258,-0.0680659935057564,0.));
#14244=CARTESIAN_POINT('',(0.00291504190510258,-0.0680659935057564,2.54E-5));
#14245=CARTESIAN_POINT('',(0.00299601946121265,-0.0679666119596212,0.));
#14246=CARTESIAN_POINT('',(0.00299601946121265,-0.0679666119596212,2.54E-5));
#14247=CARTESIAN_POINT('',(0.00299601946121265,-0.0679666119596212,0.));
#14248=CARTESIAN_POINT('',(0.00287537881099622,-0.0681146709394324,0.));
#14249=CARTESIAN_POINT('',(0.00276046618796335,-0.0684856861242668,0.));
#14250=CARTESIAN_POINT('',(0.00273881421446383,-0.0688674952085443,0.));
#14251=CARTESIAN_POINT('',(0.00273881421446383,-0.0690582044887781,0.));
#14252=CARTESIAN_POINT('',(0.00299601946121266,-0.0679666119596211,0.));
#14253=CARTESIAN_POINT('',(0.00299601946121267,-0.0679666119596211,2.54E-5));
#14254=CARTESIAN_POINT('',(0.00614723316708229,-0.0669233416458853,0.));
#14255=CARTESIAN_POINT('',(0.00614723316708229,-0.0723565,0.));
#14256=CARTESIAN_POINT('',(0.00614723316708229,-0.0723565,0.));
#14257=CARTESIAN_POINT('',(0.00614723316708229,-0.0669233416458853,0.));
#14258=CARTESIAN_POINT('',(0.00534697256857855,-0.0723565,0.));
#14259=CARTESIAN_POINT('',(0.00454671197007481,-0.0723565,0.));
#14260=CARTESIAN_POINT('',(0.00454671197007481,-0.0723565,0.));
#14261=CARTESIAN_POINT('',(0.00534697256857855,-0.0723565,0.));
#14262=CARTESIAN_POINT('',(0.00309447430437336,-0.0680468344244188,0.));
#14263=CARTESIAN_POINT('',(0.00309447430437336,-0.0680468344244188,2.54E-5));
#14264=CARTESIAN_POINT('',(0.00324035846939923,-0.0678677947673416,0.));
#14265=CARTESIAN_POINT('',(0.00324035846939923,-0.0678677947673416,2.54E-5));
#14266=CARTESIAN_POINT('',(0.00348694264339146,-0.067772078553616,0.));
#14267=CARTESIAN_POINT('',(0.00348694264339146,-0.067772078553616,2.54E-5));
#14268=CARTESIAN_POINT('',(0.00388446882793017,-0.067772078553616,0.));
#14269=CARTESIAN_POINT('',(0.00388446882793017,-0.067772078553616,2.54E-5));
#14270=CARTESIAN_POINT('',(0.00388446882793017,-0.0677720785536159,0.));
#14271=CARTESIAN_POINT('',(0.00299601946121267,-0.0679666119596212,0.));
#14272=CARTESIAN_POINT('',(0.00299601946121267,-0.0679666119596212,2.54E-5));
#14273=CARTESIAN_POINT('',(0.0031740455206257,-0.0677481254321597,0.));
#14274=CARTESIAN_POINT('',(0.0031740455206257,-0.0677481254321597,2.54E-5));
#14275=CARTESIAN_POINT('',(0.00348694264339139,-0.067645078553616,0.));
#14276=CARTESIAN_POINT('',(0.00348694264339139,-0.067645078553616,2.54E-5));
#14277=CARTESIAN_POINT('',(0.00388446882793017,-0.067645078553616,0.));
#14278=CARTESIAN_POINT('',(0.00388446882793017,-0.067645078553616,2.54E-5));
#14279=CARTESIAN_POINT('',(0.00388446882793017,-0.067645078553616,0.));
#14280=CARTESIAN_POINT('',(0.00355898181971722,-0.067645078553616,0.));
#14281=CARTESIAN_POINT('',(0.00320334180871799,-0.0677121708967737,0.));
#14282=CARTESIAN_POINT('',(0.00299601946121267,-0.0679666119596212,0.));
#14283=CARTESIAN_POINT('',(0.00388446882793017,-0.067645078553616,0.));
#14284=CARTESIAN_POINT('',(0.00388446882793017,-0.067645078553616,2.54E-5));
#14285=CARTESIAN_POINT('',(0.00418384039900249,-0.0677720785536159,0.));
#14286=CARTESIAN_POINT('',(0.00441971197007481,-0.0677720785536159,0.));
#14287=CARTESIAN_POINT('',(0.00418384039900249,-0.067645078553616,0.));
#14288=CARTESIAN_POINT('',(0.00418384039900249,-0.067645078553616,0.));
#14289=CARTESIAN_POINT('',(0.00448321197007481,-0.067645078553616,0.));
#14290=CARTESIAN_POINT('',(0.00448321197007481,-0.067645078553616,0.));
#14291=CARTESIAN_POINT('',(0.00448321197007481,-0.067708578553616,0.));
#14292=CARTESIAN_POINT('',(0.00454671197007481,-0.067708578553616,2.54E-5));
#14293=CARTESIAN_POINT('',(0.00454671197007481,-0.067708578553616,0.));
#14294=CARTESIAN_POINT('',(0.00448321197007481,-0.067708578553616,0.));
#14295=CARTESIAN_POINT('',(0.00454671197007481,-0.070064289276808,0.));
#14296=CARTESIAN_POINT('',(0.00454671197007481,-0.070064289276808,0.));
#14297=CARTESIAN_POINT('',(0.00441971197007481,-0.070064289276808,0.));
#14298=CARTESIAN_POINT('',(0.00441971197007481,-0.07242,0.));
#14299=CARTESIAN_POINT('',(0.00448321197007481,-0.07242,0.));
#14300=CARTESIAN_POINT('',(0.00448321197007481,-0.0724835,0.));
#14301=CARTESIAN_POINT('',(0.00534697256857855,-0.0724835,0.));
#14302=CARTESIAN_POINT('',(0.00621073316708229,-0.0724835,0.));
#14303=CARTESIAN_POINT('',(0.00621073316708229,-0.07242,0.));
#14304=CARTESIAN_POINT('',(0.00627423316708229,-0.07242,0.));
#14305=CARTESIAN_POINT('',(0.00627423316708229,-0.0669233416458853,0.));
#14306=CARTESIAN_POINT('',(0.,0.,0.));
#14307=CARTESIAN_POINT('',(0.00303029233765885,-0.0659147961634714,0.));
#14308=CARTESIAN_POINT('',(0.00323857952608618,-0.0661299933534109,0.));
#14309=CARTESIAN_POINT('',(0.00355478821879616,-0.0662016047381546,0.));
#14310=CARTESIAN_POINT('',(0.00385502244389027,-0.0662016047381546,0.));
#14311=CARTESIAN_POINT('',(0.00385502244389027,-0.0662016047381546,0.));
#14312=CARTESIAN_POINT('',(0.00303029233765888,-0.0659147961634714,0.));
#14313=CARTESIAN_POINT('',(0.00416911720698254,-0.0662016047381546,0.));
#14314=CARTESIAN_POINT('',(0.00448321197007481,-0.0662016047381546,0.));
#14315=CARTESIAN_POINT('',(0.00448321197007481,-0.0661381047381546,0.));
#14316=CARTESIAN_POINT('',(0.00454671197007481,-0.0661381047381546,0.));
#14317=CARTESIAN_POINT('',(0.00454671197007481,-0.0645676309226933,0.));
#14318=CARTESIAN_POINT('',(0.00454671197007481,-0.0629971571072319,0.));
#14319=CARTESIAN_POINT('',(0.00448321197007481,-0.0629971571072319,0.));
#14320=CARTESIAN_POINT('',(0.00448321197007481,-0.0629336571072319,0.));
#14321=CARTESIAN_POINT('',(0.00409059351620947,-0.0629336571072319,0.));
#14322=CARTESIAN_POINT('',(0.00369797506234413,-0.0629336571072319,0.));
#14323=CARTESIAN_POINT('',(0.00369797506234413,-0.0629336571072319,0.));
#14324=CARTESIAN_POINT('',(0.00343018906956586,-0.0629336571072319,0.));
#14325=CARTESIAN_POINT('',(0.0031471577690009,-0.0630139579601752,0.));
#14326=CARTESIAN_POINT('',(0.00297955614926195,-0.0632251553769561,0.));
#14327=CARTESIAN_POINT('',(0.00297955614926195,-0.0632251553769561,0.));
#14328=CARTESIAN_POINT('',(0.00297955614926196,-0.0632251553769561,0.));
#14329=CARTESIAN_POINT('',(0.00278280526600285,-0.0634730842356295,0.));
#14330=CARTESIAN_POINT('',(0.00275353740648378,-0.0638117260287859,0.));
#14331=CARTESIAN_POINT('',(0.00275353740648378,-0.0641283890274314,0.));
#14332=CARTESIAN_POINT('',(0.00275353740648378,-0.0641283890274314,0.));
#14333=CARTESIAN_POINT('',(0.00275353740648378,-0.064551680798005,0.));
#14334=CARTESIAN_POINT('',(0.00275353740648378,-0.0649749725685786,0.));
#14335=CARTESIAN_POINT('',(0.00275353740648378,-0.0649749725685786,0.));
#14336=CARTESIAN_POINT('',(0.00275353740648378,-0.0653101549622177,0.));
#14337=CARTESIAN_POINT('',(0.00279456581227567,-0.0656712493268196,0.));
#14338=CARTESIAN_POINT('',(0.00303029233765888,-0.0659147961634715,0.));
#14339=CARTESIAN_POINT('',(0.00710609351620947,-0.0622119201995012,0.));
#14340=CARTESIAN_POINT('',(0.00710609351620947,-0.0629336571072319,0.));
#14341=CARTESIAN_POINT('',(0.00710609351620947,-0.0629336571072319,0.));
#14342=CARTESIAN_POINT('',(0.00710609351620947,-0.0629336571072319,2.54E-5));
#14343=CARTESIAN_POINT('',(0.00710609351620947,-0.0622119201995012,2.54E-5));
#14344=CARTESIAN_POINT('',(0.00710609351620947,-0.0614901832917706,2.54E-5));
#14345=CARTESIAN_POINT('',(0.00710609351620948,-0.0614901832917706,0.));
#14346=CARTESIAN_POINT('',(0.00710609351620947,-0.0614901832917706,0.));
#14347=CARTESIAN_POINT('',(0.00710609351620947,-0.0622119201995012,0.));
#14348=CARTESIAN_POINT('',(0.0123187044887781,-0.0622119201995012,0.));
#14349=CARTESIAN_POINT('',(0.0123187044887781,-0.0614901832917706,0.));
#14350=CARTESIAN_POINT('',(0.012318704488778,-0.0614901832917706,0.));
#14351=CARTESIAN_POINT('',(0.012318704488778,-0.0614901832917706,2.54E-5));
#14352=CARTESIAN_POINT('',(0.0123187044887781,-0.0622119201995012,2.54E-5));
#14353=CARTESIAN_POINT('',(0.0123187044887781,-0.0629336571072319,2.54E-5));
#14354=CARTESIAN_POINT('',(0.0123187044887781,-0.0629336571072319,0.));
#14355=CARTESIAN_POINT('',(0.0123187044887781,-0.0629336571072319,0.));
#14356=CARTESIAN_POINT('',(0.0123187044887781,-0.0622119201995012,0.));
#14357=CARTESIAN_POINT('',(0.0114791820448878,-0.0629336571072319,0.));
#14358=CARTESIAN_POINT('',(0.0114791820448878,-0.0629336571072319,2.54E-5));
#14359=CARTESIAN_POINT('',(0.0105761596009975,-0.0629336571072319,2.54E-5));
#14360=CARTESIAN_POINT('',(0.0105761596009975,-0.0629336571072319,2.54E-5));
#14361=CARTESIAN_POINT('',(0.0105761596009975,-0.0629336571072319,0.));
#14362=CARTESIAN_POINT('',(0.0114791820448878,-0.0629336571072319,0.));
#14363=CARTESIAN_POINT('',(0.0114791820448878,-0.0629971571072319,2.54E-5));
#14364=CARTESIAN_POINT('',(0.0106396596009975,-0.067708578553616,2.54E-5));
#14365=CARTESIAN_POINT('',(0.0106396596009975,-0.07242,2.54E-5));
#14366=CARTESIAN_POINT('',(0.0106396596009975,-0.0630606571072319,2.54E-5));
#14367=CARTESIAN_POINT('',(0.0105761596009975,-0.07242,2.54E-5));
#14368=CARTESIAN_POINT('',(0.0105761596009975,-0.0724835,2.54E-5));
#14369=CARTESIAN_POINT('',(0.00971239900249377,-0.0724835,2.54E-5));
#14370=CARTESIAN_POINT('',(0.00884863840399002,-0.0724835,2.54E-5));
#14371=CARTESIAN_POINT('',(0.00884863840399002,-0.07242,2.54E-5));
#14372=CARTESIAN_POINT('',(0.00878513840399003,-0.07242,2.54E-5));
#14373=CARTESIAN_POINT('',(0.00878513840399003,-0.067708578553616,2.54E-5));
#14374=CARTESIAN_POINT('',(0.00878513840399003,-0.0630606571072319,2.54E-5));
#14375=CARTESIAN_POINT('',(0.00794561596009975,-0.0630606571072319,2.54E-5));
#14376=CARTESIAN_POINT('',(0.00704259351620947,-0.0630606571072319,2.54E-5));
#14377=CARTESIAN_POINT('',(0.00704259351620947,-0.0629971571072319,2.54E-5));
#14378=CARTESIAN_POINT('',(0.00697909351620947,-0.0629971571072319,2.54E-5));
#14379=CARTESIAN_POINT('',(0.00697909351620947,-0.0622119201995012,2.54E-5));
#14380=CARTESIAN_POINT('',(0.00697909351620947,-0.0614266832917706,2.54E-5));
#14381=CARTESIAN_POINT('',(0.00704259351620947,-0.0614266832917706,2.54E-5));
#14382=CARTESIAN_POINT('',(0.00704259351620948,-0.0613631832917706,2.54E-5));
#14383=CARTESIAN_POINT('',(0.00971239900249376,-0.0613631832917706,2.54E-5));
#14384=CARTESIAN_POINT('',(0.012382204488778,-0.0613631832917706,2.54E-5));
#14385=CARTESIAN_POINT('',(0.012382204488778,-0.0614266832917706,2.54E-5));
#14386=CARTESIAN_POINT('',(0.012445704488778,-0.0614266832917706,2.54E-5));
#14387=CARTESIAN_POINT('',(0.012445704488778,-0.0622119201995012,2.54E-5));
#14388=CARTESIAN_POINT('',(0.012445704488778,-0.0629971571072319,2.54E-5));
#14389=CARTESIAN_POINT('',(0.012382204488778,-0.0629971571072319,2.54E-5));
#14390=CARTESIAN_POINT('',(0.012382204488778,-0.0630606571072319,2.54E-5));
#14391=CARTESIAN_POINT('',(0.0114791820448878,-0.0630606571072319,2.54E-5));
#14392=CARTESIAN_POINT('',(0.00794561596009975,-0.0629336571072319,2.54E-5));
#14393=CARTESIAN_POINT('',(0.00884863840399002,-0.0629336571072319,2.54E-5));
#14394=CARTESIAN_POINT('',(0.00884863840399002,-0.0629971571072319,2.54E-5));
#14395=CARTESIAN_POINT('',(0.00891213840399002,-0.0629971571072319,2.54E-5));
#14396=CARTESIAN_POINT('',(0.00891213840399002,-0.067708578553616,2.54E-5));
#14397=CARTESIAN_POINT('',(0.00891213840399002,-0.0723565,2.54E-5));
#14398=CARTESIAN_POINT('',(0.00971239900249377,-0.0723565,2.54E-5));
#14399=CARTESIAN_POINT('',(0.0105126596009975,-0.0723565,2.54E-5));
#14400=CARTESIAN_POINT('',(0.0105126596009975,-0.067708578553616,2.54E-5));
#14401=CARTESIAN_POINT('',(0.0105126596009975,-0.0629971571072319,2.54E-5));
#14402=CARTESIAN_POINT('',(0.0105761596009975,-0.0629971571072319,2.54E-5));
#14403=CARTESIAN_POINT('',(0.00971239900249376,-0.0614901832917706,2.54E-5));
#14404=CARTESIAN_POINT('',(0.0114791820448878,-0.0630606571072319,0.));
#14405=CARTESIAN_POINT('',(0.0106396596009975,-0.0630606571072319,0.));
#14406=CARTESIAN_POINT('',(0.012382204488778,-0.0630606571072319,0.));
#14407=CARTESIAN_POINT('',(0.012382204488778,-0.0629971571072319,0.));
#14408=CARTESIAN_POINT('',(0.012445704488778,-0.0629971571072319,0.));
#14409=CARTESIAN_POINT('',(0.0105761596009975,-0.0629971571072319,0.));
#14410=CARTESIAN_POINT('',(0.0105126596009975,-0.0629971571072319,0.));
#14411=CARTESIAN_POINT('',(0.0105126596009975,-0.0629971571072319,0.));
#14412=CARTESIAN_POINT('',(0.0105761596009975,-0.0629971571072319,0.));
#14413=CARTESIAN_POINT('',(0.012445704488778,-0.0622119201995012,0.));
#14414=CARTESIAN_POINT('',(0.012445704488778,-0.0614266832917706,0.));
#14415=CARTESIAN_POINT('',(0.012382204488778,-0.0614266832917706,0.));
#14416=CARTESIAN_POINT('',(0.012382204488778,-0.0613631832917706,0.));
#14417=CARTESIAN_POINT('',(0.00971239900249376,-0.0614901832917706,0.));
#14418=CARTESIAN_POINT('',(0.00971239900249376,-0.0614901832917706,0.));
#14419=CARTESIAN_POINT('',(0.00971239900249376,-0.0613631832917706,0.));
#14420=CARTESIAN_POINT('',(0.00704259351620947,-0.0613631832917706,0.));
#14421=CARTESIAN_POINT('',(0.00704259351620947,-0.0614266832917706,0.));
#14422=CARTESIAN_POINT('',(0.00697909351620947,-0.0614266832917706,0.));
#14423=CARTESIAN_POINT('',(0.00697909351620947,-0.0622119201995012,0.));
#14424=CARTESIAN_POINT('',(0.00697909351620947,-0.0629971571072319,0.));
#14425=CARTESIAN_POINT('',(0.00704259351620947,-0.0629971571072319,0.));
#14426=CARTESIAN_POINT('',(0.00704259351620947,-0.0630606571072319,0.));
#14427=CARTESIAN_POINT('',(0.00794561596009975,-0.0629336571072319,0.));
#14428=CARTESIAN_POINT('',(0.00794561596009975,-0.0629336571072319,0.));
#14429=CARTESIAN_POINT('',(0.00884863840399002,-0.0629336571072319,0.));
#14430=CARTESIAN_POINT('',(0.00884863840399002,-0.0629336571072319,0.));
#14431=CARTESIAN_POINT('',(0.00891213840399002,-0.067708578553616,0.));
#14432=CARTESIAN_POINT('',(0.00891213840399002,-0.0723565,0.));
#14433=CARTESIAN_POINT('',(0.00891213840399002,-0.0723565,0.));
#14434=CARTESIAN_POINT('',(0.00891213840399002,-0.0629971571072319,2.54E-5));
#14435=CARTESIAN_POINT('',(0.00891213840399002,-0.0629971571072319,0.));
#14436=CARTESIAN_POINT('',(0.00891213840399002,-0.067708578553616,0.));
#14437=CARTESIAN_POINT('',(0.00794561596009975,-0.0630606571072319,0.));
#14438=CARTESIAN_POINT('',(0.00878513840399003,-0.0630606571072319,0.));
#14439=CARTESIAN_POINT('',(0.00884863840399002,-0.0629971571072319,0.));
#14440=CARTESIAN_POINT('',(0.00884863840399002,-0.0629971571072319,0.));
#14441=CARTESIAN_POINT('',(0.00878513840399003,-0.067708578553616,0.));
#14442=CARTESIAN_POINT('',(0.00878513840399003,-0.07242,0.));
#14443=CARTESIAN_POINT('',(0.00884863840399002,-0.07242,0.));
#14444=CARTESIAN_POINT('',(0.00884863840399002,-0.0724835,0.));
#14445=CARTESIAN_POINT('',(0.00971239900249377,-0.0723565,0.));
#14446=CARTESIAN_POINT('',(0.00971239900249377,-0.0723565,0.));
#14447=CARTESIAN_POINT('',(0.0105126596009975,-0.0723565,0.));
#14448=CARTESIAN_POINT('',(0.0105126596009975,-0.0723565,0.));
#14449=CARTESIAN_POINT('',(0.00971239900249377,-0.0724835,0.));
#14450=CARTESIAN_POINT('',(0.0105761596009975,-0.0724835,0.));
#14451=CARTESIAN_POINT('',(0.0105761596009975,-0.07242,0.));
#14452=CARTESIAN_POINT('',(0.0106396596009975,-0.07242,0.));
#14453=CARTESIAN_POINT('',(0.0105126596009975,-0.067708578553616,0.));
#14454=CARTESIAN_POINT('',(0.0105126596009975,-0.067708578553616,0.));
#14455=CARTESIAN_POINT('',(0.0106396596009975,-0.067708578553616,0.));
#14456=CARTESIAN_POINT('',(0.,0.,0.));
#14457=CARTESIAN_POINT('',(0.0152728578553616,-0.0614901832917706,0.));
#14458=CARTESIAN_POINT('',(0.0175650685785536,-0.0614901832917706,0.));
#14459=CARTESIAN_POINT('',(0.0175650685785536,-0.0614901832917706,2.54E-5));
#14460=CARTESIAN_POINT('',(0.0175650685785536,-0.0614901832917706,0.));
#14461=CARTESIAN_POINT('',(0.0152728578553616,-0.0614901832917706,0.));
#14462=CARTESIAN_POINT('',(0.0129806471321696,-0.0614901832917706,0.));
#14463=CARTESIAN_POINT('',(0.0129806471321696,-0.0614901832917706,0.));
#14464=CARTESIAN_POINT('',(0.0129806471321696,-0.0614901832917706,2.54E-5));
#14465=CARTESIAN_POINT('',(0.0152728578553616,-0.0614901832917706,2.54E-5));
#14466=CARTESIAN_POINT('',(0.0129806471321696,-0.0622119201995012,0.));
#14467=CARTESIAN_POINT('',(0.0129806471321696,-0.0629336571072319,0.));
#14468=CARTESIAN_POINT('',(0.0129806471321696,-0.0629336571072319,0.));
#14469=CARTESIAN_POINT('',(0.0129806471321696,-0.0629336571072319,2.54E-5));
#14470=CARTESIAN_POINT('',(0.0129806471321696,-0.0622119201995012,2.54E-5));
#14471=CARTESIAN_POINT('',(0.0129806471321696,-0.0622119201995012,0.));
#14472=CARTESIAN_POINT('',(0.0152728578553616,-0.0614266832917706,2.54E-5));
#14473=CARTESIAN_POINT('',(0.0144090972568579,-0.0629336571072319,2.54E-5));
#14474=CARTESIAN_POINT('',(0.0159010473815462,-0.0629336571072319,2.54E-5));
#14475=CARTESIAN_POINT('',(0.0159010473815462,-0.0629971571072319,2.54E-5));
#14476=CARTESIAN_POINT('',(0.0159645473815461,-0.0629971571072319,2.54E-5));
#14477=CARTESIAN_POINT('',(0.0159645473815461,-0.0644498453865337,2.54E-5));
#14478=CARTESIAN_POINT('',(0.0159645473815461,-0.0659025336658354,2.54E-5));
#14479=CARTESIAN_POINT('',(0.0159010473815462,-0.0659025336658354,2.54E-5));
#14480=CARTESIAN_POINT('',(0.0159010473815462,-0.0659660336658354,2.54E-5));
#14481=CARTESIAN_POINT('',(0.0147146034912718,-0.0659660336658354,2.54E-5));
#14482=CARTESIAN_POINT('',(0.0135916596009975,-0.0659660336658354,2.54E-5));
#14483=CARTESIAN_POINT('',(0.0135916596009975,-0.0666877705735661,2.54E-5));
#14484=CARTESIAN_POINT('',(0.0135916596009975,-0.0674095074812968,2.54E-5));
#14485=CARTESIAN_POINT('',(0.0147146034912718,-0.0674095074812968,2.54E-5));
#14486=CARTESIAN_POINT('',(0.0159010473815462,-0.0674095074812968,2.54E-5));
#14487=CARTESIAN_POINT('',(0.0159010473815462,-0.0674730074812968,2.54E-5));
#14488=CARTESIAN_POINT('',(0.0159645473815461,-0.0674730074812968,2.54E-5));
#14489=CARTESIAN_POINT('',(0.0159645473815461,-0.0691612668329177,2.54E-5));
#14490=CARTESIAN_POINT('',(0.0159645473815461,-0.0708495261845387,2.54E-5));
#14491=CARTESIAN_POINT('',(0.0159010473815462,-0.0708495261845387,2.54E-5));
#14492=CARTESIAN_POINT('',(0.0159010473815462,-0.0709130261845387,2.54E-5));
#14493=CARTESIAN_POINT('',(0.0144090972568579,-0.0709130261845386,2.54E-5));
#14494=CARTESIAN_POINT('',(0.0129806471321696,-0.0709130261845386,2.54E-5));
#14495=CARTESIAN_POINT('',(0.0129806471321696,-0.0716347630922693,2.54E-5));
#14496=CARTESIAN_POINT('',(0.0129806471321696,-0.0723565,2.54E-5));
#14497=CARTESIAN_POINT('',(0.0152728578553616,-0.0723565,2.54E-5));
#14498=CARTESIAN_POINT('',(0.0175650685785536,-0.0723565,2.54E-5));
#14499=CARTESIAN_POINT('',(0.0175650685785536,-0.0669233416458853,2.54E-5));
#14500=CARTESIAN_POINT('',(0.0158375473815461,-0.0644498453865337,2.54E-5));
#14501=CARTESIAN_POINT('',(0.0158375473815461,-0.0630606571072319,2.54E-5));
#14502=CARTESIAN_POINT('',(0.0158375473815461,-0.0658390336658354,2.54E-5));
#14503=CARTESIAN_POINT('',(0.0144090972568579,-0.0630606571072319,2.54E-5));
#14504=CARTESIAN_POINT('',(0.0129171471321696,-0.0630606571072319,2.54E-5));
#14505=CARTESIAN_POINT('',(0.0129171471321696,-0.0629971571072319,2.54E-5));
#14506=CARTESIAN_POINT('',(0.0128536471321696,-0.0629971571072319,2.54E-5));
#14507=CARTESIAN_POINT('',(0.0128536471321696,-0.0622119201995012,2.54E-5));
#14508=CARTESIAN_POINT('',(0.0128536471321696,-0.0614266832917706,2.54E-5));
#14509=CARTESIAN_POINT('',(0.0129171471321696,-0.0614266832917706,2.54E-5));
#14510=CARTESIAN_POINT('',(0.0129171471321696,-0.0613631832917706,2.54E-5));
#14511=CARTESIAN_POINT('',(0.0152728578553616,-0.0613631832917706,2.54E-5));
#14512=CARTESIAN_POINT('',(0.0176285685785536,-0.0613631832917706,2.54E-5));
#14513=CARTESIAN_POINT('',(0.0176285685785536,-0.0614266832917706,2.54E-5));
#14514=CARTESIAN_POINT('',(0.0176920685785536,-0.0614266832917706,2.54E-5));
#14515=CARTESIAN_POINT('',(0.0176920685785536,-0.0669233416458853,2.54E-5));
#14516=CARTESIAN_POINT('',(0.0176920685785536,-0.07242,2.54E-5));
#14517=CARTESIAN_POINT('',(0.0176285685785536,-0.07242,2.54E-5));
#14518=CARTESIAN_POINT('',(0.0176285685785536,-0.0724835,2.54E-5));
#14519=CARTESIAN_POINT('',(0.0152728578553616,-0.0724835,2.54E-5));
#14520=CARTESIAN_POINT('',(0.0129171471321696,-0.0724835,2.54E-5));
#14521=CARTESIAN_POINT('',(0.0129171471321696,-0.07242,2.54E-5));
#14522=CARTESIAN_POINT('',(0.0128536471321696,-0.07242,2.54E-5));
#14523=CARTESIAN_POINT('',(0.0128536471321696,-0.0716347630922693,2.54E-5));
#14524=CARTESIAN_POINT('',(0.0128536471321696,-0.0708495261845386,2.54E-5));
#14525=CARTESIAN_POINT('',(0.0129171471321696,-0.0708495261845386,2.54E-5));
#14526=CARTESIAN_POINT('',(0.0129171471321696,-0.0707860261845387,2.54E-5));
#14527=CARTESIAN_POINT('',(0.0144090972568579,-0.0707860261845387,2.54E-5));
#14528=CARTESIAN_POINT('',(0.0158375473815461,-0.0707860261845387,2.54E-5));
#14529=CARTESIAN_POINT('',(0.0158375473815461,-0.0691612668329177,2.54E-5));
#14530=CARTESIAN_POINT('',(0.0158375473815461,-0.0675365074812968,2.54E-5));
#14531=CARTESIAN_POINT('',(0.0147146034912718,-0.0675365074812968,2.54E-5));
#14532=CARTESIAN_POINT('',(0.0135281596009975,-0.0675365074812968,2.54E-5));
#14533=CARTESIAN_POINT('',(0.0135281596009975,-0.0674730074812968,2.54E-5));
#14534=CARTESIAN_POINT('',(0.0134646596009975,-0.0674730074812968,2.54E-5));
#14535=CARTESIAN_POINT('',(0.0134646596009975,-0.0666877705735661,2.54E-5));
#14536=CARTESIAN_POINT('',(0.0134646596009975,-0.0659025336658354,2.54E-5));
#14537=CARTESIAN_POINT('',(0.0135281596009975,-0.0659025336658354,2.54E-5));
#14538=CARTESIAN_POINT('',(0.0135281596009975,-0.0658390336658354,2.54E-5));
#14539=CARTESIAN_POINT('',(0.0147146034912718,-0.0658390336658354,2.54E-5));
#14540=CARTESIAN_POINT('',(0.0152728578553616,-0.0613631832917706,0.));
#14541=CARTESIAN_POINT('',(0.0176285685785536,-0.0613631832917706,0.));
#14542=CARTESIAN_POINT('',(0.0129171471321696,-0.0613631832917706,0.));
#14543=CARTESIAN_POINT('',(0.0129171471321696,-0.0614266832917706,0.));
#14544=CARTESIAN_POINT('',(0.0128536471321696,-0.0614266832917706,0.));
#14545=CARTESIAN_POINT('',(0.0176285685785536,-0.0614266832917706,0.));
#14546=CARTESIAN_POINT('',(0.0176920685785536,-0.0614266832917706,0.));
#14547=CARTESIAN_POINT('',(0.0128536471321696,-0.0622119201995012,0.));
#14548=CARTESIAN_POINT('',(0.0128536471321696,-0.0629971571072319,0.));
#14549=CARTESIAN_POINT('',(0.0129171471321696,-0.0629971571072319,0.));
#14550=CARTESIAN_POINT('',(0.0129171471321696,-0.0630606571072319,0.));
#14551=CARTESIAN_POINT('',(0.0144090972568579,-0.0629336571072319,0.));
#14552=CARTESIAN_POINT('',(0.0144090972568579,-0.0629336571072319,0.));
#14553=CARTESIAN_POINT('',(0.0159010473815462,-0.0629336571072319,0.));
#14554=CARTESIAN_POINT('',(0.0159010473815462,-0.0629336571072319,0.));
#14555=CARTESIAN_POINT('',(0.0144090972568579,-0.0630606571072319,0.));
#14556=CARTESIAN_POINT('',(0.0158375473815461,-0.0630606571072319,0.));
#14557=CARTESIAN_POINT('',(0.0159010473815462,-0.0629971571072319,0.));
#14558=CARTESIAN_POINT('',(0.0159645473815461,-0.0629971571072319,2.54E-5));
#14559=CARTESIAN_POINT('',(0.0159645473815461,-0.0629971571072319,0.));
#14560=CARTESIAN_POINT('',(0.0159010473815462,-0.0629971571072319,0.));
#14561=CARTESIAN_POINT('',(0.0158375473815461,-0.0644498453865337,0.));
#14562=CARTESIAN_POINT('',(0.0158375473815461,-0.0658390336658354,0.));
#14563=CARTESIAN_POINT('',(0.0159645473815461,-0.0644498453865337,0.));
#14564=CARTESIAN_POINT('',(0.0159645473815461,-0.0644498453865337,0.));
#14565=CARTESIAN_POINT('',(0.0159645473815461,-0.0659025336658354,0.));
#14566=CARTESIAN_POINT('',(0.0159645473815461,-0.0659025336658354,0.));
#14567=CARTESIAN_POINT('',(0.0159010473815462,-0.0659025336658354,0.));
#14568=CARTESIAN_POINT('',(0.0159010473815462,-0.0659660336658354,2.54E-5));
#14569=CARTESIAN_POINT('',(0.0159010473815462,-0.0659660336658354,0.));
#14570=CARTESIAN_POINT('',(0.0159010473815462,-0.0659025336658354,0.));
#14571=CARTESIAN_POINT('',(0.0175650685785536,-0.0669233416458853,0.));
#14572=CARTESIAN_POINT('',(0.0175650685785536,-0.0723565,0.));
#14573=CARTESIAN_POINT('',(0.0175650685785536,-0.0723565,0.));
#14574=CARTESIAN_POINT('',(0.0175650685785536,-0.0669233416458853,0.));
#14575=CARTESIAN_POINT('',(0.0135916596009975,-0.0666877705735661,0.));
#14576=CARTESIAN_POINT('',(0.0135916596009975,-0.0674095074812968,0.));
#14577=CARTESIAN_POINT('',(0.0135916596009975,-0.0674095074812968,0.));
#14578=CARTESIAN_POINT('',(0.0135916596009975,-0.0659660336658354,0.));
#14579=CARTESIAN_POINT('',(0.0135916596009975,-0.0659660336658354,0.));
#14580=CARTESIAN_POINT('',(0.0135916596009975,-0.0666877705735661,0.));
#14581=CARTESIAN_POINT('',(0.0147146034912718,-0.0659660336658354,0.));
#14582=CARTESIAN_POINT('',(0.0147146034912718,-0.0659660336658354,0.));
#14583=CARTESIAN_POINT('',(0.0147146034912718,-0.0658390336658354,0.));
#14584=CARTESIAN_POINT('',(0.0135281596009975,-0.0658390336658354,0.));
#14585=CARTESIAN_POINT('',(0.0135281596009975,-0.0659025336658354,0.));
#14586=CARTESIAN_POINT('',(0.0134646596009975,-0.0659025336658354,0.));
#14587=CARTESIAN_POINT('',(0.0134646596009975,-0.0666877705735661,0.));
#14588=CARTESIAN_POINT('',(0.0134646596009975,-0.0674730074812968,0.));
#14589=CARTESIAN_POINT('',(0.0135281596009975,-0.0674730074812968,0.));
#14590=CARTESIAN_POINT('',(0.0135281596009975,-0.0675365074812968,0.));
#14591=CARTESIAN_POINT('',(0.0147146034912718,-0.0674095074812968,0.));
#14592=CARTESIAN_POINT('',(0.0147146034912718,-0.0674095074812968,0.));
#14593=CARTESIAN_POINT('',(0.0159010473815462,-0.0674095074812968,0.));
#14594=CARTESIAN_POINT('',(0.0159010473815462,-0.0674095074812968,0.));
#14595=CARTESIAN_POINT('',(0.0147146034912718,-0.0675365074812968,0.));
#14596=CARTESIAN_POINT('',(0.0158375473815461,-0.0675365074812968,0.));
#14597=CARTESIAN_POINT('',(0.0159010473815462,-0.0674730074812968,0.));
#14598=CARTESIAN_POINT('',(0.0159645473815461,-0.0674730074812968,2.54E-5));
#14599=CARTESIAN_POINT('',(0.0159645473815461,-0.0674730074812968,0.));
#14600=CARTESIAN_POINT('',(0.0159010473815462,-0.0674730074812968,0.));
#14601=CARTESIAN_POINT('',(0.0158375473815461,-0.0691612668329177,0.));
#14602=CARTESIAN_POINT('',(0.0158375473815461,-0.0707860261845387,0.));
#14603=CARTESIAN_POINT('',(0.0159645473815461,-0.0691612668329177,0.));
#14604=CARTESIAN_POINT('',(0.0159645473815461,-0.0691612668329177,0.));
#14605=CARTESIAN_POINT('',(0.0159645473815461,-0.0708495261845387,0.));
#14606=CARTESIAN_POINT('',(0.0159645473815461,-0.0708495261845387,0.));
#14607=CARTESIAN_POINT('',(0.0159010473815462,-0.0708495261845387,0.));
#14608=CARTESIAN_POINT('',(0.0159010473815462,-0.0709130261845386,2.54E-5));
#14609=CARTESIAN_POINT('',(0.0159010473815462,-0.0709130261845386,0.));
#14610=CARTESIAN_POINT('',(0.0159010473815462,-0.0708495261845387,0.));
#14611=CARTESIAN_POINT('',(0.0129806471321696,-0.0716347630922693,0.));
#14612=CARTESIAN_POINT('',(0.0129806471321696,-0.0723565,0.));
#14613=CARTESIAN_POINT('',(0.0129806471321696,-0.0723565,0.));
#14614=CARTESIAN_POINT('',(0.0129806471321696,-0.0709130261845386,0.));
#14615=CARTESIAN_POINT('',(0.0129806471321696,-0.0709130261845386,0.));
#14616=CARTESIAN_POINT('',(0.0129806471321696,-0.0716347630922693,0.));
#14617=CARTESIAN_POINT('',(0.0144090972568579,-0.0709130261845386,0.));
#14618=CARTESIAN_POINT('',(0.0144090972568579,-0.0709130261845386,0.));
#14619=CARTESIAN_POINT('',(0.0144090972568579,-0.0707860261845387,0.));
#14620=CARTESIAN_POINT('',(0.0129171471321696,-0.0707860261845387,0.));
#14621=CARTESIAN_POINT('',(0.0129171471321696,-0.0708495261845386,0.));
#14622=CARTESIAN_POINT('',(0.0128536471321696,-0.0708495261845386,0.));
#14623=CARTESIAN_POINT('',(0.0128536471321696,-0.0716347630922693,0.));
#14624=CARTESIAN_POINT('',(0.0128536471321696,-0.07242,0.));
#14625=CARTESIAN_POINT('',(0.0129171471321696,-0.07242,0.));
#14626=CARTESIAN_POINT('',(0.0129171471321696,-0.0724835,0.));
#14627=CARTESIAN_POINT('',(0.0152728578553616,-0.0723565,0.));
#14628=CARTESIAN_POINT('',(0.0152728578553616,-0.0723565,0.));
#14629=CARTESIAN_POINT('',(0.0152728578553616,-0.0724835,0.));
#14630=CARTESIAN_POINT('',(0.0176285685785536,-0.0724835,0.));
#14631=CARTESIAN_POINT('',(0.0176285685785536,-0.07242,0.));
#14632=CARTESIAN_POINT('',(0.0176920685785536,-0.07242,0.));
#14633=CARTESIAN_POINT('',(0.0176920685785536,-0.0669233416458853,0.));
#14634=CARTESIAN_POINT('',(0.,0.,0.));
#14635=CARTESIAN_POINT('',(0.0211682693266833,-0.0660489476309227,2.54E-5));
#14636=CARTESIAN_POINT('',(0.0214443291770573,-0.0629336571072319,2.54E-5));
#14637=CARTESIAN_POINT('',(0.0211765431842791,-0.0629336571072319,2.54E-5));
#14638=CARTESIAN_POINT('',(0.0208935118837141,-0.0630139579601752,2.54E-5));
#14639=CARTESIAN_POINT('',(0.0207259102639752,-0.0632251553769561,2.54E-5));
#14640=CARTESIAN_POINT('',(0.0207259102639752,-0.0632251553769561,2.54E-5));
#14641=CARTESIAN_POINT('',(0.0214443291770573,-0.0629336571072319,2.54E-5));
#14642=CARTESIAN_POINT('',(0.0218369476309227,-0.0629336571072319,2.54E-5));
#14643=CARTESIAN_POINT('',(0.0222295660847881,-0.0629336571072319,2.54E-5));
#14644=CARTESIAN_POINT('',(0.0222295660847881,-0.0629971571072319,2.54E-5));
#14645=CARTESIAN_POINT('',(0.0222930660847881,-0.0629971571072319,2.54E-5));
#14646=CARTESIAN_POINT('',(0.0222930660847881,-0.0645676309226933,2.54E-5));
#14647=CARTESIAN_POINT('',(0.0222930660847881,-0.0661381047381546,2.54E-5));
#14648=CARTESIAN_POINT('',(0.0222295660847881,-0.0661381047381546,2.54E-5));
#14649=CARTESIAN_POINT('',(0.0222295660847881,-0.0662016047381546,2.54E-5));
#14650=CARTESIAN_POINT('',(0.0219154713216957,-0.0662016047381546,2.54E-5));
#14651=CARTESIAN_POINT('',(0.0216013765586035,-0.0662016047381546,2.54E-5));
#14652=CARTESIAN_POINT('',(0.020776646452372,-0.0659147961634714,2.54E-5));
#14653=CARTESIAN_POINT('',(0.0209849336407992,-0.066129993353411,2.54E-5));
#14654=CARTESIAN_POINT('',(0.0213011423335094,-0.0662016047381546,2.54E-5));
#14655=CARTESIAN_POINT('',(0.0216013765586035,-0.0662016047381546,2.54E-5));
#14656=CARTESIAN_POINT('',(0.0207766464523721,-0.0659147961634714,2.54E-5));
#14657=CARTESIAN_POINT('',(0.020499891521197,-0.0649749725685786,2.54E-5));
#14658=CARTESIAN_POINT('',(0.020499891521197,-0.0653101549622177,2.54E-5));
#14659=CARTESIAN_POINT('',(0.0205409199269889,-0.0656712493268196,2.54E-5));
#14660=CARTESIAN_POINT('',(0.0207766464523721,-0.0659147961634715,2.54E-5));
#14661=CARTESIAN_POINT('',(0.020499891521197,-0.0649749725685786,2.54E-5));
#14662=CARTESIAN_POINT('',(0.020499891521197,-0.064551680798005,2.54E-5));
#14663=CARTESIAN_POINT('',(0.020499891521197,-0.0641283890274314,2.54E-5));
#14664=CARTESIAN_POINT('',(0.0207259102639752,-0.0632251553769561,2.54E-5));
#14665=CARTESIAN_POINT('',(0.0205291593807159,-0.0634730842356293,2.54E-5));
#14666=CARTESIAN_POINT('',(0.020499891521197,-0.0638117260287859,2.54E-5));
#14667=CARTESIAN_POINT('',(0.020499891521197,-0.0641283890274314,2.54E-5));
#14668=CARTESIAN_POINT('',(0.020626891521197,-0.0641283890274314,2.54E-5));
#14669=CARTESIAN_POINT('',(0.020626891521197,-0.0638403710682592,2.54E-5));
#14670=CARTESIAN_POINT('',(0.0206445853934628,-0.0635319380544663,2.54E-5));
#14671=CARTESIAN_POINT('',(0.0208253914816607,-0.0633041014808993,2.54E-5));
#14672=CARTESIAN_POINT('',(0.020626891521197,-0.0641283890274314,2.54E-5));
#14673=CARTESIAN_POINT('',(0.0208253914816608,-0.0633041014808992,2.54E-5));
#14674=CARTESIAN_POINT('',(0.020626891521197,-0.064551680798005,2.54E-5));
#14675=CARTESIAN_POINT('',(0.020626891521197,-0.0649749725685786,2.54E-5));
#14676=CARTESIAN_POINT('',(0.0208679021760568,-0.0658264706694464,2.54E-5));
#14677=CARTESIAN_POINT('',(0.0206574926118929,-0.0656090806932011,2.54E-5));
#14678=CARTESIAN_POINT('',(0.020626891521197,-0.0652776322438404,2.54E-5));
#14679=CARTESIAN_POINT('',(0.020626891521197,-0.0649749725685786,2.54E-5));
#14680=CARTESIAN_POINT('',(0.0208679021760568,-0.0658264706694463,2.54E-5));
#14681=CARTESIAN_POINT('',(0.0216013765586035,-0.0660746047381546,2.54E-5));
#14682=CARTESIAN_POINT('',(0.0213346504929853,-0.0660746047381546,2.54E-5));
#14683=CARTESIAN_POINT('',(0.0210516811969381,-0.0660163466246702,2.54E-5));
#14684=CARTESIAN_POINT('',(0.0208679021760569,-0.0658264706694464,2.54E-5));
#14685=CARTESIAN_POINT('',(0.0216013765586035,-0.0660746047381546,2.54E-5));
#14686=CARTESIAN_POINT('',(0.0219154713216957,-0.0660746047381546,2.54E-5));
#14687=CARTESIAN_POINT('',(0.0221660660847881,-0.0660746047381546,2.54E-5));
#14688=CARTESIAN_POINT('',(0.0221660660847881,-0.0645676309226933,2.54E-5));
#14689=CARTESIAN_POINT('',(0.0221660660847881,-0.0630606571072319,2.54E-5));
#14690=CARTESIAN_POINT('',(0.0218369476309227,-0.0630606571072319,2.54E-5));
#14691=CARTESIAN_POINT('',(0.0214443291770573,-0.0630606571072319,2.54E-5));
#14692=CARTESIAN_POINT('',(0.0208253914816607,-0.0633041014808993,2.54E-5));
#14693=CARTESIAN_POINT('',(0.020967818384664,-0.0631246271175772,2.54E-5));
#14694=CARTESIAN_POINT('',(0.0212133620805837,-0.0630606571072319,2.54E-5));
#14695=CARTESIAN_POINT('',(0.0214443291770573,-0.0630606571072319,2.54E-5));
#14696=CARTESIAN_POINT('',(0.0216013765586035,-0.0660746047381546,0.));
#14697=CARTESIAN_POINT('',(0.0216013765586035,-0.0660746047381546,2.54E-5));
#14698=CARTESIAN_POINT('',(0.0214334115056305,-0.0660746047381546,0.));
#14699=CARTESIAN_POINT('',(0.0214334115056305,-0.0660746047381546,2.54E-5));
#14700=CARTESIAN_POINT('',(0.0211404161181089,-0.0660272390137738,0.));
#14701=CARTESIAN_POINT('',(0.0211404161181089,-0.0660272390137738,2.54E-5));
#14702=CARTESIAN_POINT('',(0.0209541964403965,-0.0659156277766791,0.));
#14703=CARTESIAN_POINT('',(0.0209541964403965,-0.0659156277766791,2.54E-5));
#14704=CARTESIAN_POINT('',(0.0208679021760569,-0.0658264706694464,0.));
#14705=CARTESIAN_POINT('',(0.0208679021760569,-0.0658264706694464,2.54E-5));
#14706=CARTESIAN_POINT('',(0.0216013765586035,-0.0660746047381546,0.));
#14707=CARTESIAN_POINT('',(0.0213346504929853,-0.0660746047381546,0.));
#14708=CARTESIAN_POINT('',(0.0210516811969381,-0.0660163466246702,0.));
#14709=CARTESIAN_POINT('',(0.0208679021760569,-0.0658264706694464,0.));
#14710=CARTESIAN_POINT('',(0.0216013765586035,-0.0660746047381546,0.));
#14711=CARTESIAN_POINT('',(0.0208679021760568,-0.0658264706694463,0.));
#14712=CARTESIAN_POINT('',(0.0216013765586035,-0.0660746047381546,2.54E-5));
#14713=CARTESIAN_POINT('',(0.0208679021760569,-0.0658264706694463,0.));
#14714=CARTESIAN_POINT('',(0.0216013765586035,-0.0662016047381546,0.));
#14715=CARTESIAN_POINT('',(0.0216013765586035,-0.0662016047381546,2.54E-5));
#14716=CARTESIAN_POINT('',(0.0214225286439954,-0.0662016047381546,0.));
#14717=CARTESIAN_POINT('',(0.0214225286439954,-0.0662016047381546,2.54E-5));
#14718=CARTESIAN_POINT('',(0.021109010315806,-0.066159813355303,0.));
#14719=CARTESIAN_POINT('',(0.021109010315806,-0.066159813355303,2.54E-5));
#14720=CARTESIAN_POINT('',(0.0208629407167109,-0.0660039532707032,0.));
#14721=CARTESIAN_POINT('',(0.0208629407167109,-0.0660039532707032,2.54E-5));
#14722=CARTESIAN_POINT('',(0.020776646452372,-0.0659147961634714,0.));
#14723=CARTESIAN_POINT('',(0.020776646452372,-0.0659147961634714,2.54E-5));
#14724=CARTESIAN_POINT('',(0.0216013765586035,-0.0662016047381546,0.));
#14725=CARTESIAN_POINT('',(0.0207766464523721,-0.0659147961634714,2.54E-5));
#14726=CARTESIAN_POINT('',(0.0208679021760568,-0.0658264706694464,0.));
#14727=CARTESIAN_POINT('',(0.0208679021760568,-0.0658264706694464,2.54E-5));
#14728=CARTESIAN_POINT('',(0.0207125913915445,-0.0656660073944525,0.));
#14729=CARTESIAN_POINT('',(0.0207125913915445,-0.0656660073944525,2.54E-5));
#14730=CARTESIAN_POINT('',(0.020626891521197,-0.065393765586035,0.));
#14731=CARTESIAN_POINT('',(0.020626891521197,-0.065393765586035,2.54E-5));
#14732=CARTESIAN_POINT('',(0.020626891521197,-0.0649749725685786,0.));
#14733=CARTESIAN_POINT('',(0.020626891521197,-0.0649749725685786,2.54E-5));
#14734=CARTESIAN_POINT('',(0.0208679021760568,-0.0658264706694464,0.));
#14735=CARTESIAN_POINT('',(0.0206574926118929,-0.0656090806932011,0.));
#14736=CARTESIAN_POINT('',(0.020626891521197,-0.0652776322438404,0.));
#14737=CARTESIAN_POINT('',(0.020626891521197,-0.0649749725685786,0.));
#14738=CARTESIAN_POINT('',(0.020626891521197,-0.0649749725685786,0.));
#14739=CARTESIAN_POINT('',(0.020626891521197,-0.0649749725685786,0.));
#14740=CARTESIAN_POINT('',(0.0207766464523721,-0.0659147961634715,0.));
#14741=CARTESIAN_POINT('',(0.0207766464523721,-0.0659147961634715,2.54E-5));
#14742=CARTESIAN_POINT('',(0.0205867801795279,-0.0657186310095376,0.));
#14743=CARTESIAN_POINT('',(0.0205867801795279,-0.0657186310095376,2.54E-5));
#14744=CARTESIAN_POINT('',(0.020499891521197,-0.0653937655860348,0.));
#14745=CARTESIAN_POINT('',(0.020499891521197,-0.0653937655860348,2.54E-5));
#14746=CARTESIAN_POINT('',(0.020499891521197,-0.0649749725685786,0.));
#14747=CARTESIAN_POINT('',(0.020499891521197,-0.0649749725685786,2.54E-5));
#14748=CARTESIAN_POINT('',(0.020499891521197,-0.0649749725685786,2.54E-5));
#14749=CARTESIAN_POINT('',(0.020626891521197,-0.064551680798005,0.));
#14750=CARTESIAN_POINT('',(0.020626891521197,-0.064551680798005,0.));
#14751=CARTESIAN_POINT('',(0.020626891521197,-0.0641283890274314,0.));
#14752=CARTESIAN_POINT('',(0.020626891521197,-0.0641283890274314,0.));
#14753=CARTESIAN_POINT('',(0.020499891521197,-0.064551680798005,0.));
#14754=CARTESIAN_POINT('',(0.020499891521197,-0.0641283890274314,0.));
#14755=CARTESIAN_POINT('',(0.020626891521197,-0.0641283890274314,0.));
#14756=CARTESIAN_POINT('',(0.020626891521197,-0.0641283890274314,2.54E-5));
#14757=CARTESIAN_POINT('',(0.020626891521197,-0.0639333932534062,0.));
#14758=CARTESIAN_POINT('',(0.020626891521197,-0.0639333932534062,2.54E-5));
#14759=CARTESIAN_POINT('',(0.0206654785405033,-0.0635955896920773,0.));
#14760=CARTESIAN_POINT('',(0.0206654785405033,-0.0635955896920773,2.54E-5));
#14761=CARTESIAN_POINT('',(0.0207546383644534,-0.0633932585881315,0.));
#14762=CARTESIAN_POINT('',(0.0207546383644534,-0.0633932585881315,2.54E-5));
#14763=CARTESIAN_POINT('',(0.0208253914816607,-0.0633041014808993,0.));
#14764=CARTESIAN_POINT('',(0.0208253914816607,-0.0633041014808993,2.54E-5));
#14765=CARTESIAN_POINT('',(0.020626891521197,-0.0641283890274314,0.));
#14766=CARTESIAN_POINT('',(0.020626891521197,-0.0638403710682592,0.));
#14767=CARTESIAN_POINT('',(0.0206445853934628,-0.0635319380544663,0.));
#14768=CARTESIAN_POINT('',(0.0208253914816607,-0.0633041014808993,0.));
#14769=CARTESIAN_POINT('',(0.0208253914816608,-0.0633041014808992,0.));
#14770=CARTESIAN_POINT('',(0.0208253914816608,-0.0633041014808992,0.));
#14771=CARTESIAN_POINT('',(0.020499891521197,-0.0641283890274314,0.));
#14772=CARTESIAN_POINT('',(0.020499891521197,-0.0641283890274314,2.54E-5));
#14773=CARTESIAN_POINT('',(0.020499891521197,-0.0639258586169179,0.));
#14774=CARTESIAN_POINT('',(0.020499891521197,-0.0639258586169179,2.54E-5));
#14775=CARTESIAN_POINT('',(0.0205320576190978,-0.0635782157942069,0.));
#14776=CARTESIAN_POINT('',(0.0205320576190978,-0.0635782157942069,2.54E-5));
#14777=CARTESIAN_POINT('',(0.0206551571467683,-0.0633143124841878,0.));
#14778=CARTESIAN_POINT('',(0.0206551571467683,-0.0633143124841878,2.54E-5));
#14779=CARTESIAN_POINT('',(0.0207259102639752,-0.0632251553769561,0.));
#14780=CARTESIAN_POINT('',(0.0207259102639752,-0.0632251553769561,2.54E-5));
#14781=CARTESIAN_POINT('',(0.0207259102639752,-0.0632251553769561,2.54E-5));
#14782=CARTESIAN_POINT('',(0.0208253914816607,-0.0633041014808993,0.));
#14783=CARTESIAN_POINT('',(0.0208253914816607,-0.0633041014808993,2.54E-5));
#14784=CARTESIAN_POINT('',(0.0209531211607328,-0.0631431473188315,0.));
#14785=CARTESIAN_POINT('',(0.0209531211607328,-0.0631431473188315,2.54E-5));
#14786=CARTESIAN_POINT('',(0.0211400498753117,-0.0630606571072319,0.));
#14787=CARTESIAN_POINT('',(0.0211400498753117,-0.0630606571072319,2.54E-5));
#14788=CARTESIAN_POINT('',(0.0214443291770573,-0.0630606571072319,0.));
#14789=CARTESIAN_POINT('',(0.0214443291770573,-0.0630606571072319,2.54E-5));
#14790=CARTESIAN_POINT('',(0.0208253914816607,-0.0633041014808993,0.));
#14791=CARTESIAN_POINT('',(0.020967818384664,-0.0631246271175772,0.));
#14792=CARTESIAN_POINT('',(0.0212133620805837,-0.0630606571072319,0.));
#14793=CARTESIAN_POINT('',(0.0214443291770573,-0.0630606571072319,0.));
#14794=CARTESIAN_POINT('',(0.0214443291770573,-0.0630606571072319,0.));
#14795=CARTESIAN_POINT('',(0.0214443291770573,-0.0630606571072319,0.));
#14796=CARTESIAN_POINT('',(0.0207259102639752,-0.0632251553769561,0.));
#14797=CARTESIAN_POINT('',(0.0207259102639752,-0.0632251553769561,2.54E-5));
#14798=CARTESIAN_POINT('',(0.020881193053731,-0.0630294811100961,0.));
#14799=CARTESIAN_POINT('',(0.020881193053731,-0.0630294811100961,2.54E-5));
#14800=CARTESIAN_POINT('',(0.0211400498753118,-0.0629336571072319,0.));
#14801=CARTESIAN_POINT('',(0.0211400498753118,-0.0629336571072319,2.54E-5));
#14802=CARTESIAN_POINT('',(0.0214443291770573,-0.0629336571072319,0.));
#14803=CARTESIAN_POINT('',(0.0214443291770573,-0.0629336571072319,2.54E-5));
#14804=CARTESIAN_POINT('',(0.0214443291770573,-0.0629336571072319,2.54E-5));
#14805=CARTESIAN_POINT('',(0.0218369476309227,-0.0630606571072319,0.));
#14806=CARTESIAN_POINT('',(0.0221660660847881,-0.0630606571072319,0.));
#14807=CARTESIAN_POINT('',(0.0221660660847881,-0.0630606571072319,0.));
#14808=CARTESIAN_POINT('',(0.0218369476309227,-0.0630606571072319,0.));
#14809=CARTESIAN_POINT('',(0.0218369476309227,-0.0629336571072319,0.));
#14810=CARTESIAN_POINT('',(0.0222295660847881,-0.0629336571072319,0.));
#14811=CARTESIAN_POINT('',(0.0222295660847881,-0.0629971571072319,0.));
#14812=CARTESIAN_POINT('',(0.0222930660847881,-0.0629971571072319,2.54E-5));
#14813=CARTESIAN_POINT('',(0.0221660660847881,-0.0645676309226933,0.));
#14814=CARTESIAN_POINT('',(0.0221660660847881,-0.0660746047381546,0.));
#14815=CARTESIAN_POINT('',(0.0221660660847881,-0.0660746047381546,0.));
#14816=CARTESIAN_POINT('',(0.0221660660847881,-0.0645676309226933,0.));
#14817=CARTESIAN_POINT('',(0.0222930660847881,-0.0645676309226933,0.));
#14818=CARTESIAN_POINT('',(0.0222930660847881,-0.0661381047381546,0.));
#14819=CARTESIAN_POINT('',(0.0222295660847881,-0.0661381047381546,0.));
#14820=CARTESIAN_POINT('',(0.0222295660847881,-0.0662016047381546,2.54E-5));
#14821=CARTESIAN_POINT('',(0.0219154713216957,-0.0660746047381546,0.));
#14822=CARTESIAN_POINT('',(0.0219154713216957,-0.0660746047381546,0.));
#14823=CARTESIAN_POINT('',(0.0219154713216957,-0.0662016047381546,0.));
#14824=CARTESIAN_POINT('',(0.,0.,0.));
#14825=CARTESIAN_POINT('',(-0.0149661246882793,-0.0614901832917706,0.));
#14826=CARTESIAN_POINT('',(-0.0160826280634633,-0.0614901832917706,0.));
#14827=CARTESIAN_POINT('',(-0.0160826280634633,-0.0614901832917706,0.));
#14828=CARTESIAN_POINT('',(-0.0160826280634633,-0.0614901832917706,2.54E-5));
#14829=CARTESIAN_POINT('',(-0.0149661246882793,-0.0614901832917706,2.54E-5));
#14830=CARTESIAN_POINT('',(-0.0138496332091679,-0.0614901832917706,2.54E-5));
#14831=CARTESIAN_POINT('',(-0.0138496332091679,-0.0614901832917706,0.));
#14832=CARTESIAN_POINT('',(-0.0138496332091679,-0.0614901832917706,0.));
#14833=CARTESIAN_POINT('',(-0.0149661246882793,-0.0614901832917706,0.));
#14834=CARTESIAN_POINT('',(-0.0149661246882793,-0.0614266832917706,2.54E-5));
#14835=CARTESIAN_POINT('',(-0.0169696058886747,-0.0669335540547116,2.54E-5));
#14836=CARTESIAN_POINT('',(-0.0178532555627954,-0.0723565,2.54E-5));
#14837=CARTESIAN_POINT('',(-0.0170641795511222,-0.0723565,2.54E-5));
#14838=CARTESIAN_POINT('',(-0.0162554397322157,-0.0723565,2.54E-5));
#14839=CARTESIAN_POINT('',(-0.0161062248613279,-0.0713189903508581,2.54E-5));
#14840=CARTESIAN_POINT('',(-0.0159491774797818,-0.0702270202760452,2.54E-5));
#14841=CARTESIAN_POINT('',(-0.0158863241895262,-0.0702360598503741,2.54E-5));
#14842=CARTESIAN_POINT('',(-0.0158312451031091,-0.0702044600997506,2.54E-5));
#14843=CARTESIAN_POINT('',(-0.0149047780548628,-0.0702044600997506,2.54E-5));
#14844=CARTESIAN_POINT('',(-0.0139232319201995,-0.0702044600997506,2.54E-5));
#14845=CARTESIAN_POINT('',(-0.0139232319201995,-0.0702679600997506,2.54E-5));
#14846=CARTESIAN_POINT('',(-0.013860397642047,-0.0702587893043076,2.54E-5));
#14847=CARTESIAN_POINT('',(-0.0137033502605009,-0.0713348092544323,2.54E-5));
#14848=CARTESIAN_POINT('',(-0.0135542323409654,-0.0723565,2.54E-5));
#14849=CARTESIAN_POINT('',(-0.0128079501246883,-0.0723565,2.54E-5));
#14850=CARTESIAN_POINT('',(-0.0120814312269583,-0.0723565,2.54E-5));
#14851=CARTESIAN_POINT('',(-0.0129638726397445,-0.0669335404262245,2.54E-5));
#14852=CARTESIAN_POINT('',(-0.0149661246882793,-0.0613631832917706,2.54E-5));
#14853=CARTESIAN_POINT('',(-0.0137956309226933,-0.0613631832917706,2.54E-5));
#14854=CARTESIAN_POINT('',(-0.0161366184538653,-0.0613631832917706,2.54E-5));
#14855=CARTESIAN_POINT('',(-0.0137956309226933,-0.0614266832917706,2.54E-5));
#14856=CARTESIAN_POINT('',(-0.0137329552904301,-0.0614164845114313,2.54E-5));
#14857=CARTESIAN_POINT('',(-0.0128385213752181,-0.066913142865546,2.54E-5));
#14858=CARTESIAN_POINT('',(-0.0119440874600061,-0.0724098012196607,2.54E-5));
#14859=CARTESIAN_POINT('',(-0.0120067630922693,-0.07242,2.54E-5));
#14860=CARTESIAN_POINT('',(-0.0120067630922693,-0.0724835,2.54E-5));
#14861=CARTESIAN_POINT('',(-0.0128079501246883,-0.0724835,2.54E-5));
#14862=CARTESIAN_POINT('',(-0.0136091371571072,-0.0724835,2.54E-5));
#14863=CARTESIAN_POINT('',(-0.0136091371571072,-0.07242,2.54E-5));
#14864=CARTESIAN_POINT('',(-0.0136719714352597,-0.072429170795443,2.54E-5));
#14865=CARTESIAN_POINT('',(-0.0138290188168059,-0.0713531508453183,2.54E-5));
#14866=CARTESIAN_POINT('',(-0.0139781367363414,-0.0703314600997506,2.54E-5));
#14867=CARTESIAN_POINT('',(-0.0149047780548628,-0.0703314600997506,2.54E-5));
#14868=CARTESIAN_POINT('',(-0.0158358913109629,-0.0703314600997506,2.54E-5));
#14869=CARTESIAN_POINT('',(-0.0159805182808168,-0.0713370694995159,2.54E-5));
#14870=CARTESIAN_POINT('',(-0.0161375656623629,-0.0724290395743289,2.54E-5));
#14871=CARTESIAN_POINT('',(-0.0162004189526185,-0.07242,2.54E-5));
#14872=CARTESIAN_POINT('',(-0.0162004189526185,-0.0724835,2.54E-5));
#14873=CARTESIAN_POINT('',(-0.0170641795511222,-0.0724835,2.54E-5));
#14874=CARTESIAN_POINT('',(-0.017927940149626,-0.0724835,2.54E-5));
#14875=CARTESIAN_POINT('',(-0.017927940149626,-0.07242,2.54E-5));
#14876=CARTESIAN_POINT('',(-0.0179906135626969,-0.0724097875911737,2.54E-5));
#14877=CARTESIAN_POINT('',(-0.0170949527148166,-0.066913129237059,2.54E-5));
#14878=CARTESIAN_POINT('',(-0.0161992918669363,-0.0614164708829443,2.54E-5));
#14879=CARTESIAN_POINT('',(-0.0161366184538653,-0.0614266832917706,2.54E-5));
#14880=CARTESIAN_POINT('',(-0.0149661246882793,-0.0613631832917706,0.));
#14881=CARTESIAN_POINT('',(-0.0137956309226933,-0.0613631832917706,0.));
#14882=CARTESIAN_POINT('',(-0.0161366184538653,-0.0613631832917706,0.));
#14883=CARTESIAN_POINT('',(-0.0161366184538653,-0.0614266832917706,0.));
#14884=CARTESIAN_POINT('',(-0.0161992918669363,-0.0614164708829443,0.));
#14885=CARTESIAN_POINT('',(-0.0137956309226933,-0.0614266832917706,0.));
#14886=CARTESIAN_POINT('',(-0.0137329552904301,-0.0614164845114313,0.));
#14887=CARTESIAN_POINT('',(-0.0169696058886747,-0.0669335540547116,0.));
#14888=CARTESIAN_POINT('',(-0.0169696058886747,-0.0669335540547116,0.));
#14889=CARTESIAN_POINT('',(-0.0178532555627954,-0.0723565,0.));
#14890=CARTESIAN_POINT('',(-0.0178532555627954,-0.0723565,0.));
#14891=CARTESIAN_POINT('',(-0.0129638726397445,-0.0669335404262245,0.));
#14892=CARTESIAN_POINT('',(-0.0120814312269583,-0.0723565,0.));
#14893=CARTESIAN_POINT('',(-0.0120814312269583,-0.0723565,0.));
#14894=CARTESIAN_POINT('',(-0.0129638726397445,-0.0669335404262245,0.));
#14895=CARTESIAN_POINT('',(-0.0158863241895262,-0.0702360598503741,0.));
#14896=CARTESIAN_POINT('',(-0.0159491774797818,-0.0702270202760452,0.));
#14897=CARTESIAN_POINT('',(-0.0159491774797818,-0.0702270202760452,0.));
#14898=CARTESIAN_POINT('',(-0.0158863241895262,-0.0702360598503741,0.));
#14899=CARTESIAN_POINT('',(-0.0158312451031091,-0.0702044600997506,0.));
#14900=CARTESIAN_POINT('',(-0.0158312451031091,-0.0702044600997506,0.));
#14901=CARTESIAN_POINT('',(-0.0170641795511222,-0.0723565,0.));
#14902=CARTESIAN_POINT('',(-0.0162554397322157,-0.0723565,0.));
#14903=CARTESIAN_POINT('',(-0.0162554397322157,-0.0723565,0.));
#14904=CARTESIAN_POINT('',(-0.0170641795511222,-0.0723565,0.));
#14905=CARTESIAN_POINT('',(-0.0170949527148166,-0.066913129237059,0.));
#14906=CARTESIAN_POINT('',(-0.0179906135626969,-0.0724097875911737,0.));
#14907=CARTESIAN_POINT('',(-0.017927940149626,-0.07242,0.));
#14908=CARTESIAN_POINT('',(-0.017927940149626,-0.0724835,0.));
#14909=CARTESIAN_POINT('',(-0.0170641795511222,-0.0724835,0.));
#14910=CARTESIAN_POINT('',(-0.0162004189526185,-0.0724835,0.));
#14911=CARTESIAN_POINT('',(-0.0162004189526185,-0.07242,0.));
#14912=CARTESIAN_POINT('',(-0.0161375656623629,-0.0724290395743289,0.));
#14913=CARTESIAN_POINT('',(-0.0161062248613279,-0.0713189903508581,0.));
#14914=CARTESIAN_POINT('',(-0.0161062248613279,-0.0713189903508581,0.));
#14915=CARTESIAN_POINT('',(-0.0159805182808168,-0.0713370694995159,0.));
#14916=CARTESIAN_POINT('',(-0.0158358913109629,-0.0703314600997506,0.));
#14917=CARTESIAN_POINT('',(-0.0137033502605009,-0.0713348092544323,0.));
#14918=CARTESIAN_POINT('',(-0.0135542323409654,-0.0723565,0.));
#14919=CARTESIAN_POINT('',(-0.0135542323409654,-0.0723565,0.));
#14920=CARTESIAN_POINT('',(-0.013860397642047,-0.0702587893043076,2.54E-5));
#14921=CARTESIAN_POINT('',(-0.013860397642047,-0.0702587893043076,0.));
#14922=CARTESIAN_POINT('',(-0.0137033502605009,-0.0713348092544323,0.));
#14923=CARTESIAN_POINT('',(-0.0149047780548628,-0.0703314600997506,0.));
#14924=CARTESIAN_POINT('',(-0.0139781367363414,-0.0703314600997506,0.));
#14925=CARTESIAN_POINT('',(-0.0149047780548628,-0.0702044600997506,0.));
#14926=CARTESIAN_POINT('',(-0.0149047780548628,-0.0702044600997506,0.));
#14927=CARTESIAN_POINT('',(-0.0139232319201995,-0.0702044600997506,0.));
#14928=CARTESIAN_POINT('',(-0.0139232319201995,-0.0702044600997506,0.));
#14929=CARTESIAN_POINT('',(-0.0139232319201995,-0.0702679600997506,0.));
#14930=CARTESIAN_POINT('',(-0.0139232319201995,-0.0702679600997506,0.));
#14931=CARTESIAN_POINT('',(-0.0138290188168059,-0.0713531508453183,0.));
#14932=CARTESIAN_POINT('',(-0.0136719714352597,-0.072429170795443,0.));
#14933=CARTESIAN_POINT('',(-0.0136091371571072,-0.07242,0.));
#14934=CARTESIAN_POINT('',(-0.0136091371571072,-0.0724835,0.));
#14935=CARTESIAN_POINT('',(-0.0128079501246883,-0.0723565,0.));
#14936=CARTESIAN_POINT('',(-0.0128079501246883,-0.0723565,0.));
#14937=CARTESIAN_POINT('',(-0.0128079501246883,-0.0724835,0.));
#14938=CARTESIAN_POINT('',(-0.0120067630922693,-0.0724835,0.));
#14939=CARTESIAN_POINT('',(-0.0120067630922693,-0.07242,0.));
#14940=CARTESIAN_POINT('',(-0.0119440874600061,-0.0724098012196607,0.));
#14941=CARTESIAN_POINT('',(-0.0128385213752181,-0.066913142865546,0.));
#14942=CARTESIAN_POINT('',(0.,0.,0.));
#14943=CARTESIAN_POINT('',(-0.0153590443658125,-0.0660506922446749,0.));
#14944=CARTESIAN_POINT('',(-0.0157430742909996,-0.0687671211723557,0.));
#14945=CARTESIAN_POINT('',(-0.0149750144406255,-0.0633342633169941,0.));
#14946=CARTESIAN_POINT('',(-0.0156801995012469,-0.0687760099750623,0.));
#14947=CARTESIAN_POINT('',(-0.0156801995012469,-0.0688395099750623,0.));
#14948=CARTESIAN_POINT('',(-0.0149035511221945,-0.0688395099750623,0.));
#14949=CARTESIAN_POINT('',(-0.0141269027431422,-0.0688395099750623,0.));
#14950=CARTESIAN_POINT('',(-0.0141269027431422,-0.0687760099750623,0.));
#14951=CARTESIAN_POINT('',(-0.0140640045498077,-0.0687672883195277,0.));
#14952=CARTESIAN_POINT('',(-0.0144406728789848,-0.0660508593918469,0.));
#14953=CARTESIAN_POINT('',(-0.0148173412081618,-0.0633344304641661,0.));
#14954=CARTESIAN_POINT('',(-0.0148802394014963,-0.0633431521197007,0.));
#14955=CARTESIAN_POINT('',(-0.0148802394014963,-0.0632796521197007,0.));
#14956=CARTESIAN_POINT('',(-0.0148961895261845,-0.0632796521197007,0.));
#14957=CARTESIAN_POINT('',(-0.0149121396508728,-0.0632796521197007,0.));
#14958=CARTESIAN_POINT('',(-0.0149121396508728,-0.0633431521197007,0.));
#14959=CARTESIAN_POINT('',(-0.0200775261845387,-0.0614901832917706,0.));
#14960=CARTESIAN_POINT('',(-0.0188208466334165,-0.0614901832917706,0.));
#14961=CARTESIAN_POINT('',(-0.0188208466334165,-0.0614901832917706,2.54E-5));
#14962=CARTESIAN_POINT('',(-0.0188208466334165,-0.0614901832917706,0.));
#14963=CARTESIAN_POINT('',(-0.0200775261845387,-0.0614901832917706,0.));
#14964=CARTESIAN_POINT('',(-0.0213977057356609,-0.0614901832917706,0.));
#14965=CARTESIAN_POINT('',(-0.0213977057356609,-0.0614901832917706,0.));
#14966=CARTESIAN_POINT('',(-0.0213977057356609,-0.0614901832917706,2.54E-5));
#14967=CARTESIAN_POINT('',(-0.0200775261845387,-0.0614901832917706,2.54E-5));
#14968=CARTESIAN_POINT('',(-0.0200775261845387,-0.0614266832917706,2.54E-5));
#14969=CARTESIAN_POINT('',(-0.0232812296162946,-0.0716859302763093,2.54E-5));
#14970=CARTESIAN_POINT('',(-0.0237676200459719,-0.0711643344441041,2.54E-5));
#14971=CARTESIAN_POINT('',(-0.0239083104738155,-0.0704151983152591,2.54E-5));
#14972=CARTESIAN_POINT('',(-0.0239083104738155,-0.0697035710723192,2.54E-5));
#14973=CARTESIAN_POINT('',(-0.0239083104738155,-0.0697035710723192,2.54E-5));
#14974=CARTESIAN_POINT('',(-0.0232812296162946,-0.0716859302763093,2.54E-5));
#14975=CARTESIAN_POINT('',(-0.0213977057356609,-0.0723565,2.54E-5));
#14976=CARTESIAN_POINT('',(-0.0217425716428316,-0.0723565,2.54E-5));
#14977=CARTESIAN_POINT('',(-0.0224353109310299,-0.0722868795215388,2.54E-5));
#14978=CARTESIAN_POINT('',(-0.0230477968225556,-0.0719362591579761,2.54E-5));
#14979=CARTESIAN_POINT('',(-0.0232812296162946,-0.0716859302763093,2.54E-5));
#14980=CARTESIAN_POINT('',(-0.0213977057356609,-0.0723565,2.54E-5));
#14981=CARTESIAN_POINT('',(-0.0200775261845387,-0.0723565,2.54E-5));
#14982=CARTESIAN_POINT('',(-0.0188208466334165,-0.0723565,2.54E-5));
#14983=CARTESIAN_POINT('',(-0.0188208466334165,-0.0669233416458853,2.54E-5));
#14984=CARTESIAN_POINT('',(-0.0232812296162946,-0.0621607530154613,2.54E-5));
#14985=CARTESIAN_POINT('',(-0.0228112846611108,-0.0616567929968556,2.54E-5));
#14986=CARTESIAN_POINT('',(-0.0220851715756707,-0.0614901832917706,2.54E-5));
#14987=CARTESIAN_POINT('',(-0.0213977057356609,-0.0614901832917706,2.54E-5));
#14988=CARTESIAN_POINT('',(-0.0232812296162946,-0.0621607530154613,2.54E-5));
#14989=CARTESIAN_POINT('',(-0.0239083104738155,-0.0641431122194514,2.54E-5));
#14990=CARTESIAN_POINT('',(-0.0239083104738155,-0.0637869437391515,2.54E-5));
#14991=CARTESIAN_POINT('',(-0.0238439261619234,-0.0630735631430127,2.54E-5));
#14992=CARTESIAN_POINT('',(-0.023524302962725,-0.0624214202422047,2.54E-5));
#14993=CARTESIAN_POINT('',(-0.0232812296162946,-0.0621607530154613,2.54E-5));
#14994=CARTESIAN_POINT('',(-0.0239083104738155,-0.0641431122194514,2.54E-5));
#14995=CARTESIAN_POINT('',(-0.0239083104738155,-0.0669233416458853,2.54E-5));
#14996=CARTESIAN_POINT('',(-0.0240353104738155,-0.0669233416458853,2.54E-5));
#14997=CARTESIAN_POINT('',(-0.0240353104738155,-0.0641431122194514,2.54E-5));
#14998=CARTESIAN_POINT('',(-0.0240353104738155,-0.0697035710723192,2.54E-5));
#14999=CARTESIAN_POINT('',(-0.0233741120295907,-0.0620741397526185,2.54E-5));
#15000=CARTESIAN_POINT('',(-0.0238836797761141,-0.0626205904979378,2.54E-5));
#15001=CARTESIAN_POINT('',(-0.0240353104738155,-0.0633993073753172,2.54E-5));
#15002=CARTESIAN_POINT('',(-0.0240353104738155,-0.0641431122194514,2.54E-5));
#15003=CARTESIAN_POINT('',(-0.0233741120295907,-0.0620741397526185,2.54E-5));
#15004=CARTESIAN_POINT('',(-0.0213977057356609,-0.0613631832917706,2.54E-5));
#15005=CARTESIAN_POINT('',(-0.0217601017000973,-0.0613631832917706,2.54E-5));
#15006=CARTESIAN_POINT('',(-0.0224877918522885,-0.0614388325010604,2.54E-5));
#15007=CARTESIAN_POINT('',(-0.0231287719343859,-0.061811041707666,2.54E-5));
#15008=CARTESIAN_POINT('',(-0.0233741120295907,-0.0620741397526185,2.54E-5));
#15009=CARTESIAN_POINT('',(-0.0213977057356609,-0.0613631832917706,2.54E-5));
#15010=CARTESIAN_POINT('',(-0.0200775261845387,-0.0613631832917706,2.54E-5));
#15011=CARTESIAN_POINT('',(-0.0187573466334165,-0.0613631832917706,2.54E-5));
#15012=CARTESIAN_POINT('',(-0.0187573466334165,-0.0614266832917706,2.54E-5));
#15013=CARTESIAN_POINT('',(-0.0186938466334165,-0.0614266832917706,2.54E-5));
#15014=CARTESIAN_POINT('',(-0.0186938466334165,-0.0669233416458853,2.54E-5));
#15015=CARTESIAN_POINT('',(-0.0186938466334165,-0.07242,2.54E-5));
#15016=CARTESIAN_POINT('',(-0.0187573466334165,-0.07242,2.54E-5));
#15017=CARTESIAN_POINT('',(-0.0187573466334165,-0.0724835,2.54E-5));
#15018=CARTESIAN_POINT('',(-0.0200775261845387,-0.0724835,2.54E-5));
#15019=CARTESIAN_POINT('',(-0.0213977057356609,-0.0724835,2.54E-5));
#15020=CARTESIAN_POINT('',(-0.0233741120295907,-0.0717725435391521,2.54E-5));
#15021=CARTESIAN_POINT('',(-0.0228801043717173,-0.0723023079417859,2.54E-5));
#15022=CARTESIAN_POINT('',(-0.0221211875479733,-0.0724835,2.54E-5));
#15023=CARTESIAN_POINT('',(-0.0213977057356609,-0.0724835,2.54E-5));
#15024=CARTESIAN_POINT('',(-0.0233741120295907,-0.0717725435391521,2.54E-5));
#15025=CARTESIAN_POINT('',(-0.0240353104738155,-0.0697035710723192,2.54E-5));
#15026=CARTESIAN_POINT('',(-0.0240353104738155,-0.0700757795519053,2.54E-5));
#15027=CARTESIAN_POINT('',(-0.0239661747187009,-0.0708208419968328,2.54E-5));
#15028=CARTESIAN_POINT('',(-0.0236281895136645,-0.0715000756848031,2.54E-5));
#15029=CARTESIAN_POINT('',(-0.0233741120295907,-0.0717725435391522,2.54E-5));
#15030=CARTESIAN_POINT('',(-0.0200775261845387,-0.0613631832917706,0.));
#15031=CARTESIAN_POINT('',(-0.0187573466334165,-0.0613631832917706,0.));
#15032=CARTESIAN_POINT('',(-0.0213977057356609,-0.0613631832917706,0.));
#15033=CARTESIAN_POINT('',(-0.0187573466334165,-0.0614266832917706,0.));
#15034=CARTESIAN_POINT('',(-0.0186938466334165,-0.0614266832917706,0.));
#15035=CARTESIAN_POINT('',(-0.0213977057356609,-0.0613631832917706,0.));
#15036=CARTESIAN_POINT('',(-0.0213977057356609,-0.0613631832917706,2.54E-5));
#15037=CARTESIAN_POINT('',(-0.0218319997265504,-0.0613631832917706,0.));
#15038=CARTESIAN_POINT('',(-0.0218319997265504,-0.0613631832917706,2.54E-5));
#15039=CARTESIAN_POINT('',(-0.0225933167567503,-0.0614756418313976,0.));
#15040=CARTESIAN_POINT('',(-0.0225933167567503,-0.0614756418313976,2.54E-5));
#15041=CARTESIAN_POINT('',(-0.0231593988126315,-0.0618438853885274,0.));
#15042=CARTESIAN_POINT('',(-0.0231593988126315,-0.0618438853885274,2.54E-5));
#15043=CARTESIAN_POINT('',(-0.0233741120295907,-0.0620741397526185,0.));
#15044=CARTESIAN_POINT('',(-0.0233741120295907,-0.0620741397526185,2.54E-5));
#15045=CARTESIAN_POINT('',(-0.0233741120295907,-0.0620741397526185,0.));
#15046=CARTESIAN_POINT('',(-0.0213977057356609,-0.0614901832917706,0.));
#15047=CARTESIAN_POINT('',(-0.0213977057356609,-0.0614901832917706,2.54E-5));
#15048=CARTESIAN_POINT('',(-0.0218206287023774,-0.0614901832917706,0.));
#15049=CARTESIAN_POINT('',(-0.0218206287023774,-0.0614901832917706,2.54E-5));
#15050=CARTESIAN_POINT('',(-0.0225598503255451,-0.0616079791162339,0.));
#15051=CARTESIAN_POINT('',(-0.0225598503255451,-0.0616079791162339,2.54E-5));
#15052=CARTESIAN_POINT('',(-0.0230665163993371,-0.0619304986513721,0.));
#15053=CARTESIAN_POINT('',(-0.0230665163993371,-0.0619304986513721,2.54E-5));
#15054=CARTESIAN_POINT('',(-0.0232812296162946,-0.0621607530154613,0.));
#15055=CARTESIAN_POINT('',(-0.0232812296162946,-0.0621607530154613,2.54E-5));
#15056=CARTESIAN_POINT('',(-0.0232812296162946,-0.0621607530154613,0.));
#15057=CARTESIAN_POINT('',(-0.0228112846611108,-0.0616567929968556,0.));
#15058=CARTESIAN_POINT('',(-0.0220851715756707,-0.0614901832917706,0.));
#15059=CARTESIAN_POINT('',(-0.0213977057356609,-0.0614901832917706,0.));
#15060=CARTESIAN_POINT('',(-0.0232812296162946,-0.0621607530154613,0.));
#15061=CARTESIAN_POINT('',(-0.0232812296162946,-0.0621607530154613,2.54E-5));
#15062=CARTESIAN_POINT('',(-0.0233741120295907,-0.0620741397526185,0.));
#15063=CARTESIAN_POINT('',(-0.0233741120295907,-0.0620741397526185,2.54E-5));
#15064=CARTESIAN_POINT('',(-0.023817452851135,-0.0625495700050554,0.));
#15065=CARTESIAN_POINT('',(-0.023817452851135,-0.0625495700050554,2.54E-5));
#15066=CARTESIAN_POINT('',(-0.0240353104738155,-0.0632531770573566,0.));
#15067=CARTESIAN_POINT('',(-0.0240353104738155,-0.0632531770573566,2.54E-5));
#15068=CARTESIAN_POINT('',(-0.0240353104738155,-0.0641431122194514,0.));
#15069=CARTESIAN_POINT('',(-0.0240353104738155,-0.0641431122194514,2.54E-5));
#15070=CARTESIAN_POINT('',(-0.0240353104738155,-0.0641431122194514,0.));
#15071=CARTESIAN_POINT('',(-0.0232812296162946,-0.0621607530154613,0.));
#15072=CARTESIAN_POINT('',(-0.0232812296162946,-0.0621607530154613,2.54E-5));
#15073=CARTESIAN_POINT('',(-0.0236967416625808,-0.0626063402193834,0.));
#15074=CARTESIAN_POINT('',(-0.0236967416625808,-0.0626063402193834,2.54E-5));
#15075=CARTESIAN_POINT('',(-0.0239083104738155,-0.0632531770573566,0.));
#15076=CARTESIAN_POINT('',(-0.0239083104738155,-0.0632531770573566,2.54E-5));
#15077=CARTESIAN_POINT('',(-0.0239083104738155,-0.0641431122194514,0.));
#15078=CARTESIAN_POINT('',(-0.0239083104738155,-0.0641431122194514,2.54E-5));
#15079=CARTESIAN_POINT('',(-0.0239083104738155,-0.0641431122194514,0.));
#15080=CARTESIAN_POINT('',(-0.0239083104738155,-0.0637869437391515,0.));
#15081=CARTESIAN_POINT('',(-0.0238439261619234,-0.0630735631430127,0.));
#15082=CARTESIAN_POINT('',(-0.023524302962725,-0.0624214202422047,0.));
#15083=CARTESIAN_POINT('',(-0.0232812296162946,-0.0621607530154613,0.));
#15084=CARTESIAN_POINT('',(-0.0239083104738155,-0.0641431122194514,0.));
#15085=CARTESIAN_POINT('',(-0.0239083104738155,-0.0641431122194514,2.54E-5));
#15086=CARTESIAN_POINT('',(-0.0240353104738155,-0.0669233416458853,0.));
#15087=CARTESIAN_POINT('',(-0.0240353104738155,-0.0697035710723192,0.));
#15088=CARTESIAN_POINT('',(-0.0239083104738155,-0.0669233416458853,0.));
#15089=CARTESIAN_POINT('',(-0.0239083104738155,-0.0669233416458853,0.));
#15090=CARTESIAN_POINT('',(-0.0239083104738155,-0.0697035710723192,0.));
#15091=CARTESIAN_POINT('',(-0.0239083104738155,-0.0697035710723192,0.));
#15092=CARTESIAN_POINT('',(-0.0188208466334165,-0.0669233416458853,0.));
#15093=CARTESIAN_POINT('',(-0.0188208466334165,-0.0723565,0.));
#15094=CARTESIAN_POINT('',(-0.0188208466334165,-0.0723565,0.));
#15095=CARTESIAN_POINT('',(-0.0188208466334165,-0.0669233416458853,0.));
#15096=CARTESIAN_POINT('',(-0.0240353104738155,-0.0697035710723192,0.));
#15097=CARTESIAN_POINT('',(-0.0240353104738155,-0.0697035710723192,2.54E-5));
#15098=CARTESIAN_POINT('',(-0.0240353104738155,-0.0706037199292669,0.));
#15099=CARTESIAN_POINT('',(-0.0240353104738155,-0.0706037199292669,2.54E-5));
#15100=CARTESIAN_POINT('',(-0.0238035384635054,-0.0713120348109742,0.));
#15101=CARTESIAN_POINT('',(-0.0238035384635054,-0.0713120348109742,2.54E-5));
#15102=CARTESIAN_POINT('',(-0.0233741120295907,-0.0717725435391522,0.));
#15103=CARTESIAN_POINT('',(-0.0233741120295907,-0.0717725435391522,2.54E-5));
#15104=CARTESIAN_POINT('',(-0.0233741120295907,-0.0717725435391521,0.));
#15105=CARTESIAN_POINT('',(-0.0239083104738155,-0.0697035710723192,0.));
#15106=CARTESIAN_POINT('',(-0.0239083104738155,-0.0697035710723192,2.54E-5));
#15107=CARTESIAN_POINT('',(-0.0239083104738155,-0.0705832925395612,0.));
#15108=CARTESIAN_POINT('',(-0.0239083104738155,-0.0705832925395612,2.54E-5));
#15109=CARTESIAN_POINT('',(-0.0237106560502134,-0.0712254215481268,0.));
#15110=CARTESIAN_POINT('',(-0.0237106560502134,-0.0712254215481268,2.54E-5));
#15111=CARTESIAN_POINT('',(-0.0232812296162946,-0.0716859302763093,0.));
#15112=CARTESIAN_POINT('',(-0.0232812296162946,-0.0716859302763093,2.54E-5));
#15113=CARTESIAN_POINT('',(-0.0232812296162946,-0.0716859302763093,0.));
#15114=CARTESIAN_POINT('',(-0.0237676200459719,-0.0711643344441041,0.));
#15115=CARTESIAN_POINT('',(-0.0239083104738155,-0.070415198315259,0.));
#15116=CARTESIAN_POINT('',(-0.0239083104738155,-0.0697035710723192,0.));
#15117=CARTESIAN_POINT('',(-0.0232812296162946,-0.0716859302763093,0.));
#15118=CARTESIAN_POINT('',(-0.0232812296162946,-0.0716859302763093,2.54E-5));
#15119=CARTESIAN_POINT('',(-0.0233741120295907,-0.0717725435391521,0.));
#15120=CARTESIAN_POINT('',(-0.0233741120295907,-0.0717725435391521,2.54E-5));
#15121=CARTESIAN_POINT('',(-0.0229303126568688,-0.0722484655331378,0.));
#15122=CARTESIAN_POINT('',(-0.0229303126568688,-0.0722484655331378,2.54E-5));
#15123=CARTESIAN_POINT('',(-0.0222549226932667,-0.0724835,0.));
#15124=CARTESIAN_POINT('',(-0.0222549226932667,-0.0724835,2.54E-5));
#15125=CARTESIAN_POINT('',(-0.0213977057356609,-0.0724835,0.));
#15126=CARTESIAN_POINT('',(-0.0213977057356609,-0.0724835,2.54E-5));
#15127=CARTESIAN_POINT('',(-0.0213977057356609,-0.0724835,0.));
#15128=CARTESIAN_POINT('',(-0.0232812296162946,-0.0716859302763093,0.));
#15129=CARTESIAN_POINT('',(-0.0232812296162946,-0.0716859302763093,2.54E-5));
#15130=CARTESIAN_POINT('',(-0.0228661761211861,-0.0721310257386827,0.));
#15131=CARTESIAN_POINT('',(-0.0228661761211861,-0.0721310257386827,2.54E-5));
#15132=CARTESIAN_POINT('',(-0.0222549226932668,-0.0723565,0.));
#15133=CARTESIAN_POINT('',(-0.0222549226932668,-0.0723565,2.54E-5));
#15134=CARTESIAN_POINT('',(-0.0213977057356609,-0.0723565,0.));
#15135=CARTESIAN_POINT('',(-0.0213977057356609,-0.0723565,2.54E-5));
#15136=CARTESIAN_POINT('',(-0.0213977057356609,-0.0723565,0.));
#15137=CARTESIAN_POINT('',(-0.0217425716428316,-0.0723565,0.));
#15138=CARTESIAN_POINT('',(-0.0224353109310299,-0.0722868795215388,0.));
#15139=CARTESIAN_POINT('',(-0.0230477968225556,-0.0719362591579761,0.));
#15140=CARTESIAN_POINT('',(-0.0232812296162946,-0.0716859302763093,0.));
#15141=CARTESIAN_POINT('',(-0.0213977057356609,-0.0723565,0.));
#15142=CARTESIAN_POINT('',(-0.0213977057356609,-0.0723565,2.54E-5));
#15143=CARTESIAN_POINT('',(-0.0200775261845387,-0.0723565,0.));
#15144=CARTESIAN_POINT('',(-0.0200775261845387,-0.0723565,0.));
#15145=CARTESIAN_POINT('',(-0.0200775261845387,-0.0724835,0.));
#15146=CARTESIAN_POINT('',(-0.0187573466334165,-0.0724835,0.));
#15147=CARTESIAN_POINT('',(-0.0187573466334165,-0.07242,0.));
#15148=CARTESIAN_POINT('',(-0.0186938466334165,-0.07242,0.));
#15149=CARTESIAN_POINT('',(-0.0186938466334165,-0.0669233416458853,0.));
#15150=CARTESIAN_POINT('',(-0.0152961695760599,-0.0660595810473815,2.54E-5));
#15151=CARTESIAN_POINT('',(-0.0149035511221945,-0.0687125099750623,2.54E-5));
#15152=CARTESIAN_POINT('',(-0.0141998154117472,-0.0687125099750623,2.54E-5));
#15153=CARTESIAN_POINT('',(-0.0156070908834693,-0.0687125099750623,2.54E-5));
#15154=CARTESIAN_POINT('',(-0.0145664692656536,-0.0660683027029162,2.54E-5));
#15155=CARTESIAN_POINT('',(-0.0148966437501644,-0.0636871746615257,2.54E-5));
#15156=CARTESIAN_POINT('',(-0.0152332947863072,-0.0660684698500882,2.54E-5));
#15157=CARTESIAN_POINT('',(-0.0148802394014963,-0.0633431521197007,2.54E-5));
#15158=CARTESIAN_POINT('',(-0.0148173412081618,-0.0633344304641661,2.54E-5));
#15159=CARTESIAN_POINT('',(-0.0148802394014963,-0.0632796521197007,2.54E-5));
#15160=CARTESIAN_POINT('',(-0.0144406728789848,-0.0660508593918469,2.54E-5));
#15161=CARTESIAN_POINT('',(-0.0140640045498077,-0.0687672883195277,2.54E-5));
#15162=CARTESIAN_POINT('',(-0.0141269027431422,-0.0687760099750623,2.54E-5));
#15163=CARTESIAN_POINT('',(-0.0141269027431422,-0.0688395099750623,2.54E-5));
#15164=CARTESIAN_POINT('',(-0.0149035511221945,-0.0688395099750623,2.54E-5));
#15165=CARTESIAN_POINT('',(-0.0156801995012469,-0.0688395099750623,2.54E-5));
#15166=CARTESIAN_POINT('',(-0.0156801995012469,-0.0687760099750623,2.54E-5));
#15167=CARTESIAN_POINT('',(-0.0157430742909996,-0.0687671211723557,2.54E-5));
#15168=CARTESIAN_POINT('',(-0.0153590443658125,-0.0660506922446749,2.54E-5));
#15169=CARTESIAN_POINT('',(-0.0149750144406255,-0.0633342633169941,2.54E-5));
#15170=CARTESIAN_POINT('',(-0.0149121396508728,-0.0633431521197007,2.54E-5));
#15171=CARTESIAN_POINT('',(-0.0149121396508728,-0.0632796521197007,2.54E-5));
#15172=CARTESIAN_POINT('',(-0.0148961895261845,-0.0632796521197007,2.54E-5));
#15173=CARTESIAN_POINT('',(-0.0152332947863072,-0.0660684698500882,0.));
#15174=CARTESIAN_POINT('',(-0.0148966437501644,-0.0636871746615257,0.));
#15175=CARTESIAN_POINT('',(-0.0148966437501644,-0.0636871746615257,0.));
#15176=CARTESIAN_POINT('',(-0.0152332947863072,-0.0660684698500882,0.));
#15177=CARTESIAN_POINT('',(-0.0156070908834693,-0.0687125099750623,0.));
#15178=CARTESIAN_POINT('',(-0.0156070908834693,-0.0687125099750623,0.));
#15179=CARTESIAN_POINT('',(-0.0153590443658125,-0.0660506922446749,0.));
#15180=CARTESIAN_POINT('',(-0.0157430742909996,-0.0687671211723557,2.54E-5));
#15181=CARTESIAN_POINT('',(-0.0149750144406255,-0.0633342633169941,0.));
#15182=CARTESIAN_POINT('',(-0.0149121396508728,-0.0633431521197007,0.));
#15183=CARTESIAN_POINT('',(-0.0149121396508728,-0.0632796521197007,2.54E-5));
#15184=CARTESIAN_POINT('',(-0.0156801995012469,-0.0687760099750623,0.));
#15185=CARTESIAN_POINT('',(-0.0156801995012469,-0.0688395099750623,0.));
#15186=CARTESIAN_POINT('',(-0.0148961895261845,-0.0632796521197007,0.));
#15187=CARTESIAN_POINT('',(-0.0148802394014963,-0.0632796521197007,0.));
#15188=CARTESIAN_POINT('',(-0.0148802394014963,-0.0633431521197007,0.));
#15189=CARTESIAN_POINT('',(-0.0148173412081618,-0.0633344304641661,2.54E-5));
#15190=CARTESIAN_POINT('',(-0.0145664692656536,-0.0660683027029162,0.));
#15191=CARTESIAN_POINT('',(-0.0141998154117472,-0.0687125099750623,0.));
#15192=CARTESIAN_POINT('',(-0.0141998154117472,-0.0687125099750623,0.));
#15193=CARTESIAN_POINT('',(-0.0145664692656536,-0.0660683027029162,0.));
#15194=CARTESIAN_POINT('',(-0.0144406728789848,-0.0660508593918469,0.));
#15195=CARTESIAN_POINT('',(-0.0140640045498077,-0.0687672883195277,0.));
#15196=CARTESIAN_POINT('',(-0.0141269027431422,-0.0687760099750623,0.));
#15197=CARTESIAN_POINT('',(-0.0141269027431422,-0.0688395099750623,2.54E-5));
#15198=CARTESIAN_POINT('',(-0.0149035511221945,-0.0687125099750623,0.));
#15199=CARTESIAN_POINT('',(-0.0149035511221945,-0.0687125099750623,0.));
#15200=CARTESIAN_POINT('',(-0.0149035511221945,-0.0688395099750623,0.));
#15201=CARTESIAN_POINT('',(0.,0.,0.));
#15202=CARTESIAN_POINT('',(-0.001543072319202,-0.0723361596009975,2.54E-5));
#15203=CARTESIAN_POINT('',(-0.000715050538997838,-0.0620356797295476,2.54E-5));
#15204=CARTESIAN_POINT('',(-0.000222046843621475,-0.062562683679777,2.54E-5));
#15205=CARTESIAN_POINT('',(-5.61384039900321E-5,-0.0633122207163208,2.54E-5));
#15206=CARTESIAN_POINT('',(-5.61384039900321E-5,-0.0640326882793017,2.54E-5));
#15207=CARTESIAN_POINT('',(-5.61384039900321E-5,-0.0640326882793017,2.54E-5));
#15208=CARTESIAN_POINT('',(-0.000715050538997858,-0.0620356797295476,2.54E-5));
#15209=CARTESIAN_POINT('',(-0.00261582044887781,-0.0613331359102244,2.54E-5));
#15210=CARTESIAN_POINT('',(-0.00226615128228219,-0.0613331359102244,2.54E-5));
#15211=CARTESIAN_POINT('',(-0.00156340317093868,-0.0614121033855414,2.54E-5));
#15212=CARTESIAN_POINT('',(-0.00095242033790113,-0.0617819395996854,2.54E-5));
#15213=CARTESIAN_POINT('',(-0.000715050538997857,-0.0620356797295476,2.54E-5));
#15214=CARTESIAN_POINT('',(-0.00261582044887781,-0.0613331359102244,2.54E-5));
#15215=CARTESIAN_POINT('',(-0.0045165903587578,-0.0620356797295476,2.54E-5));
#15216=CARTESIAN_POINT('',(-0.004039372427028,-0.0615255502163198,2.54E-5));
#15217=CARTESIAN_POINT('',(-0.0033131196964001,-0.0613331359102244,2.54E-5));
#15218=CARTESIAN_POINT('',(-0.00261582044887781,-0.0613331359102244,2.54E-5));
#15219=CARTESIAN_POINT('',(-0.00451659035875777,-0.0620356797295476,2.54E-5));
#15220=CARTESIAN_POINT('',(-0.00517550249376559,-0.0640326882793017,2.54E-5));
#15221=CARTESIAN_POINT('',(-0.00517550249376559,-0.0633117814653422,2.54E-5));
#15222=CARTESIAN_POINT('',(-0.00500965382486341,-0.062562747572626,2.54E-5));
#15223=CARTESIAN_POINT('',(-0.00451659035875777,-0.0620356797295476,2.54E-5));
#15224=CARTESIAN_POINT('',(-0.00517550249376559,-0.0640326882793017,2.54E-5));
#15225=CARTESIAN_POINT('',(-0.00517550249376559,-0.0669233416458853,2.54E-5));
#15226=CARTESIAN_POINT('',(-0.00517550249376559,-0.0698139950124688,2.54E-5));
#15227=CARTESIAN_POINT('',(-0.0045165903587577,-0.071811003562223,2.54E-5));
#15228=CARTESIAN_POINT('',(-0.00500959405413289,-0.0712839996119927,2.54E-5));
#15229=CARTESIAN_POINT('',(-0.00517550249376559,-0.0705344625754497,2.54E-5));
#15230=CARTESIAN_POINT('',(-0.00517550249376559,-0.0698139950124688,2.54E-5));
#15231=CARTESIAN_POINT('',(-0.00451659035875777,-0.071811003562223,2.54E-5));
#15232=CARTESIAN_POINT('',(-0.00261582044887781,-0.0725135473815461,2.54E-5));
#15233=CARTESIAN_POINT('',(-0.00296548961547343,-0.0725135473815461,2.54E-5));
#15234=CARTESIAN_POINT('',(-0.00366823772681692,-0.072434579906229,2.54E-5));
#15235=CARTESIAN_POINT('',(-0.0042792205598545,-0.0720647436920851,2.54E-5));
#15236=CARTESIAN_POINT('',(-0.00451659035875777,-0.0718110035622229,2.54E-5));
#15237=CARTESIAN_POINT('',(-0.00261582044887781,-0.0725135473815461,2.54E-5));
#15238=CARTESIAN_POINT('',(-0.000715050538997821,-0.0718110035622229,2.54E-5));
#15239=CARTESIAN_POINT('',(-0.00119226847072774,-0.0723211330754506,2.54E-5));
#15240=CARTESIAN_POINT('',(-0.00191852120135552,-0.0725135473815461,2.54E-5));
#15241=CARTESIAN_POINT('',(-0.00261582044887781,-0.0725135473815461,2.54E-5));
#15242=CARTESIAN_POINT('',(-0.000715050538997859,-0.071811003562223,2.54E-5));
#15243=CARTESIAN_POINT('',(-5.61384039900321E-5,-0.0698139950124688,2.54E-5));
#15244=CARTESIAN_POINT('',(-5.61384039900321E-5,-0.0705349018264283,2.54E-5));
#15245=CARTESIAN_POINT('',(-0.000221987072892184,-0.0712839357191445,2.54E-5));
#15246=CARTESIAN_POINT('',(-0.000715050538997854,-0.0718110035622229,2.54E-5));
#15247=CARTESIAN_POINT('',(-5.61384039900321E-5,-0.0698139950124688,2.54E-5));
#15248=CARTESIAN_POINT('',(-5.61384039900321E-5,-0.0669233416458853,2.54E-5));
#15249=CARTESIAN_POINT('',(7.08615960099679E-5,-0.0669233416458853,2.54E-5));
#15250=CARTESIAN_POINT('',(7.08615960099679E-5,-0.0698139950124688,2.54E-5));
#15251=CARTESIAN_POINT('',(7.0861596009968E-5,-0.0640326882793017,2.54E-5));
#15252=CARTESIAN_POINT('',(-0.00062230606948096,-0.0718977645175775,2.54E-5));
#15253=CARTESIAN_POINT('',(-0.000107546025888326,-0.0713475037813233,2.54E-5));
#15254=CARTESIAN_POINT('',(7.08615960099679E-5,-0.0705660547497692,2.54E-5));
#15255=CARTESIAN_POINT('',(7.08615960099679E-5,-0.0698139950124688,2.54E-5));
#15256=CARTESIAN_POINT('',(-0.000622306069480957,-0.0718977645175775,2.54E-5));
#15257=CARTESIAN_POINT('',(-0.00261582044887781,-0.0726405473815461,2.54E-5));
#15258=CARTESIAN_POINT('',(-0.00224865412590737,-0.0726405473815461,2.54E-5));
#15259=CARTESIAN_POINT('',(-0.0015111405934639,-0.0725551604436307,2.54E-5));
#15260=CARTESIAN_POINT('',(-0.00087157556726501,-0.0721642250152082,2.54E-5));
#15261=CARTESIAN_POINT('',(-0.000622306069480997,-0.0718977645175775,2.54E-5));
#15262=CARTESIAN_POINT('',(-0.00261582044887781,-0.0726405473815461,2.54E-5));
#15263=CARTESIAN_POINT('',(-0.00460933482827467,-0.0718977645175775,2.54E-5));
#15264=CARTESIAN_POINT('',(-0.00410794849488349,-0.0724337292187888,2.54E-5));
#15265=CARTESIAN_POINT('',(-0.00334840860225681,-0.0726405473815461,2.54E-5));
#15266=CARTESIAN_POINT('',(-0.00261582044887781,-0.0726405473815461,2.54E-5));
#15267=CARTESIAN_POINT('',(-0.00460933482827467,-0.0718977645175775,2.54E-5));
#15268=CARTESIAN_POINT('',(-0.00530250249376559,-0.0698139950124688,2.54E-5));
#15269=CARTESIAN_POINT('',(-0.00530250249376559,-0.0705670224728805,2.54E-5));
#15270=CARTESIAN_POINT('',(-0.00512456489791333,-0.0713470013396858,2.54E-5));
#15271=CARTESIAN_POINT('',(-0.00460933482827475,-0.0718977645175774,2.54E-5));
#15272=CARTESIAN_POINT('',(-0.00530250249376559,-0.0698139950124688,2.54E-5));
#15273=CARTESIAN_POINT('',(-0.00530250249376559,-0.0669233416458853,2.54E-5));
#15274=CARTESIAN_POINT('',(-0.00530250249376559,-0.0640326882793017,2.54E-5));
#15275=CARTESIAN_POINT('',(-0.00460933482827467,-0.061948918774193,2.54E-5));
#15276=CARTESIAN_POINT('',(-0.00512409487186725,-0.0624991795104472,2.54E-5));
#15277=CARTESIAN_POINT('',(-0.00530250249376559,-0.0632806285420013,2.54E-5));
#15278=CARTESIAN_POINT('',(-0.00530250249376559,-0.0640326882793017,2.54E-5));
#15279=CARTESIAN_POINT('',(-0.00460933482827467,-0.0619489187741931,2.54E-5));
#15280=CARTESIAN_POINT('',(-0.00261582044887781,-0.0612061359102244,2.54E-5));
#15281=CARTESIAN_POINT('',(-0.00298298677184826,-0.0612061359102244,2.54E-5));
#15282=CARTESIAN_POINT('',(-0.00372050030429171,-0.0612915228481399,2.54E-5));
#15283=CARTESIAN_POINT('',(-0.00436006533049072,-0.0616824582765622,2.54E-5));
#15284=CARTESIAN_POINT('',(-0.00460933482827464,-0.061948918774193,2.54E-5));
#15285=CARTESIAN_POINT('',(-0.00261582044887781,-0.0612061359102244,2.54E-5));
#15286=CARTESIAN_POINT('',(-0.000622306069480957,-0.061948918774193,2.54E-5));
#15287=CARTESIAN_POINT('',(-0.00112369240287214,-0.0614129540729818,2.54E-5));
#15288=CARTESIAN_POINT('',(-0.00188323229549879,-0.0612061359102244,2.54E-5));
#15289=CARTESIAN_POINT('',(-0.00261582044887781,-0.0612061359102244,2.54E-5));
#15290=CARTESIAN_POINT('',(-0.000622306069480957,-0.0619489187741931,2.54E-5));
#15291=CARTESIAN_POINT('',(7.08615960099679E-5,-0.0640326882793017,2.54E-5));
#15292=CARTESIAN_POINT('',(7.08615960099679E-5,-0.06327966081889,2.54E-5));
#15293=CARTESIAN_POINT('',(-0.000107075999841041,-0.0624996819520835,2.54E-5));
#15294=CARTESIAN_POINT('',(-0.000622306069480976,-0.061948918774193,2.54E-5));
#15295=CARTESIAN_POINT('',(-0.00261582044887781,-0.0726405473815461,0.));
#15296=CARTESIAN_POINT('',(-0.00261582044887781,-0.0726405473815461,2.54E-5));
#15297=CARTESIAN_POINT('',(-0.00175638500795949,-0.0726405473815461,0.));
#15298=CARTESIAN_POINT('',(-0.00175638500795949,-0.0726405473815461,2.54E-5));
#15299=CARTESIAN_POINT('',(-0.00107299933631444,-0.0723795400786744,0.));
#15300=CARTESIAN_POINT('',(-0.00107299933631444,-0.0723795400786744,2.54E-5));
#15301=CARTESIAN_POINT('',(-0.000622306069480997,-0.0718977645175775,0.));
#15302=CARTESIAN_POINT('',(-0.000622306069480997,-0.0718977645175775,2.54E-5));
#15303=CARTESIAN_POINT('',(-0.00261582044887781,-0.0726405473815461,2.54E-5));
#15304=CARTESIAN_POINT('',(-0.000622306069480958,-0.0718977645175775,0.));
#15305=CARTESIAN_POINT('',(-0.00261582044887781,-0.0725135473815461,0.));
#15306=CARTESIAN_POINT('',(-0.00261582044887781,-0.0725135473815461,2.54E-5));
#15307=CARTESIAN_POINT('',(-0.00178045289727744,-0.0725135473815461,0.));
#15308=CARTESIAN_POINT('',(-0.00178045289727744,-0.0725135473815461,2.54E-5));
#15309=CARTESIAN_POINT('',(-0.00116574380583004,-0.0722927791233186,0.));
#15310=CARTESIAN_POINT('',(-0.00116574380583004,-0.0722927791233186,2.54E-5));
#15311=CARTESIAN_POINT('',(-0.000715050538997821,-0.0718110035622229,0.));
#15312=CARTESIAN_POINT('',(-0.000715050538997821,-0.0718110035622229,2.54E-5));
#15313=CARTESIAN_POINT('',(-0.00261582044887781,-0.0725135473815461,0.));
#15314=CARTESIAN_POINT('',(-0.00261582044887781,-0.0725135473815461,0.));
#15315=CARTESIAN_POINT('',(-0.000715050538997821,-0.0718110035622229,0.));
#15316=CARTESIAN_POINT('',(-0.00119226847072774,-0.0723211330754506,0.));
#15317=CARTESIAN_POINT('',(-0.00191852120135552,-0.0725135473815461,0.));
#15318=CARTESIAN_POINT('',(-0.00261582044887781,-0.0725135473815461,0.));
#15319=CARTESIAN_POINT('',(-0.000715050538997857,-0.071811003562223,0.));
#15320=CARTESIAN_POINT('',(-0.000715050538997859,-0.071811003562223,2.54E-5));
#15321=CARTESIAN_POINT('',(-0.00062230606948096,-0.0718977645175775,0.));
#15322=CARTESIAN_POINT('',(-0.00062230606948096,-0.0718977645175775,2.54E-5));
#15323=CARTESIAN_POINT('',(-0.000158458526135231,-0.0714019274884838,0.));
#15324=CARTESIAN_POINT('',(-0.000158458526135231,-0.0714019274884838,2.54E-5));
#15325=CARTESIAN_POINT('',(7.08615960099679E-5,-0.0706924788029932,0.));
#15326=CARTESIAN_POINT('',(7.08615960099679E-5,-0.0706924788029932,2.54E-5));
#15327=CARTESIAN_POINT('',(7.08615960099679E-5,-0.0698139950124688,0.));
#15328=CARTESIAN_POINT('',(7.08615960099679E-5,-0.0698139950124688,2.54E-5));
#15329=CARTESIAN_POINT('',(7.0861596009968E-5,-0.0698139950124688,0.));
#15330=CARTESIAN_POINT('',(-0.000715050538997854,-0.0718110035622229,0.));
#15331=CARTESIAN_POINT('',(-0.000715050538997854,-0.0718110035622229,2.54E-5));
#15332=CARTESIAN_POINT('',(-0.000277511548677736,-0.0713432894691222,0.));
#15333=CARTESIAN_POINT('',(-0.000277511548677736,-0.0713432894691222,2.54E-5));
#15334=CARTESIAN_POINT('',(-5.61384039900321E-5,-0.0706924788029931,0.));
#15335=CARTESIAN_POINT('',(-5.61384039900321E-5,-0.0706924788029931,2.54E-5));
#15336=CARTESIAN_POINT('',(-5.61384039900321E-5,-0.0698139950124688,0.));
#15337=CARTESIAN_POINT('',(-5.61384039900321E-5,-0.0698139950124688,2.54E-5));
#15338=CARTESIAN_POINT('',(-5.61384039900321E-5,-0.0698139950124688,0.));
#15339=CARTESIAN_POINT('',(-5.61384039900321E-5,-0.0705349018264283,0.));
#15340=CARTESIAN_POINT('',(-0.000221987072892184,-0.0712839357191445,0.));
#15341=CARTESIAN_POINT('',(-0.000715050538997854,-0.0718110035622229,0.));
#15342=CARTESIAN_POINT('',(-5.61384039900321E-5,-0.0698139950124688,0.));
#15343=CARTESIAN_POINT('',(-5.61384039900321E-5,-0.0698139950124688,2.54E-5));
#15344=CARTESIAN_POINT('',(7.08615960099679E-5,-0.0669233416458853,0.));
#15345=CARTESIAN_POINT('',(7.08615960099679E-5,-0.0640326882793017,0.));
#15346=CARTESIAN_POINT('',(-5.61384039900321E-5,-0.0669233416458853,0.));
#15347=CARTESIAN_POINT('',(-5.61384039900321E-5,-0.0669233416458853,0.));
#15348=CARTESIAN_POINT('',(-5.61384039900321E-5,-0.0640326882793017,0.));
#15349=CARTESIAN_POINT('',(-5.61384039900321E-5,-0.0640326882793017,0.));
#15350=CARTESIAN_POINT('',(7.08615960099679E-5,-0.0640326882793017,0.));
#15351=CARTESIAN_POINT('',(7.08615960099679E-5,-0.0640326882793017,2.54E-5));
#15352=CARTESIAN_POINT('',(7.08615960099679E-5,-0.0631433452398644,0.));
#15353=CARTESIAN_POINT('',(7.08615960099679E-5,-0.0631433452398644,2.54E-5));
#15354=CARTESIAN_POINT('',(-0.000171612802649142,-0.0624306943352887,0.));
#15355=CARTESIAN_POINT('',(-0.000171612802649142,-0.0624306943352887,2.54E-5));
#15356=CARTESIAN_POINT('',(-0.000622306069480976,-0.061948918774193,0.));
#15357=CARTESIAN_POINT('',(-0.000622306069480976,-0.061948918774193,2.54E-5));
#15358=CARTESIAN_POINT('',(-0.000622306069480957,-0.0619489187741931,0.));
#15359=CARTESIAN_POINT('',(-5.61384039900321E-5,-0.0640326882793017,0.));
#15360=CARTESIAN_POINT('',(-5.61384039900321E-5,-0.0640326882793017,2.54E-5));
#15361=CARTESIAN_POINT('',(-5.61384039900321E-5,-0.0631650637376918,0.));
#15362=CARTESIAN_POINT('',(-5.61384039900321E-5,-0.0631650637376918,2.54E-5));
#15363=CARTESIAN_POINT('',(-0.000264357272165087,-0.0625174552906442,0.));
#15364=CARTESIAN_POINT('',(-0.000264357272165087,-0.0625174552906442,2.54E-5));
#15365=CARTESIAN_POINT('',(-0.000715050538997838,-0.0620356797295476,0.));
#15366=CARTESIAN_POINT('',(-0.000715050538997838,-0.0620356797295476,2.54E-5));
#15367=CARTESIAN_POINT('',(-0.000715050538997838,-0.0620356797295476,0.));
#15368=CARTESIAN_POINT('',(-0.00022204684362148,-0.062562683679777,0.));
#15369=CARTESIAN_POINT('',(-5.61384039900321E-5,-0.0633122207163208,0.));
#15370=CARTESIAN_POINT('',(-5.61384039900321E-5,-0.0640326882793017,0.));
#15371=CARTESIAN_POINT('',(-0.000715050538997857,-0.0620356797295476,0.));
#15372=CARTESIAN_POINT('',(-0.000715050538997858,-0.0620356797295476,2.54E-5));
#15373=CARTESIAN_POINT('',(-0.000622306069480957,-0.061948918774193,0.));
#15374=CARTESIAN_POINT('',(-0.000622306069480957,-0.061948918774193,2.54E-5));
#15375=CARTESIAN_POINT('',(-0.00108656328495849,-0.061452643819717,0.));
#15376=CARTESIAN_POINT('',(-0.00108656328495849,-0.061452643819717,2.54E-5));
#15377=CARTESIAN_POINT('',(-0.00176841895261811,-0.0612061359102244,0.));
#15378=CARTESIAN_POINT('',(-0.00176841895261811,-0.0612061359102244,2.54E-5));
#15379=CARTESIAN_POINT('',(-0.00261582044887781,-0.0612061359102244,0.));
#15380=CARTESIAN_POINT('',(-0.00261582044887781,-0.0612061359102244,2.54E-5));
#15381=CARTESIAN_POINT('',(-0.00261582044887781,-0.0612061359102244,0.));
#15382=CARTESIAN_POINT('',(-0.000715050538997857,-0.0620356797295476,0.));
#15383=CARTESIAN_POINT('',(-0.000715050538997857,-0.0620356797295476,2.54E-5));
#15384=CARTESIAN_POINT('',(-0.00115217985718616,-0.061568403561829,0.));
#15385=CARTESIAN_POINT('',(-0.00115217985718616,-0.061568403561829,2.54E-5));
#15386=CARTESIAN_POINT('',(-0.00176841895261836,-0.0613331359102244,0.));
#15387=CARTESIAN_POINT('',(-0.00176841895261836,-0.0613331359102244,2.54E-5));
#15388=CARTESIAN_POINT('',(-0.00261582044887781,-0.0613331359102244,0.));
#15389=CARTESIAN_POINT('',(-0.00261582044887781,-0.0613331359102244,2.54E-5));
#15390=CARTESIAN_POINT('',(-0.00261582044887781,-0.0613331359102244,0.));
#15391=CARTESIAN_POINT('',(-0.00226615128228219,-0.0613331359102244,0.));
#15392=CARTESIAN_POINT('',(-0.00156340317093868,-0.0614121033855414,0.));
#15393=CARTESIAN_POINT('',(-0.00095242033790113,-0.0617819395996854,0.));
#15394=CARTESIAN_POINT('',(-0.000715050538997857,-0.0620356797295476,0.));
#15395=CARTESIAN_POINT('',(-0.00261582044887781,-0.0613331359102244,0.));
#15396=CARTESIAN_POINT('',(-0.00261582044887781,-0.0613331359102244,2.54E-5));
#15397=CARTESIAN_POINT('',(-0.00261582044887781,-0.0612061359102244,0.));
#15398=CARTESIAN_POINT('',(-0.00261582044887781,-0.0612061359102244,2.54E-5));
#15399=CARTESIAN_POINT('',(-0.00347525588979628,-0.0612061359102244,0.));
#15400=CARTESIAN_POINT('',(-0.00347525588979628,-0.0612061359102244,2.54E-5));
#15401=CARTESIAN_POINT('',(-0.00415864156143786,-0.0614671432130922,0.));
#15402=CARTESIAN_POINT('',(-0.00415864156143786,-0.0614671432130922,2.54E-5));
#15403=CARTESIAN_POINT('',(-0.00460933482827464,-0.061948918774193,0.));
#15404=CARTESIAN_POINT('',(-0.00460933482827464,-0.061948918774193,2.54E-5));
#15405=CARTESIAN_POINT('',(-0.00460933482827467,-0.0619489187741931,0.));
#15406=CARTESIAN_POINT('',(-0.00261582044887781,-0.0613331359102244,0.));
#15407=CARTESIAN_POINT('',(-0.00261582044887781,-0.0613331359102244,2.54E-5));
#15408=CARTESIAN_POINT('',(-0.00345118800047831,-0.0613331359102244,0.));
#15409=CARTESIAN_POINT('',(-0.00345118800047831,-0.0613331359102244,2.54E-5));
#15410=CARTESIAN_POINT('',(-0.00406589709192435,-0.0615539041684503,0.));
#15411=CARTESIAN_POINT('',(-0.00406589709192435,-0.0615539041684503,2.54E-5));
#15412=CARTESIAN_POINT('',(-0.0045165903587578,-0.0620356797295476,0.));
#15413=CARTESIAN_POINT('',(-0.0045165903587578,-0.0620356797295476,2.54E-5));
#15414=CARTESIAN_POINT('',(-0.0045165903587578,-0.0620356797295476,0.));
#15415=CARTESIAN_POINT('',(-0.00403937242702799,-0.0615255502163198,0.));
#15416=CARTESIAN_POINT('',(-0.0033131196964001,-0.0613331359102244,0.));
#15417=CARTESIAN_POINT('',(-0.00261582044887781,-0.0613331359102244,0.));
#15418=CARTESIAN_POINT('',(-0.00451659035875777,-0.0620356797295476,0.));
#15419=CARTESIAN_POINT('',(-0.00451659035875777,-0.0620356797295476,2.54E-5));
#15420=CARTESIAN_POINT('',(-0.00460933482827467,-0.061948918774193,0.));
#15421=CARTESIAN_POINT('',(-0.00460933482827467,-0.061948918774193,2.54E-5));
#15422=CARTESIAN_POINT('',(-0.00507318237162038,-0.0624447558032867,0.));
#15423=CARTESIAN_POINT('',(-0.00507318237162038,-0.0624447558032867,2.54E-5));
#15424=CARTESIAN_POINT('',(-0.00530250249376559,-0.0631542044887782,0.));
#15425=CARTESIAN_POINT('',(-0.00530250249376559,-0.0631542044887782,2.54E-5));
#15426=CARTESIAN_POINT('',(-0.00530250249376559,-0.0640326882793017,0.));
#15427=CARTESIAN_POINT('',(-0.00530250249376559,-0.0640326882793017,2.54E-5));
#15428=CARTESIAN_POINT('',(-0.00530250249376559,-0.0640326882793017,0.));
#15429=CARTESIAN_POINT('',(-0.00451659035875777,-0.0620356797295476,0.));
#15430=CARTESIAN_POINT('',(-0.00451659035875777,-0.0620356797295476,2.54E-5));
#15431=CARTESIAN_POINT('',(-0.00495412934907788,-0.0625033938226484,0.));
#15432=CARTESIAN_POINT('',(-0.00495412934907788,-0.0625033938226484,2.54E-5));
#15433=CARTESIAN_POINT('',(-0.00517550249376559,-0.0631542044887781,0.));
#15434=CARTESIAN_POINT('',(-0.00517550249376559,-0.0631542044887781,2.54E-5));
#15435=CARTESIAN_POINT('',(-0.00517550249376559,-0.0640326882793017,0.));
#15436=CARTESIAN_POINT('',(-0.00517550249376559,-0.0640326882793017,2.54E-5));
#15437=CARTESIAN_POINT('',(-0.00517550249376559,-0.0640326882793017,0.));
#15438=CARTESIAN_POINT('',(-0.00517550249376559,-0.0633117814653422,0.));
#15439=CARTESIAN_POINT('',(-0.00500965382486341,-0.062562747572626,0.));
#15440=CARTESIAN_POINT('',(-0.00451659035875777,-0.0620356797295476,0.));
#15441=CARTESIAN_POINT('',(-0.00517550249376559,-0.0640326882793017,0.));
#15442=CARTESIAN_POINT('',(-0.00517550249376559,-0.0640326882793017,2.54E-5));
#15443=CARTESIAN_POINT('',(-0.00530250249376559,-0.0669233416458853,0.));
#15444=CARTESIAN_POINT('',(-0.00530250249376559,-0.0698139950124688,0.));
#15445=CARTESIAN_POINT('',(-0.00517550249376559,-0.0669233416458853,0.));
#15446=CARTESIAN_POINT('',(-0.00517550249376559,-0.0669233416458853,0.));
#15447=CARTESIAN_POINT('',(-0.00517550249376559,-0.0698139950124688,0.));
#15448=CARTESIAN_POINT('',(-0.00517550249376559,-0.0698139950124688,0.));
#15449=CARTESIAN_POINT('',(-0.00530250249376559,-0.0698139950124688,0.));
#15450=CARTESIAN_POINT('',(-0.00530250249376559,-0.0698139950124688,2.54E-5));
#15451=CARTESIAN_POINT('',(-0.00530250249376559,-0.0707033380519063,0.));
#15452=CARTESIAN_POINT('',(-0.00530250249376559,-0.0707033380519063,2.54E-5));
#15453=CARTESIAN_POINT('',(-0.00506002809510921,-0.0714159889564767,0.));
#15454=CARTESIAN_POINT('',(-0.00506002809510921,-0.0714159889564767,2.54E-5));
#15455=CARTESIAN_POINT('',(-0.00460933482827475,-0.0718977645175774,0.));
#15456=CARTESIAN_POINT('',(-0.00460933482827475,-0.0718977645175774,2.54E-5));
#15457=CARTESIAN_POINT('',(-0.00460933482827467,-0.0718977645175775,0.));
#15458=CARTESIAN_POINT('',(-0.00517550249376559,-0.0698139950124688,0.));
#15459=CARTESIAN_POINT('',(-0.00517550249376559,-0.0698139950124688,2.54E-5));
#15460=CARTESIAN_POINT('',(-0.00517550249376559,-0.0706816195540787,0.));
#15461=CARTESIAN_POINT('',(-0.00517550249376559,-0.0706816195540787,2.54E-5));
#15462=CARTESIAN_POINT('',(-0.00496728362558718,-0.0713292280011279,0.));
#15463=CARTESIAN_POINT('',(-0.00496728362558718,-0.0713292280011279,2.54E-5));
#15464=CARTESIAN_POINT('',(-0.0045165903587577,-0.071811003562223,0.));
#15465=CARTESIAN_POINT('',(-0.0045165903587577,-0.071811003562223,2.54E-5));
#15466=CARTESIAN_POINT('',(-0.0045165903587577,-0.071811003562223,0.));
#15467=CARTESIAN_POINT('',(-0.00500959405413289,-0.0712839996119927,0.));
#15468=CARTESIAN_POINT('',(-0.00517550249376559,-0.0705344625754497,0.));
#15469=CARTESIAN_POINT('',(-0.00517550249376559,-0.0698139950124688,0.));
#15470=CARTESIAN_POINT('',(-0.00451659035875777,-0.071811003562223,0.));
#15471=CARTESIAN_POINT('',(-0.00451659035875777,-0.071811003562223,2.54E-5));
#15472=CARTESIAN_POINT('',(-0.00460933482827467,-0.0718977645175774,0.));
#15473=CARTESIAN_POINT('',(-0.00460933482827467,-0.0718977645175774,2.54E-5));
#15474=CARTESIAN_POINT('',(-0.00414507761279714,-0.0723940394720534,0.));
#15475=CARTESIAN_POINT('',(-0.00414507761279714,-0.0723940394720534,2.54E-5));
#15476=CARTESIAN_POINT('',(-0.00346322194513717,-0.0726405473815461,0.));
#15477=CARTESIAN_POINT('',(-0.00346322194513717,-0.0726405473815461,2.54E-5));
#15478=CARTESIAN_POINT('',(-0.00261582044887781,-0.0726405473815461,0.));
#15479=CARTESIAN_POINT('',(-0.00261582044887781,-0.0726405473815461,2.54E-5));
#15480=CARTESIAN_POINT('',(-0.00451659035875777,-0.0718110035622229,0.));
#15481=CARTESIAN_POINT('',(-0.00451659035875777,-0.0718110035622229,2.54E-5));
#15482=CARTESIAN_POINT('',(-0.00407946104056946,-0.0722782797299415,0.));
#15483=CARTESIAN_POINT('',(-0.00407946104056946,-0.0722782797299415,2.54E-5));
#15484=CARTESIAN_POINT('',(-0.00346322194513711,-0.0725135473815461,0.));
#15485=CARTESIAN_POINT('',(-0.00346322194513711,-0.0725135473815461,2.54E-5));
#15486=CARTESIAN_POINT('',(-0.00261582044887781,-0.0725135473815461,0.));
#15487=CARTESIAN_POINT('',(-0.00261582044887781,-0.0725135473815461,2.54E-5));
#15488=CARTESIAN_POINT('',(-0.00261582044887781,-0.0725135473815461,0.));
#15489=CARTESIAN_POINT('',(-0.00296548961547343,-0.0725135473815461,0.));
#15490=CARTESIAN_POINT('',(-0.00366823772681692,-0.072434579906229,0.));
#15491=CARTESIAN_POINT('',(-0.0042792205598545,-0.0720647436920851,0.));
#15492=CARTESIAN_POINT('',(-0.00451659035875777,-0.0718110035622229,0.));
#15493=CARTESIAN_POINT('',(0.00342191521197007,-0.0660489476309227,2.54E-5));
#15494=CARTESIAN_POINT('',(0.00297955614926196,-0.0632251553769561,2.54E-5));
#15495=CARTESIAN_POINT('',(0.00278280526600285,-0.0634730842356295,2.54E-5));
#15496=CARTESIAN_POINT('',(0.00275353740648378,-0.0638117260287859,2.54E-5));
#15497=CARTESIAN_POINT('',(0.00275353740648378,-0.0641283890274314,2.54E-5));
#15498=CARTESIAN_POINT('',(0.00275353740648378,-0.0641283890274314,2.54E-5));
#15499=CARTESIAN_POINT('',(0.00297955614926195,-0.0632251553769561,2.54E-5));
#15500=CARTESIAN_POINT('',(0.00369797506234413,-0.0629336571072319,2.54E-5));
#15501=CARTESIAN_POINT('',(0.00343018906956586,-0.0629336571072319,2.54E-5));
#15502=CARTESIAN_POINT('',(0.0031471577690009,-0.0630139579601752,2.54E-5));
#15503=CARTESIAN_POINT('',(0.00297955614926195,-0.0632251553769561,2.54E-5));
#15504=CARTESIAN_POINT('',(0.00369797506234413,-0.0629336571072319,2.54E-5));
#15505=CARTESIAN_POINT('',(0.00409059351620947,-0.0629336571072319,2.54E-5));
#15506=CARTESIAN_POINT('',(0.00448321197007481,-0.0629336571072319,2.54E-5));
#15507=CARTESIAN_POINT('',(0.00448321197007481,-0.0629971571072319,2.54E-5));
#15508=CARTESIAN_POINT('',(0.00454671197007481,-0.0629971571072319,2.54E-5));
#15509=CARTESIAN_POINT('',(0.00454671197007481,-0.0645676309226933,2.54E-5));
#15510=CARTESIAN_POINT('',(0.00454671197007481,-0.0661381047381546,2.54E-5));
#15511=CARTESIAN_POINT('',(0.00448321197007481,-0.0661381047381546,2.54E-5));
#15512=CARTESIAN_POINT('',(0.00448321197007481,-0.0662016047381546,2.54E-5));
#15513=CARTESIAN_POINT('',(0.00416911720698254,-0.0662016047381546,2.54E-5));
#15514=CARTESIAN_POINT('',(0.00385502244389027,-0.0662016047381546,2.54E-5));
#15515=CARTESIAN_POINT('',(0.00303029233765885,-0.0659147961634714,2.54E-5));
#15516=CARTESIAN_POINT('',(0.00323857952608618,-0.0661299933534109,2.54E-5));
#15517=CARTESIAN_POINT('',(0.00355478821879617,-0.0662016047381546,2.54E-5));
#15518=CARTESIAN_POINT('',(0.00385502244389027,-0.0662016047381546,2.54E-5));
#15519=CARTESIAN_POINT('',(0.00303029233765888,-0.0659147961634714,2.54E-5));
#15520=CARTESIAN_POINT('',(0.00275353740648378,-0.0649749725685786,2.54E-5));
#15521=CARTESIAN_POINT('',(0.00275353740648378,-0.0653101549622177,2.54E-5));
#15522=CARTESIAN_POINT('',(0.00279456581227567,-0.0656712493268196,2.54E-5));
#15523=CARTESIAN_POINT('',(0.00303029233765888,-0.0659147961634715,2.54E-5));
#15524=CARTESIAN_POINT('',(0.00275353740648378,-0.0649749725685786,2.54E-5));
#15525=CARTESIAN_POINT('',(0.00275353740648378,-0.064551680798005,2.54E-5));
#15526=CARTESIAN_POINT('',(0.00288053740648378,-0.064551680798005,2.54E-5));
#15527=CARTESIAN_POINT('',(0.00288053740648378,-0.0649749725685786,2.54E-5));
#15528=CARTESIAN_POINT('',(0.00288053740648378,-0.0641283890274314,2.54E-5));
#15529=CARTESIAN_POINT('',(0.0031215480613436,-0.0658264706694464,2.54E-5));
#15530=CARTESIAN_POINT('',(0.00291113849717965,-0.0656090806932011,2.54E-5));
#15531=CARTESIAN_POINT('',(0.00288053740648378,-0.0652776322438404,2.54E-5));
#15532=CARTESIAN_POINT('',(0.00288053740648378,-0.0649749725685786,2.54E-5));
#15533=CARTESIAN_POINT('',(0.00312154806134359,-0.0658264706694463,2.54E-5));
#15534=CARTESIAN_POINT('',(0.00385502244389027,-0.0660746047381546,2.54E-5));
#15535=CARTESIAN_POINT('',(0.00358829637827209,-0.0660746047381546,2.54E-5));
#15536=CARTESIAN_POINT('',(0.00330532708222496,-0.0660163466246701,2.54E-5));
#15537=CARTESIAN_POINT('',(0.00312154806134363,-0.0658264706694464,2.54E-5));
#15538=CARTESIAN_POINT('',(0.00385502244389027,-0.0660746047381546,2.54E-5));
#15539=CARTESIAN_POINT('',(0.00416911720698254,-0.0660746047381546,2.54E-5));
#15540=CARTESIAN_POINT('',(0.00441971197007481,-0.0660746047381546,2.54E-5));
#15541=CARTESIAN_POINT('',(0.00441971197007481,-0.0645676309226933,2.54E-5));
#15542=CARTESIAN_POINT('',(0.00441971197007481,-0.0630606571072319,2.54E-5));
#15543=CARTESIAN_POINT('',(0.00409059351620947,-0.0630606571072319,2.54E-5));
#15544=CARTESIAN_POINT('',(0.00369797506234413,-0.0630606571072319,2.54E-5));
#15545=CARTESIAN_POINT('',(0.00307903736694752,-0.0633041014808993,2.54E-5));
#15546=CARTESIAN_POINT('',(0.00322146426995076,-0.0631246271175772,2.54E-5));
#15547=CARTESIAN_POINT('',(0.00346700796587049,-0.0630606571072319,2.54E-5));
#15548=CARTESIAN_POINT('',(0.00369797506234413,-0.0630606571072319,2.54E-5));
#15549=CARTESIAN_POINT('',(0.00307903736694751,-0.0633041014808992,2.54E-5));
#15550=CARTESIAN_POINT('',(0.00288053740648378,-0.0641283890274314,2.54E-5));
#15551=CARTESIAN_POINT('',(0.00288053740648378,-0.0638403710682592,2.54E-5));
#15552=CARTESIAN_POINT('',(0.00289823127874972,-0.0635319380544664,2.54E-5));
#15553=CARTESIAN_POINT('',(0.00307903736694751,-0.0633041014808993,2.54E-5));
#15554=CARTESIAN_POINT('',(0.00385502244389027,-0.0660746047381546,0.));
#15555=CARTESIAN_POINT('',(0.00385502244389027,-0.0660746047381546,2.54E-5));
#15556=CARTESIAN_POINT('',(0.00368705739091733,-0.0660746047381546,0.));
#15557=CARTESIAN_POINT('',(0.00368705739091733,-0.0660746047381546,2.54E-5));
#15558=CARTESIAN_POINT('',(0.00339406200339602,-0.0660272390137741,0.));
#15559=CARTESIAN_POINT('',(0.00339406200339602,-0.0660272390137741,2.54E-5));
#15560=CARTESIAN_POINT('',(0.00320784232568301,-0.0659156277766787,0.));
#15561=CARTESIAN_POINT('',(0.00320784232568301,-0.0659156277766787,2.54E-5));
#15562=CARTESIAN_POINT('',(0.00312154806134363,-0.0658264706694464,0.));
#15563=CARTESIAN_POINT('',(0.00312154806134363,-0.0658264706694464,2.54E-5));
#15564=CARTESIAN_POINT('',(0.00385502244389027,-0.0660746047381546,0.));
#15565=CARTESIAN_POINT('',(0.00358829637827209,-0.0660746047381546,0.));
#15566=CARTESIAN_POINT('',(0.00330532708222496,-0.0660163466246701,0.));
#15567=CARTESIAN_POINT('',(0.00312154806134363,-0.0658264706694464,0.));
#15568=CARTESIAN_POINT('',(0.00385502244389027,-0.0660746047381546,0.));
#15569=CARTESIAN_POINT('',(0.00312154806134359,-0.0658264706694463,0.));
#15570=CARTESIAN_POINT('',(0.00385502244389027,-0.0660746047381546,2.54E-5));
#15571=CARTESIAN_POINT('',(0.00312154806134359,-0.0658264706694463,0.));
#15572=CARTESIAN_POINT('',(0.00385502244389027,-0.0662016047381546,0.));
#15573=CARTESIAN_POINT('',(0.00385502244389027,-0.0662016047381546,2.54E-5));
#15574=CARTESIAN_POINT('',(0.00367617452928215,-0.0662016047381546,0.));
#15575=CARTESIAN_POINT('',(0.00367617452928215,-0.0662016047381546,2.54E-5));
#15576=CARTESIAN_POINT('',(0.00336265620109266,-0.066159813355303,0.));
#15577=CARTESIAN_POINT('',(0.00336265620109266,-0.066159813355303,2.54E-5));
#15578=CARTESIAN_POINT('',(0.00311658660199786,-0.0660039532707033,0.));
#15579=CARTESIAN_POINT('',(0.00311658660199786,-0.0660039532707033,2.54E-5));
#15580=CARTESIAN_POINT('',(0.00303029233765885,-0.0659147961634714,0.));
#15581=CARTESIAN_POINT('',(0.00303029233765885,-0.0659147961634714,2.54E-5));
#15582=CARTESIAN_POINT('',(0.00385502244389027,-0.0662016047381546,0.));
#15583=CARTESIAN_POINT('',(0.00303029233765888,-0.0659147961634714,2.54E-5));
#15584=CARTESIAN_POINT('',(0.0031215480613436,-0.0658264706694464,0.));
#15585=CARTESIAN_POINT('',(0.0031215480613436,-0.0658264706694464,2.54E-5));
#15586=CARTESIAN_POINT('',(0.00296623727683123,-0.0656660073944525,0.));
#15587=CARTESIAN_POINT('',(0.00296623727683123,-0.0656660073944525,2.54E-5));
#15588=CARTESIAN_POINT('',(0.00288053740648378,-0.0653937655860349,0.));
#15589=CARTESIAN_POINT('',(0.00288053740648378,-0.0653937655860349,2.54E-5));
#15590=CARTESIAN_POINT('',(0.00288053740648378,-0.0649749725685786,0.));
#15591=CARTESIAN_POINT('',(0.00288053740648378,-0.0649749725685786,2.54E-5));
#15592=CARTESIAN_POINT('',(0.0031215480613436,-0.0658264706694464,0.));
#15593=CARTESIAN_POINT('',(0.00291113849717965,-0.0656090806932011,0.));
#15594=CARTESIAN_POINT('',(0.00288053740648378,-0.0652776322438404,0.));
#15595=CARTESIAN_POINT('',(0.00288053740648378,-0.0649749725685786,0.));
#15596=CARTESIAN_POINT('',(0.00288053740648378,-0.0649749725685786,0.));
#15597=CARTESIAN_POINT('',(0.00288053740648378,-0.0649749725685786,0.));
#15598=CARTESIAN_POINT('',(0.00303029233765888,-0.0659147961634715,0.));
#15599=CARTESIAN_POINT('',(0.00303029233765888,-0.0659147961634715,2.54E-5));
#15600=CARTESIAN_POINT('',(0.00284042606481465,-0.0657186310095376,0.));
#15601=CARTESIAN_POINT('',(0.00284042606481465,-0.0657186310095376,2.54E-5));
#15602=CARTESIAN_POINT('',(0.00275353740648378,-0.0653937655860349,0.));
#15603=CARTESIAN_POINT('',(0.00275353740648378,-0.0653937655860349,2.54E-5));
#15604=CARTESIAN_POINT('',(0.00275353740648378,-0.0649749725685786,0.));
#15605=CARTESIAN_POINT('',(0.00275353740648378,-0.0649749725685786,2.54E-5));
#15606=CARTESIAN_POINT('',(0.00275353740648378,-0.0649749725685786,2.54E-5));
#15607=CARTESIAN_POINT('',(0.00288053740648378,-0.064551680798005,0.));
#15608=CARTESIAN_POINT('',(0.00288053740648378,-0.064551680798005,0.));
#15609=CARTESIAN_POINT('',(0.00288053740648378,-0.0641283890274314,0.));
#15610=CARTESIAN_POINT('',(0.00288053740648378,-0.0641283890274314,0.));
#15611=CARTESIAN_POINT('',(0.00275353740648378,-0.064551680798005,0.));
#15612=CARTESIAN_POINT('',(0.00275353740648378,-0.0641283890274314,0.));
#15613=CARTESIAN_POINT('',(0.00288053740648378,-0.0641283890274314,0.));
#15614=CARTESIAN_POINT('',(0.00288053740648378,-0.0641283890274314,2.54E-5));
#15615=CARTESIAN_POINT('',(0.00288053740648378,-0.0639333932534062,0.));
#15616=CARTESIAN_POINT('',(0.00288053740648378,-0.0639333932534062,2.54E-5));
#15617=CARTESIAN_POINT('',(0.00291912442579003,-0.0635955896920773,0.));
#15618=CARTESIAN_POINT('',(0.00291912442579003,-0.0635955896920773,2.54E-5));
#15619=CARTESIAN_POINT('',(0.00300828424974041,-0.0633932585881313,0.));
#15620=CARTESIAN_POINT('',(0.00300828424974041,-0.0633932585881313,2.54E-5));
#15621=CARTESIAN_POINT('',(0.00307903736694751,-0.0633041014808993,0.));
#15622=CARTESIAN_POINT('',(0.00307903736694751,-0.0633041014808993,2.54E-5));
#15623=CARTESIAN_POINT('',(0.00288053740648378,-0.0641283890274314,0.));
#15624=CARTESIAN_POINT('',(0.00288053740648378,-0.0638403710682592,0.));
#15625=CARTESIAN_POINT('',(0.00289823127874972,-0.0635319380544664,0.));
#15626=CARTESIAN_POINT('',(0.00307903736694751,-0.0633041014808993,0.));
#15627=CARTESIAN_POINT('',(0.00307903736694751,-0.0633041014808992,0.));
#15628=CARTESIAN_POINT('',(0.00307903736694751,-0.0633041014808992,0.));
#15629=CARTESIAN_POINT('',(0.00275353740648378,-0.0641283890274314,0.));
#15630=CARTESIAN_POINT('',(0.00275353740648378,-0.0641283890274314,2.54E-5));
#15631=CARTESIAN_POINT('',(0.00275353740648378,-0.0639258586169179,0.));
#15632=CARTESIAN_POINT('',(0.00275353740648378,-0.0639258586169179,2.54E-5));
#15633=CARTESIAN_POINT('',(0.00278570350438468,-0.0635782157942065,0.));
#15634=CARTESIAN_POINT('',(0.00278570350438468,-0.0635782157942065,2.54E-5));
#15635=CARTESIAN_POINT('',(0.00290880303205491,-0.0633143124841881,0.));
#15636=CARTESIAN_POINT('',(0.00290880303205491,-0.0633143124841881,2.54E-5));
#15637=CARTESIAN_POINT('',(0.00297955614926196,-0.0632251553769561,0.));
#15638=CARTESIAN_POINT('',(0.00297955614926196,-0.0632251553769561,2.54E-5));
#15639=CARTESIAN_POINT('',(0.00297955614926195,-0.0632251553769561,2.54E-5));
#15640=CARTESIAN_POINT('',(0.00307903736694752,-0.0633041014808993,0.));
#15641=CARTESIAN_POINT('',(0.00307903736694752,-0.0633041014808993,2.54E-5));
#15642=CARTESIAN_POINT('',(0.00320676704601959,-0.0631431473188315,0.));
#15643=CARTESIAN_POINT('',(0.00320676704601959,-0.0631431473188315,2.54E-5));
#15644=CARTESIAN_POINT('',(0.00339369576059855,-0.0630606571072319,0.));
#15645=CARTESIAN_POINT('',(0.00339369576059855,-0.0630606571072319,2.54E-5));
#15646=CARTESIAN_POINT('',(0.00369797506234413,-0.0630606571072319,0.));
#15647=CARTESIAN_POINT('',(0.00369797506234413,-0.0630606571072319,2.54E-5));
#15648=CARTESIAN_POINT('',(0.00307903736694752,-0.0633041014808993,0.));
#15649=CARTESIAN_POINT('',(0.00322146426995076,-0.0631246271175772,0.));
#15650=CARTESIAN_POINT('',(0.00346700796587049,-0.0630606571072319,0.));
#15651=CARTESIAN_POINT('',(0.00369797506234413,-0.0630606571072319,0.));
#15652=CARTESIAN_POINT('',(0.00369797506234413,-0.0630606571072319,0.));
#15653=CARTESIAN_POINT('',(0.00369797506234413,-0.0630606571072319,0.));
#15654=CARTESIAN_POINT('',(0.00297955614926195,-0.0632251553769561,0.));
#15655=CARTESIAN_POINT('',(0.00297955614926195,-0.0632251553769561,2.54E-5));
#15656=CARTESIAN_POINT('',(0.00313483893901781,-0.0630294811100961,0.));
#15657=CARTESIAN_POINT('',(0.00313483893901781,-0.0630294811100961,2.54E-5));
#15658=CARTESIAN_POINT('',(0.00339369576059856,-0.0629336571072319,0.));
#15659=CARTESIAN_POINT('',(0.00339369576059856,-0.0629336571072319,2.54E-5));
#15660=CARTESIAN_POINT('',(0.00369797506234413,-0.0629336571072319,0.));
#15661=CARTESIAN_POINT('',(0.00369797506234413,-0.0629336571072319,2.54E-5));
#15662=CARTESIAN_POINT('',(0.00369797506234413,-0.0629336571072319,2.54E-5));
#15663=CARTESIAN_POINT('',(0.00409059351620947,-0.0630606571072319,0.));
#15664=CARTESIAN_POINT('',(0.00441971197007481,-0.0630606571072319,0.));
#15665=CARTESIAN_POINT('',(0.00441971197007481,-0.0630606571072319,0.));
#15666=CARTESIAN_POINT('',(0.00409059351620947,-0.0630606571072319,0.));
#15667=CARTESIAN_POINT('',(0.00409059351620947,-0.0629336571072319,0.));
#15668=CARTESIAN_POINT('',(0.00448321197007481,-0.0629336571072319,0.));
#15669=CARTESIAN_POINT('',(0.00448321197007481,-0.0629971571072319,0.));
#15670=CARTESIAN_POINT('',(0.00454671197007481,-0.0629971571072319,2.54E-5));
#15671=CARTESIAN_POINT('',(0.00441971197007481,-0.0645676309226933,0.));
#15672=CARTESIAN_POINT('',(0.00441971197007481,-0.0660746047381546,0.));
#15673=CARTESIAN_POINT('',(0.00441971197007481,-0.0660746047381546,0.));
#15674=CARTESIAN_POINT('',(0.00441971197007481,-0.0645676309226933,0.));
#15675=CARTESIAN_POINT('',(0.00454671197007481,-0.0645676309226933,0.));
#15676=CARTESIAN_POINT('',(0.00454671197007481,-0.0661381047381546,0.));
#15677=CARTESIAN_POINT('',(0.00448321197007481,-0.0661381047381546,0.));
#15678=CARTESIAN_POINT('',(0.00448321197007481,-0.0662016047381546,2.54E-5));
#15679=CARTESIAN_POINT('',(0.00416911720698254,-0.0660746047381546,0.));
#15680=CARTESIAN_POINT('',(0.00416911720698254,-0.0660746047381546,0.));
#15681=CARTESIAN_POINT('',(0.00416911720698254,-0.0662016047381546,0.));
#15682=CARTESIAN_POINT('',(0.,0.,0.));
#15683=CARTESIAN_POINT('',(-0.00767200997506235,-0.0614901832917706,0.));
#15684=CARTESIAN_POINT('',(-0.006463180798005,-0.0614901832917706,0.));
#15685=CARTESIAN_POINT('',(-0.006463180798005,-0.0614901832917706,2.54E-5));
#15686=CARTESIAN_POINT('',(-0.006463180798005,-0.0614901832917706,0.));
#15687=CARTESIAN_POINT('',(-0.00767200997506235,-0.0614901832917706,0.));
#15688=CARTESIAN_POINT('',(-0.00894433915211971,-0.0614901832917706,0.));
#15689=CARTESIAN_POINT('',(-0.00894433915211971,-0.0614901832917706,0.));
#15690=CARTESIAN_POINT('',(-0.00894433915211971,-0.0614901832917706,2.54E-5));
#15691=CARTESIAN_POINT('',(-0.00767200997506235,-0.0614901832917706,2.54E-5));
#15692=CARTESIAN_POINT('',(-0.00767200997506235,-0.0614266832917706,2.54E-5));
#15693=CARTESIAN_POINT('',(-0.011457397755611,-0.0646854164588529,2.54E-5));
#15694=CARTESIAN_POINT('',(-0.011457397755611,-0.0641431122194514,2.54E-5));
#15695=CARTESIAN_POINT('',(-0.011457397755611,-0.0652277206982544,2.54E-5));
#15696=CARTESIAN_POINT('',(-0.01083031689809,-0.0672100799022445,2.54E-5));
#15697=CARTESIAN_POINT('',(-0.0113167073277661,-0.0666884840700384,2.54E-5));
#15698=CARTESIAN_POINT('',(-0.011457397755611,-0.0659393479411942,2.54E-5));
#15699=CARTESIAN_POINT('',(-0.011457397755611,-0.0652277206982544,2.54E-5));
#15700=CARTESIAN_POINT('',(-0.0108303168980901,-0.0672100799022444,2.54E-5));
#15701=CARTESIAN_POINT('',(-0.00894433915211971,-0.0678806496259352,2.54E-5));
#15702=CARTESIAN_POINT('',(-0.00928959746956697,-0.0678806496259352,2.54E-5));
#15703=CARTESIAN_POINT('',(-0.00998310610352736,-0.06781120442957,2.54E-5));
#15704=CARTESIAN_POINT('',(-0.0105966275659106,-0.0674606838908483,2.54E-5));
#15705=CARTESIAN_POINT('',(-0.0108303168980901,-0.0672100799022444,2.54E-5));
#15706=CARTESIAN_POINT('',(-0.00894433915211971,-0.0678806496259352,2.54E-5));
#15707=CARTESIAN_POINT('',(-0.00853577057356609,-0.0678806496259352,2.54E-5));
#15708=CARTESIAN_POINT('',(-0.00812720199501248,-0.0678806496259352,2.54E-5));
#15709=CARTESIAN_POINT('',(-0.00812720199501248,-0.0679441496259352,2.54E-5));
#15710=CARTESIAN_POINT('',(-0.00806370199501248,-0.0679441496259352,2.54E-5));
#15711=CARTESIAN_POINT('',(-0.00806370199501248,-0.0701820748129676,2.54E-5));
#15712=CARTESIAN_POINT('',(-0.00806370199501248,-0.0723565,2.54E-5));
#15713=CARTESIAN_POINT('',(-0.00726344139650874,-0.0723565,2.54E-5));
#15714=CARTESIAN_POINT('',(-0.006463180798005,-0.0723565,2.54E-5));
#15715=CARTESIAN_POINT('',(-0.006463180798005,-0.0669233416458853,2.54E-5));
#15716=CARTESIAN_POINT('',(-0.0108303168980901,-0.0621607530154613,2.54E-5));
#15717=CARTESIAN_POINT('',(-0.0103598312969506,-0.0616562132184307,2.54E-5));
#15718=CARTESIAN_POINT('',(-0.00963258285961355,-0.0614901832917706,2.54E-5));
#15719=CARTESIAN_POINT('',(-0.00894433915211971,-0.0614901832917706,2.54E-5));
#15720=CARTESIAN_POINT('',(-0.0108303168980901,-0.0621607530154613,2.54E-5));
#15721=CARTESIAN_POINT('',(-0.011457397755611,-0.0641431122194514,2.54E-5));
#15722=CARTESIAN_POINT('',(-0.011457397755611,-0.0637869437391515,2.54E-5));
#15723=CARTESIAN_POINT('',(-0.0113930134437189,-0.0630735631430127,2.54E-5));
#15724=CARTESIAN_POINT('',(-0.0110733902445205,-0.0624214202422047,2.54E-5));
#15725=CARTESIAN_POINT('',(-0.0108303168980901,-0.0621607530154613,2.54E-5));
#15726=CARTESIAN_POINT('',(-0.0109231993113863,-0.0620741397526185,2.54E-5));
#15727=CARTESIAN_POINT('',(-0.0114327670579096,-0.0626205904979378,2.54E-5));
#15728=CARTESIAN_POINT('',(-0.011584397755611,-0.0633993073753172,2.54E-5));
#15729=CARTESIAN_POINT('',(-0.011584397755611,-0.0641431122194514,2.54E-5));
#15730=CARTESIAN_POINT('',(-0.0109231993113863,-0.0620741397526185,2.54E-5));
#15731=CARTESIAN_POINT('',(-0.011584397755611,-0.0641431122194514,2.54E-5));
#15732=CARTESIAN_POINT('',(-0.00894433915211971,-0.0613631832917706,2.54E-5));
#15733=CARTESIAN_POINT('',(-0.009307127840119,-0.0613631832917706,2.54E-5));
#15734=CARTESIAN_POINT('',(-0.0100355900545437,-0.0614386421954773,2.54E-5));
#15735=CARTESIAN_POINT('',(-0.0106776023431285,-0.0618107662418969,2.54E-5));
#15736=CARTESIAN_POINT('',(-0.0109231993113862,-0.0620741397526185,2.54E-5));
#15737=CARTESIAN_POINT('',(-0.00894433915211971,-0.0613631832917706,2.54E-5));
#15738=CARTESIAN_POINT('',(-0.00767200997506235,-0.0613631832917706,2.54E-5));
#15739=CARTESIAN_POINT('',(-0.006399680798005,-0.0613631832917706,2.54E-5));
#15740=CARTESIAN_POINT('',(-0.006399680798005,-0.0614266832917706,2.54E-5));
#15741=CARTESIAN_POINT('',(-0.006336180798005,-0.0614266832917706,2.54E-5));
#15742=CARTESIAN_POINT('',(-0.006336180798005,-0.0669233416458853,2.54E-5));
#15743=CARTESIAN_POINT('',(-0.006336180798005,-0.07242,2.54E-5));
#15744=CARTESIAN_POINT('',(-0.006399680798005,-0.07242,2.54E-5));
#15745=CARTESIAN_POINT('',(-0.006399680798005,-0.0724835,2.54E-5));
#15746=CARTESIAN_POINT('',(-0.00726344139650874,-0.0724835,2.54E-5));
#15747=CARTESIAN_POINT('',(-0.00812720199501248,-0.0724835,2.54E-5));
#15748=CARTESIAN_POINT('',(-0.00812720199501248,-0.07242,2.54E-5));
#15749=CARTESIAN_POINT('',(-0.00819070199501248,-0.07242,2.54E-5));
#15750=CARTESIAN_POINT('',(-0.00819070199501248,-0.0701820748129676,2.54E-5));
#15751=CARTESIAN_POINT('',(-0.00819070199501248,-0.0680076496259352,2.54E-5));
#15752=CARTESIAN_POINT('',(-0.00853577057356609,-0.0680076496259352,2.54E-5));
#15753=CARTESIAN_POINT('',(-0.00894433915211971,-0.0680076496259352,2.54E-5));
#15754=CARTESIAN_POINT('',(-0.0109231993113863,-0.0672966931650872,2.54E-5));
#15755=CARTESIAN_POINT('',(-0.01042865061566,-0.067827037766409,2.54E-5));
#15756=CARTESIAN_POINT('',(-0.00966859532477227,-0.0680076496259352,2.54E-5));
#15757=CARTESIAN_POINT('',(-0.00894433915211971,-0.0680076496259352,2.54E-5));
#15758=CARTESIAN_POINT('',(-0.0109231993113863,-0.0672966931650872,2.54E-5));
#15759=CARTESIAN_POINT('',(-0.011584397755611,-0.0652277206982544,2.54E-5));
#15760=CARTESIAN_POINT('',(-0.011584397755611,-0.0655999291778405,2.54E-5));
#15761=CARTESIAN_POINT('',(-0.0115152620004966,-0.0663449916227684,2.54E-5));
#15762=CARTESIAN_POINT('',(-0.0111772767954595,-0.0670242253107377,2.54E-5));
#15763=CARTESIAN_POINT('',(-0.0109231993113863,-0.0672966931650872,2.54E-5));
#15764=CARTESIAN_POINT('',(-0.011584397755611,-0.0652277206982544,2.54E-5));
#15765=CARTESIAN_POINT('',(-0.011584397755611,-0.0646854164588529,2.54E-5));
#15766=CARTESIAN_POINT('',(-0.00767200997506235,-0.0613631832917706,0.));
#15767=CARTESIAN_POINT('',(-0.006399680798005,-0.0613631832917706,0.));
#15768=CARTESIAN_POINT('',(-0.00894433915211971,-0.0613631832917706,0.));
#15769=CARTESIAN_POINT('',(-0.006399680798005,-0.0614266832917706,0.));
#15770=CARTESIAN_POINT('',(-0.006336180798005,-0.0614266832917706,0.));
#15771=CARTESIAN_POINT('',(-0.00894433915211971,-0.0613631832917706,0.));
#15772=CARTESIAN_POINT('',(-0.00894433915211971,-0.0613631832917706,2.54E-5));
#15773=CARTESIAN_POINT('',(-0.00937944026857468,-0.0613631832917706,0.));
#15774=CARTESIAN_POINT('',(-0.00937944026857468,-0.0613631832917706,2.54E-5));
#15775=CARTESIAN_POINT('',(-0.0101419522916798,-0.0614756245965509,0.));
#15776=CARTESIAN_POINT('',(-0.0101419522916798,-0.0614756245965509,2.54E-5));
#15777=CARTESIAN_POINT('',(-0.0107084860944271,-0.0618438853885274,0.));
#15778=CARTESIAN_POINT('',(-0.0107084860944271,-0.0618438853885274,2.54E-5));
#15779=CARTESIAN_POINT('',(-0.0109231993113862,-0.0620741397526185,0.));
#15780=CARTESIAN_POINT('',(-0.0109231993113862,-0.0620741397526185,2.54E-5));
#15781=CARTESIAN_POINT('',(-0.0109231993113863,-0.0620741397526185,0.));
#15782=CARTESIAN_POINT('',(-0.00894433915211971,-0.0614901832917706,0.));
#15783=CARTESIAN_POINT('',(-0.00894433915211971,-0.0614901832917706,2.54E-5));
#15784=CARTESIAN_POINT('',(-0.00936809090349527,-0.0614901832917706,0.));
#15785=CARTESIAN_POINT('',(-0.00936809090349527,-0.0614901832917706,2.54E-5));
#15786=CARTESIAN_POINT('',(-0.0101085713990945,-0.0616079963510807,0.));
#15787=CARTESIAN_POINT('',(-0.0101085713990945,-0.0616079963510807,2.54E-5));
#15788=CARTESIAN_POINT('',(-0.0106156036811324,-0.0619304986513719,0.));
#15789=CARTESIAN_POINT('',(-0.0106156036811324,-0.0619304986513719,2.54E-5));
#15790=CARTESIAN_POINT('',(-0.0108303168980901,-0.0621607530154613,0.));
#15791=CARTESIAN_POINT('',(-0.0108303168980901,-0.0621607530154613,2.54E-5));
#15792=CARTESIAN_POINT('',(-0.0108303168980901,-0.0621607530154613,0.));
#15793=CARTESIAN_POINT('',(-0.0103598312969506,-0.0616562132184307,0.));
#15794=CARTESIAN_POINT('',(-0.00963258285961355,-0.0614901832917706,0.));
#15795=CARTESIAN_POINT('',(-0.00894433915211971,-0.0614901832917706,0.));
#15796=CARTESIAN_POINT('',(-0.0108303168980901,-0.0621607530154613,0.));
#15797=CARTESIAN_POINT('',(-0.0108303168980901,-0.0621607530154613,2.54E-5));
#15798=CARTESIAN_POINT('',(-0.0109231993113863,-0.0620741397526185,0.));
#15799=CARTESIAN_POINT('',(-0.0109231993113863,-0.0620741397526185,2.54E-5));
#15800=CARTESIAN_POINT('',(-0.0113665401329305,-0.0625495700050554,0.));
#15801=CARTESIAN_POINT('',(-0.0113665401329305,-0.0625495700050554,2.54E-5));
#15802=CARTESIAN_POINT('',(-0.011584397755611,-0.0632531770573566,0.));
#15803=CARTESIAN_POINT('',(-0.011584397755611,-0.0632531770573566,2.54E-5));
#15804=CARTESIAN_POINT('',(-0.011584397755611,-0.0641431122194514,0.));
#15805=CARTESIAN_POINT('',(-0.011584397755611,-0.0641431122194514,2.54E-5));
#15806=CARTESIAN_POINT('',(-0.011584397755611,-0.0641431122194514,0.));
#15807=CARTESIAN_POINT('',(-0.0108303168980901,-0.0621607530154613,0.));
#15808=CARTESIAN_POINT('',(-0.0108303168980901,-0.0621607530154613,2.54E-5));
#15809=CARTESIAN_POINT('',(-0.0112458289443763,-0.0626063402193834,0.));
#15810=CARTESIAN_POINT('',(-0.0112458289443763,-0.0626063402193834,2.54E-5));
#15811=CARTESIAN_POINT('',(-0.011457397755611,-0.0632531770573566,0.));
#15812=CARTESIAN_POINT('',(-0.011457397755611,-0.0632531770573566,2.54E-5));
#15813=CARTESIAN_POINT('',(-0.011457397755611,-0.0641431122194514,0.));
#15814=CARTESIAN_POINT('',(-0.011457397755611,-0.0641431122194514,2.54E-5));
#15815=CARTESIAN_POINT('',(-0.011457397755611,-0.0641431122194514,0.));
#15816=CARTESIAN_POINT('',(-0.011457397755611,-0.0637869437391515,0.));
#15817=CARTESIAN_POINT('',(-0.0113930134437189,-0.0630735631430127,0.));
#15818=CARTESIAN_POINT('',(-0.0110733902445205,-0.0624214202422047,0.));
#15819=CARTESIAN_POINT('',(-0.0108303168980901,-0.0621607530154613,0.));
#15820=CARTESIAN_POINT('',(-0.011457397755611,-0.0641431122194514,0.));
#15821=CARTESIAN_POINT('',(-0.011457397755611,-0.0641431122194514,2.54E-5));
#15822=CARTESIAN_POINT('',(-0.006463180798005,-0.0669233416458853,0.));
#15823=CARTESIAN_POINT('',(-0.006463180798005,-0.0723565,0.));
#15824=CARTESIAN_POINT('',(-0.006463180798005,-0.0723565,0.));
#15825=CARTESIAN_POINT('',(-0.006463180798005,-0.0669233416458853,0.));
#15826=CARTESIAN_POINT('',(-0.011584397755611,-0.0646854164588529,0.));
#15827=CARTESIAN_POINT('',(-0.011584397755611,-0.0652277206982544,0.));
#15828=CARTESIAN_POINT('',(-0.011457397755611,-0.0646854164588529,0.));
#15829=CARTESIAN_POINT('',(-0.011457397755611,-0.0646854164588529,0.));
#15830=CARTESIAN_POINT('',(-0.011457397755611,-0.0652277206982544,0.));
#15831=CARTESIAN_POINT('',(-0.011457397755611,-0.0652277206982544,0.));
#15832=CARTESIAN_POINT('',(-0.011584397755611,-0.0652277206982544,0.));
#15833=CARTESIAN_POINT('',(-0.011584397755611,-0.0652277206982544,2.54E-5));
#15834=CARTESIAN_POINT('',(-0.011584397755611,-0.066127869555202,0.));
#15835=CARTESIAN_POINT('',(-0.011584397755611,-0.066127869555202,2.54E-5));
#15836=CARTESIAN_POINT('',(-0.0113526257453016,-0.0668361844369067,0.));
#15837=CARTESIAN_POINT('',(-0.0113526257453016,-0.0668361844369067,2.54E-5));
#15838=CARTESIAN_POINT('',(-0.0109231993113863,-0.0672966931650872,0.));
#15839=CARTESIAN_POINT('',(-0.0109231993113863,-0.0672966931650872,2.54E-5));
#15840=CARTESIAN_POINT('',(-0.0109231993113862,-0.0672966931650872,0.));
#15841=CARTESIAN_POINT('',(-0.011457397755611,-0.0652277206982544,0.));
#15842=CARTESIAN_POINT('',(-0.011457397755611,-0.0652277206982544,2.54E-5));
#15843=CARTESIAN_POINT('',(-0.011457397755611,-0.0661074421654961,0.));
#15844=CARTESIAN_POINT('',(-0.011457397755611,-0.0661074421654961,2.54E-5));
#15845=CARTESIAN_POINT('',(-0.0112597433320028,-0.0667495711740667,0.));
#15846=CARTESIAN_POINT('',(-0.0112597433320028,-0.0667495711740667,2.54E-5));
#15847=CARTESIAN_POINT('',(-0.01083031689809,-0.0672100799022445,0.));
#15848=CARTESIAN_POINT('',(-0.01083031689809,-0.0672100799022445,2.54E-5));
#15849=CARTESIAN_POINT('',(-0.01083031689809,-0.0672100799022445,0.));
#15850=CARTESIAN_POINT('',(-0.0113167073277661,-0.0666884840700385,0.));
#15851=CARTESIAN_POINT('',(-0.011457397755611,-0.0659393479411942,0.));
#15852=CARTESIAN_POINT('',(-0.011457397755611,-0.0652277206982544,0.));
#15853=CARTESIAN_POINT('',(-0.0108303168980901,-0.0672100799022444,0.));
#15854=CARTESIAN_POINT('',(-0.0108303168980901,-0.0672100799022444,2.54E-5));
#15855=CARTESIAN_POINT('',(-0.0109231993113863,-0.0672966931650872,0.));
#15856=CARTESIAN_POINT('',(-0.0109231993113863,-0.0672966931650872,2.54E-5));
#15857=CARTESIAN_POINT('',(-0.0104793725093917,-0.0677726445737023,0.));
#15858=CARTESIAN_POINT('',(-0.0104793725093917,-0.0677726445737023,2.54E-5));
#15859=CARTESIAN_POINT('',(-0.00980319201995034,-0.0680076496259352,0.));
#15860=CARTESIAN_POINT('',(-0.00980319201995034,-0.0680076496259352,2.54E-5));
#15861=CARTESIAN_POINT('',(-0.00894433915211971,-0.0680076496259352,0.));
#15862=CARTESIAN_POINT('',(-0.00894433915211971,-0.0680076496259352,2.54E-5));
#15863=CARTESIAN_POINT('',(-0.00894433915211971,-0.0680076496259352,0.));
#15864=CARTESIAN_POINT('',(-0.0108303168980901,-0.0672100799022444,0.));
#15865=CARTESIAN_POINT('',(-0.0108303168980901,-0.0672100799022444,2.54E-5));
#15866=CARTESIAN_POINT('',(-0.0104152908322542,-0.0676551459499885,0.));
#15867=CARTESIAN_POINT('',(-0.0104152908322542,-0.0676551459499885,2.54E-5));
#15868=CARTESIAN_POINT('',(-0.00980319201995028,-0.0678806496259352,0.));
#15869=CARTESIAN_POINT('',(-0.00980319201995028,-0.0678806496259352,2.54E-5));
#15870=CARTESIAN_POINT('',(-0.00894433915211971,-0.0678806496259352,0.));
#15871=CARTESIAN_POINT('',(-0.00894433915211971,-0.0678806496259352,2.54E-5));
#15872=CARTESIAN_POINT('',(-0.00894433915211971,-0.0678806496259352,0.));
#15873=CARTESIAN_POINT('',(-0.00928959746956697,-0.0678806496259352,0.));
#15874=CARTESIAN_POINT('',(-0.00998310610352736,-0.06781120442957,0.));
#15875=CARTESIAN_POINT('',(-0.0105966275659106,-0.0674606838908483,0.));
#15876=CARTESIAN_POINT('',(-0.0108303168980901,-0.0672100799022444,0.));
#15877=CARTESIAN_POINT('',(-0.00894433915211971,-0.0678806496259352,0.));
#15878=CARTESIAN_POINT('',(-0.00894433915211971,-0.0678806496259352,2.54E-5));
#15879=CARTESIAN_POINT('',(-0.00853577057356609,-0.0680076496259352,0.));
#15880=CARTESIAN_POINT('',(-0.00819070199501248,-0.0680076496259352,0.));
#15881=CARTESIAN_POINT('',(-0.00853577057356609,-0.0678806496259352,0.));
#15882=CARTESIAN_POINT('',(-0.00853577057356609,-0.0678806496259352,0.));
#15883=CARTESIAN_POINT('',(-0.00812720199501248,-0.0678806496259352,0.));
#15884=CARTESIAN_POINT('',(-0.00812720199501248,-0.0678806496259352,0.));
#15885=CARTESIAN_POINT('',(-0.00812720199501248,-0.0679441496259352,0.));
#15886=CARTESIAN_POINT('',(-0.00806370199501248,-0.0679441496259352,2.54E-5));
#15887=CARTESIAN_POINT('',(-0.00806370199501248,-0.0679441496259352,0.));
#15888=CARTESIAN_POINT('',(-0.00812720199501248,-0.0679441496259352,0.));
#15889=CARTESIAN_POINT('',(-0.00726344139650874,-0.0723565,0.));
#15890=CARTESIAN_POINT('',(-0.00806370199501248,-0.0723565,0.));
#15891=CARTESIAN_POINT('',(-0.00806370199501248,-0.0723565,0.));
#15892=CARTESIAN_POINT('',(-0.00726344139650874,-0.0723565,0.));
#15893=CARTESIAN_POINT('',(-0.00806370199501248,-0.0701820748129676,0.));
#15894=CARTESIAN_POINT('',(-0.00806370199501248,-0.0701820748129676,0.));
#15895=CARTESIAN_POINT('',(-0.00819070199501248,-0.0701820748129676,0.));
#15896=CARTESIAN_POINT('',(-0.00819070199501248,-0.07242,0.));
#15897=CARTESIAN_POINT('',(-0.00812720199501248,-0.07242,0.));
#15898=CARTESIAN_POINT('',(-0.00812720199501248,-0.0724835,0.));
#15899=CARTESIAN_POINT('',(-0.00726344139650874,-0.0724835,0.));
#15900=CARTESIAN_POINT('',(-0.006399680798005,-0.0724835,0.));
#15901=CARTESIAN_POINT('',(-0.006399680798005,-0.07242,0.));
#15902=CARTESIAN_POINT('',(-0.006336180798005,-0.07242,0.));
#15903=CARTESIAN_POINT('',(-0.006336180798005,-0.0669233416458853,0.));
#15904=CARTESIAN_POINT('',(0.,0.,0.));
#15905=CARTESIAN_POINT('',(-0.0220644486961315,-0.0706405477345966,0.));
#15906=CARTESIAN_POINT('',(-0.0218915608858578,-0.070832126118954,0.));
#15907=CARTESIAN_POINT('',(-0.0216246592899682,-0.0709130261845386,0.));
#15908=CARTESIAN_POINT('',(-0.0213658054862843,-0.0709130261845386,0.));
#15909=CARTESIAN_POINT('',(-0.0213658054862843,-0.0709130261845386,0.));
#15910=CARTESIAN_POINT('',(-0.0220644486961315,-0.0706405477345966,0.));
#15911=CARTESIAN_POINT('',(-0.0209253366583542,-0.0709130261845386,0.));
#15912=CARTESIAN_POINT('',(-0.0204848678304239,-0.0709130261845386,0.));
#15913=CARTESIAN_POINT('',(-0.0204848678304239,-0.0708495261845387,0.));
#15914=CARTESIAN_POINT('',(-0.0204213678304239,-0.0708495261845387,0.));
#15915=CARTESIAN_POINT('',(-0.0204213678304239,-0.0669233416458853,0.));
#15916=CARTESIAN_POINT('',(-0.0204213678304239,-0.0629971571072319,0.));
#15917=CARTESIAN_POINT('',(-0.0204848678304239,-0.0629971571072319,0.));
#15918=CARTESIAN_POINT('',(-0.0204848678304239,-0.0629336571072319,0.));
#15919=CARTESIAN_POINT('',(-0.0209253366583542,-0.0629336571072319,0.));
#15920=CARTESIAN_POINT('',(-0.0213658054862843,-0.0629336571072319,0.));
#15921=CARTESIAN_POINT('',(-0.0213658054862843,-0.0629336571072319,0.));
#15922=CARTESIAN_POINT('',(-0.0216232162258159,-0.0629336571072319,0.));
#15923=CARTESIAN_POINT('',(-0.0218901931299349,-0.0630130415513887,0.));
#15924=CARTESIAN_POINT('',(-0.0220644486961314,-0.063206135557174,0.));
#15925=CARTESIAN_POINT('',(-0.0220644486961315,-0.063206135557174,0.));
#15926=CARTESIAN_POINT('',(-0.0220644486961315,-0.063206135557174,0.));
#15927=CARTESIAN_POINT('',(-0.0222688003543787,-0.0634325792865834,0.));
#15928=CARTESIAN_POINT('',(-0.022307789276808,-0.0637594718636227,0.));
#15929=CARTESIAN_POINT('',(-0.022307789276808,-0.0640645885286783,0.));
#15930=CARTESIAN_POINT('',(-0.022307789276808,-0.0640645885286783,0.));
#15931=CARTESIAN_POINT('',(-0.022307789276808,-0.0669233416458853,0.));
#15932=CARTESIAN_POINT('',(-0.022307789276808,-0.0697820947630923,0.));
#15933=CARTESIAN_POINT('',(-0.022307789276808,-0.0697820947630923,0.));
#15934=CARTESIAN_POINT('',(-0.022307789276808,-0.0700868036942085,0.));
#15935=CARTESIAN_POINT('',(-0.0222703620249686,-0.0704123735053446,0.));
#15936=CARTESIAN_POINT('',(-0.0220644486961314,-0.0706405477345966,0.));
#15937=CARTESIAN_POINT('',(-0.0217244788029925,-0.0707656857855362,2.54E-5));
#15938=CARTESIAN_POINT('',(-0.0213658054862843,-0.0629336571072319,2.54E-5));
#15939=CARTESIAN_POINT('',(-0.0216232162258159,-0.0629336571072319,2.54E-5));
#15940=CARTESIAN_POINT('',(-0.0218901931299349,-0.0630130415513887,2.54E-5));
#15941=CARTESIAN_POINT('',(-0.0220644486961314,-0.063206135557174,2.54E-5));
#15942=CARTESIAN_POINT('',(-0.0220644486961315,-0.063206135557174,2.54E-5));
#15943=CARTESIAN_POINT('',(-0.0213658054862843,-0.0629336571072319,2.54E-5));
#15944=CARTESIAN_POINT('',(-0.0209253366583542,-0.0629336571072319,2.54E-5));
#15945=CARTESIAN_POINT('',(-0.0204848678304239,-0.0629336571072319,2.54E-5));
#15946=CARTESIAN_POINT('',(-0.0204848678304239,-0.0629971571072319,2.54E-5));
#15947=CARTESIAN_POINT('',(-0.0204213678304239,-0.0629971571072319,2.54E-5));
#15948=CARTESIAN_POINT('',(-0.0204213678304239,-0.0669233416458853,2.54E-5));
#15949=CARTESIAN_POINT('',(-0.0204213678304239,-0.0708495261845387,2.54E-5));
#15950=CARTESIAN_POINT('',(-0.0204848678304239,-0.0708495261845387,2.54E-5));
#15951=CARTESIAN_POINT('',(-0.0204848678304239,-0.0709130261845387,2.54E-5));
#15952=CARTESIAN_POINT('',(-0.0209253366583542,-0.0709130261845386,2.54E-5));
#15953=CARTESIAN_POINT('',(-0.0213658054862843,-0.0709130261845386,2.54E-5));
#15954=CARTESIAN_POINT('',(-0.0220644486961315,-0.0706405477345966,2.54E-5));
#15955=CARTESIAN_POINT('',(-0.0218915608858552,-0.0708321261189569,2.54E-5));
#15956=CARTESIAN_POINT('',(-0.0216246592899606,-0.0709130261845386,2.54E-5));
#15957=CARTESIAN_POINT('',(-0.0213658054862728,-0.0709130261845386,2.54E-5));
#15958=CARTESIAN_POINT('',(-0.0220644486961315,-0.0706405477345966,2.54E-5));
#15959=CARTESIAN_POINT('',(-0.022307789276808,-0.0697820947630923,2.54E-5));
#15960=CARTESIAN_POINT('',(-0.022307789276808,-0.0700868036942085,2.54E-5));
#15961=CARTESIAN_POINT('',(-0.0222703620249686,-0.0704123735053446,2.54E-5));
#15962=CARTESIAN_POINT('',(-0.0220644486961314,-0.0706405477345966,2.54E-5));
#15963=CARTESIAN_POINT('',(-0.022307789276808,-0.0697820947630923,2.54E-5));
#15964=CARTESIAN_POINT('',(-0.022307789276808,-0.0669233416458853,2.54E-5));
#15965=CARTESIAN_POINT('',(-0.022307789276808,-0.0640645885286783,2.54E-5));
#15966=CARTESIAN_POINT('',(-0.0220644486961315,-0.063206135557174,2.54E-5));
#15967=CARTESIAN_POINT('',(-0.0222688003543787,-0.0634325792865834,2.54E-5));
#15968=CARTESIAN_POINT('',(-0.022307789276808,-0.0637594718636227,2.54E-5));
#15969=CARTESIAN_POINT('',(-0.022307789276808,-0.0640645885286783,2.54E-5));
#15970=CARTESIAN_POINT('',(-0.022180789276808,-0.0640645885286783,2.54E-5));
#15971=CARTESIAN_POINT('',(-0.022180789276808,-0.0637912193255053,2.54E-5));
#15972=CARTESIAN_POINT('',(-0.0221545977150919,-0.0634955926929389,2.54E-5));
#15973=CARTESIAN_POINT('',(-0.0219701647702027,-0.0632912210513048,2.54E-5));
#15974=CARTESIAN_POINT('',(-0.022180789276808,-0.0640645885286783,2.54E-5));
#15975=CARTESIAN_POINT('',(-0.0219701647702027,-0.0632912210513048,2.54E-5));
#15976=CARTESIAN_POINT('',(-0.022180789276808,-0.0669233416458853,2.54E-5));
#15977=CARTESIAN_POINT('',(-0.022180789276808,-0.0697820947630923,2.54E-5));
#15978=CARTESIAN_POINT('',(-0.0219701647702028,-0.0705554622404658,2.54E-5));
#15979=CARTESIAN_POINT('',(-0.0221533727423384,-0.0703524480010722,2.54E-5));
#15980=CARTESIAN_POINT('',(-0.022180789276808,-0.0700557732345873,2.54E-5));
#15981=CARTESIAN_POINT('',(-0.022180789276808,-0.0697820947630923,2.54E-5));
#15982=CARTESIAN_POINT('',(-0.0219701647702027,-0.0705554622404658,2.54E-5));
#15983=CARTESIAN_POINT('',(-0.0213658054862843,-0.0707860261845386,2.54E-5));
#15984=CARTESIAN_POINT('',(-0.0215893233211729,-0.0707860261845386,2.54E-5));
#15985=CARTESIAN_POINT('',(-0.0218214797210662,-0.0707202213489686,2.54E-5));
#15986=CARTESIAN_POINT('',(-0.0219701647702027,-0.0705554622404658,2.54E-5));
#15987=CARTESIAN_POINT('',(-0.0213658054862843,-0.0707860261845387,2.54E-5));
#15988=CARTESIAN_POINT('',(-0.0209253366583542,-0.0707860261845387,2.54E-5));
#15989=CARTESIAN_POINT('',(-0.0205483678304239,-0.0707860261845387,2.54E-5));
#15990=CARTESIAN_POINT('',(-0.0205483678304239,-0.0669233416458853,2.54E-5));
#15991=CARTESIAN_POINT('',(-0.0205483678304239,-0.0630606571072319,2.54E-5));
#15992=CARTESIAN_POINT('',(-0.0209253366583542,-0.0630606571072319,2.54E-5));
#15993=CARTESIAN_POINT('',(-0.0213658054862843,-0.0630606571072319,2.54E-5));
#15994=CARTESIAN_POINT('',(-0.0219701647702028,-0.0632912210513048,2.54E-5));
#15995=CARTESIAN_POINT('',(-0.0218212114609926,-0.0631261646816395,2.54E-5));
#15996=CARTESIAN_POINT('',(-0.0215890432450275,-0.0630606571072319,2.54E-5));
#15997=CARTESIAN_POINT('',(-0.0213658054862843,-0.0630606571072319,2.54E-5));
#15998=CARTESIAN_POINT('',(-0.0213658054862843,-0.0707860261845386,0.));
#15999=CARTESIAN_POINT('',(-0.0213658054862843,-0.0707860261845386,2.54E-5));
#16000=CARTESIAN_POINT('',(-0.0216362770109889,-0.0707860261845386,0.));
#16001=CARTESIAN_POINT('',(-0.0216362770109889,-0.0707860261845386,2.54E-5));
#16002=CARTESIAN_POINT('',(-0.0218188430744424,-0.0707231430384707,0.));
#16003=CARTESIAN_POINT('',(-0.0218188430744424,-0.0707231430384707,2.54E-5));
#16004=CARTESIAN_POINT('',(-0.0219701647702027,-0.0705554622404658,0.));
#16005=CARTESIAN_POINT('',(-0.0219701647702027,-0.0705554622404658,2.54E-5));
#16006=CARTESIAN_POINT('',(-0.0213658054862843,-0.0707860261845386,0.));
#16007=CARTESIAN_POINT('',(-0.0215893233211729,-0.0707860261845386,0.));
#16008=CARTESIAN_POINT('',(-0.0218214797210662,-0.0707202213489686,0.));
#16009=CARTESIAN_POINT('',(-0.0219701647702027,-0.0705554622404658,0.));
#16010=CARTESIAN_POINT('',(-0.0213658054862843,-0.0707860261845387,0.));
#16011=CARTESIAN_POINT('',(-0.0219701647702027,-0.0705554622404658,0.));
#16012=CARTESIAN_POINT('',(-0.0213658054862843,-0.0707860261845387,2.54E-5));
#16013=CARTESIAN_POINT('',(-0.0219701647702027,-0.0705554622404658,0.));
#16014=CARTESIAN_POINT('',(-0.0213658054862728,-0.0709130261845386,0.));
#16015=CARTESIAN_POINT('',(-0.0213658054862728,-0.0709130261845386,2.54E-5));
#16016=CARTESIAN_POINT('',(-0.0216488179551045,-0.0709130261845386,0.));
#16017=CARTESIAN_POINT('',(-0.0216488179551045,-0.0709130261845386,2.54E-5));
#16018=CARTESIAN_POINT('',(-0.0219131270003691,-0.0708082285326037,0.));
#16019=CARTESIAN_POINT('',(-0.0219131270003691,-0.0708082285326037,2.54E-5));
#16020=CARTESIAN_POINT('',(-0.0220644486961315,-0.0706405477345966,0.));
#16021=CARTESIAN_POINT('',(-0.0220644486961315,-0.0706405477345966,2.54E-5));
#16022=CARTESIAN_POINT('',(-0.0213658054862843,-0.0709130261845386,0.));
#16023=CARTESIAN_POINT('',(-0.0220644486961315,-0.0706405477345966,2.54E-5));
#16024=CARTESIAN_POINT('',(-0.0219701647702028,-0.0705554622404658,0.));
#16025=CARTESIAN_POINT('',(-0.0219701647702028,-0.0705554622404658,2.54E-5));
#16026=CARTESIAN_POINT('',(-0.0221056596341589,-0.070405319283109,0.));
#16027=CARTESIAN_POINT('',(-0.0221056596341589,-0.070405319283109,2.54E-5));
#16028=CARTESIAN_POINT('',(-0.022180789276808,-0.0701583541147129,0.));
#16029=CARTESIAN_POINT('',(-0.022180789276808,-0.0701583541147129,2.54E-5));
#16030=CARTESIAN_POINT('',(-0.022180789276808,-0.0697820947630923,0.));
#16031=CARTESIAN_POINT('',(-0.022180789276808,-0.0697820947630923,2.54E-5));
#16032=CARTESIAN_POINT('',(-0.0219701647702028,-0.0705554622404658,0.));
#16033=CARTESIAN_POINT('',(-0.0221533727423384,-0.0703524480010722,0.));
#16034=CARTESIAN_POINT('',(-0.022180789276808,-0.0700557732345873,0.));
#16035=CARTESIAN_POINT('',(-0.022180789276808,-0.0697820947630923,0.));
#16036=CARTESIAN_POINT('',(-0.022180789276808,-0.0697820947630923,0.));
#16037=CARTESIAN_POINT('',(-0.022180789276808,-0.0697820947630923,0.));
#16038=CARTESIAN_POINT('',(-0.0220644486961314,-0.0706405477345966,0.));
#16039=CARTESIAN_POINT('',(-0.0220644486961314,-0.0706405477345966,2.54E-5));
#16040=CARTESIAN_POINT('',(-0.0222315972236965,-0.0704553290959434,0.));
#16041=CARTESIAN_POINT('',(-0.0222315972236965,-0.0704553290959434,2.54E-5));
#16042=CARTESIAN_POINT('',(-0.022307789276808,-0.0701583541147132,0.));
#16043=CARTESIAN_POINT('',(-0.022307789276808,-0.0701583541147132,2.54E-5));
#16044=CARTESIAN_POINT('',(-0.022307789276808,-0.0697820947630923,0.));
#16045=CARTESIAN_POINT('',(-0.022307789276808,-0.0697820947630923,2.54E-5));
#16046=CARTESIAN_POINT('',(-0.022307789276808,-0.0697820947630923,2.54E-5));
#16047=CARTESIAN_POINT('',(-0.022180789276808,-0.0669233416458853,0.));
#16048=CARTESIAN_POINT('',(-0.022180789276808,-0.0669233416458853,0.));
#16049=CARTESIAN_POINT('',(-0.022180789276808,-0.0640645885286783,0.));
#16050=CARTESIAN_POINT('',(-0.022180789276808,-0.0640645885286783,0.));
#16051=CARTESIAN_POINT('',(-0.022307789276808,-0.0669233416458853,0.));
#16052=CARTESIAN_POINT('',(-0.022307789276808,-0.0640645885286783,0.));
#16053=CARTESIAN_POINT('',(-0.022180789276808,-0.0640645885286783,0.));
#16054=CARTESIAN_POINT('',(-0.022180789276808,-0.0640645885286783,2.54E-5));
#16055=CARTESIAN_POINT('',(-0.022180789276808,-0.0638807151934476,0.));
#16056=CARTESIAN_POINT('',(-0.022180789276808,-0.0638807151934476,2.54E-5));
#16057=CARTESIAN_POINT('',(-0.0221394262488509,-0.0635629828113437,0.));
#16058=CARTESIAN_POINT('',(-0.0221394262488509,-0.0635629828113437,2.54E-5));
#16059=CARTESIAN_POINT('',(-0.0220458256180826,-0.0633750614503068,0.));
#16060=CARTESIAN_POINT('',(-0.0220458256180826,-0.0633750614503068,2.54E-5));
#16061=CARTESIAN_POINT('',(-0.0219701647702027,-0.0632912210513048,0.));
#16062=CARTESIAN_POINT('',(-0.0219701647702027,-0.0632912210513048,2.54E-5));
#16063=CARTESIAN_POINT('',(-0.022180789276808,-0.0640645885286783,0.));
#16064=CARTESIAN_POINT('',(-0.022180789276808,-0.0637912193255053,0.));
#16065=CARTESIAN_POINT('',(-0.0221545977150919,-0.0634955926929389,0.));
#16066=CARTESIAN_POINT('',(-0.0219701647702027,-0.0632912210513048,0.));
#16067=CARTESIAN_POINT('',(-0.0219701647702027,-0.0632912210513048,0.));
#16068=CARTESIAN_POINT('',(-0.0219701647702027,-0.0632912210513048,0.));
#16069=CARTESIAN_POINT('',(-0.022307789276808,-0.0640645885286783,0.));
#16070=CARTESIAN_POINT('',(-0.022307789276808,-0.0640645885286783,2.54E-5));
#16071=CARTESIAN_POINT('',(-0.022307789276808,-0.0638722025122882,0.));
#16072=CARTESIAN_POINT('',(-0.022307789276808,-0.0638722025122882,2.54E-5));
#16073=CARTESIAN_POINT('',(-0.0222734914568851,-0.0635417054679587,0.));
#16074=CARTESIAN_POINT('',(-0.0222734914568851,-0.0635417054679587,2.54E-5));
#16075=CARTESIAN_POINT('',(-0.0221401095440118,-0.0632899759561766,0.));
#16076=CARTESIAN_POINT('',(-0.0221401095440118,-0.0632899759561766,2.54E-5));
#16077=CARTESIAN_POINT('',(-0.0220644486961315,-0.063206135557174,0.));
#16078=CARTESIAN_POINT('',(-0.0220644486961315,-0.063206135557174,2.54E-5));
#16079=CARTESIAN_POINT('',(-0.0220644486961315,-0.063206135557174,2.54E-5));
#16080=CARTESIAN_POINT('',(-0.0219701647702028,-0.0632912210513048,0.));
#16081=CARTESIAN_POINT('',(-0.0219701647702028,-0.0632912210513048,2.54E-5));
#16082=CARTESIAN_POINT('',(-0.0218320345806688,-0.0631381578683077,0.));
#16083=CARTESIAN_POINT('',(-0.0218320345806688,-0.0631381578683077,2.54E-5));
#16084=CARTESIAN_POINT('',(-0.0216488179551121,-0.0630606571072319,0.));
#16085=CARTESIAN_POINT('',(-0.0216488179551121,-0.0630606571072319,2.54E-5));
#16086=CARTESIAN_POINT('',(-0.0213658054862843,-0.0630606571072319,0.));
#16087=CARTESIAN_POINT('',(-0.0213658054862843,-0.0630606571072319,2.54E-5));
#16088=CARTESIAN_POINT('',(-0.0219701647702028,-0.0632912210513048,0.));
#16089=CARTESIAN_POINT('',(-0.0218212114609926,-0.0631261646816395,0.));
#16090=CARTESIAN_POINT('',(-0.0215890432450275,-0.0630606571072319,0.));
#16091=CARTESIAN_POINT('',(-0.0213658054862843,-0.0630606571072319,0.));
#16092=CARTESIAN_POINT('',(-0.0213658054862843,-0.0630606571072319,0.));
#16093=CARTESIAN_POINT('',(-0.0213658054862843,-0.0630606571072319,0.));
#16094=CARTESIAN_POINT('',(-0.0220644486961314,-0.063206135557174,0.));
#16095=CARTESIAN_POINT('',(-0.0220644486961314,-0.063206135557174,2.54E-5));
#16096=CARTESIAN_POINT('',(-0.0218999354941442,-0.0630238371441611,0.));
#16097=CARTESIAN_POINT('',(-0.0218999354941442,-0.0630238371441611,2.54E-5));
#16098=CARTESIAN_POINT('',(-0.0216488179551122,-0.0629336571072319,0.));
#16099=CARTESIAN_POINT('',(-0.0216488179551122,-0.0629336571072319,2.54E-5));
#16100=CARTESIAN_POINT('',(-0.0213658054862843,-0.0629336571072319,0.));
#16101=CARTESIAN_POINT('',(-0.0213658054862843,-0.0629336571072319,2.54E-5));
#16102=CARTESIAN_POINT('',(-0.0213658054862843,-0.0629336571072319,2.54E-5));
#16103=CARTESIAN_POINT('',(-0.0209253366583542,-0.0630606571072319,0.));
#16104=CARTESIAN_POINT('',(-0.0205483678304239,-0.0630606571072319,0.));
#16105=CARTESIAN_POINT('',(-0.0205483678304239,-0.0630606571072319,0.));
#16106=CARTESIAN_POINT('',(-0.0209253366583542,-0.0630606571072319,0.));
#16107=CARTESIAN_POINT('',(-0.0209253366583542,-0.0629336571072319,0.));
#16108=CARTESIAN_POINT('',(-0.0204848678304239,-0.0629336571072319,0.));
#16109=CARTESIAN_POINT('',(-0.0204848678304239,-0.0629971571072319,0.));
#16110=CARTESIAN_POINT('',(-0.0204213678304239,-0.0629971571072319,2.54E-5));
#16111=CARTESIAN_POINT('',(-0.0205483678304239,-0.0669233416458853,0.));
#16112=CARTESIAN_POINT('',(-0.0205483678304239,-0.0707860261845387,0.));
#16113=CARTESIAN_POINT('',(-0.0205483678304239,-0.0707860261845387,0.));
#16114=CARTESIAN_POINT('',(-0.0205483678304239,-0.0669233416458853,0.));
#16115=CARTESIAN_POINT('',(-0.0204213678304239,-0.0669233416458853,0.));
#16116=CARTESIAN_POINT('',(-0.0204213678304239,-0.0708495261845387,0.));
#16117=CARTESIAN_POINT('',(-0.0204848678304239,-0.0708495261845387,0.));
#16118=CARTESIAN_POINT('',(-0.0204848678304239,-0.0709130261845386,2.54E-5));
#16119=CARTESIAN_POINT('',(-0.0209253366583542,-0.0707860261845387,0.));
#16120=CARTESIAN_POINT('',(-0.0209253366583542,-0.0707860261845387,0.));
#16121=CARTESIAN_POINT('',(-0.0209253366583542,-0.0709130261845386,0.));
#16122=CARTESIAN_POINT('',(0.,0.,0.));
#16123=CARTESIAN_POINT('',(0.,0.,0.));
#16124=CARTESIAN_POINT('',(-0.00962829194303279,-0.0661806111409498,0.));
#16125=CARTESIAN_POINT('',(-0.00946013611595955,-0.0663672349490312,0.));
#16126=CARTESIAN_POINT('',(-0.00919630558344159,-0.0664371758104738,0.));
#16127=CARTESIAN_POINT('',(-0.00894433915211971,-0.0664371758104738,0.));
#16128=CARTESIAN_POINT('',(-0.00894433915211971,-0.0664371758104738,0.));
#16129=CARTESIAN_POINT('',(-0.00962829194303278,-0.0661806111409499,0.));
#16130=CARTESIAN_POINT('',(-0.00853577057356609,-0.0664371758104738,0.));
#16131=CARTESIAN_POINT('',(-0.00812720199501248,-0.0664371758104738,0.));
#16132=CARTESIAN_POINT('',(-0.00812720199501248,-0.0663736758104738,0.));
#16133=CARTESIAN_POINT('',(-0.00806370199501248,-0.0663736758104738,0.));
#16134=CARTESIAN_POINT('',(-0.00806370199501248,-0.0646854164588529,0.));
#16135=CARTESIAN_POINT('',(-0.00806370199501248,-0.0629971571072319,0.));
#16136=CARTESIAN_POINT('',(-0.00812720199501248,-0.0629971571072319,0.));
#16137=CARTESIAN_POINT('',(-0.00812720199501248,-0.0629336571072319,0.));
#16138=CARTESIAN_POINT('',(-0.00853577057356609,-0.0629336571072319,0.));
#16139=CARTESIAN_POINT('',(-0.00894433915211971,-0.0629336571072319,0.));
#16140=CARTESIAN_POINT('',(-0.00894433915211971,-0.0629336571072319,0.));
#16141=CARTESIAN_POINT('',(-0.00919519630417249,-0.0629336571072319,0.));
#16142=CARTESIAN_POINT('',(-0.00945963793385397,-0.0630030450729274,0.));
#16143=CARTESIAN_POINT('',(-0.00962829194303278,-0.0631902217767558,0.));
#16144=CARTESIAN_POINT('',(-0.00962829194303278,-0.0631902217767559,0.));
#16145=CARTESIAN_POINT('',(-0.00962829194303277,-0.0631902217767558,0.));
#16146=CARTESIAN_POINT('',(-0.00982782006527494,-0.0634116633921921,0.));
#16147=CARTESIAN_POINT('',(-0.0098568765586035,-0.063734565715543,0.));
#16148=CARTESIAN_POINT('',(-0.0098568765586035,-0.0640326882793017,0.));
#16149=CARTESIAN_POINT('',(-0.0098568765586035,-0.0640326882793017,0.));
#16150=CARTESIAN_POINT('',(-0.0098568765586035,-0.0646854164588529,0.));
#16151=CARTESIAN_POINT('',(-0.0098568765586035,-0.065338144638404,0.));
#16152=CARTESIAN_POINT('',(-0.0098568765586035,-0.065338144638404,0.));
#16153=CARTESIAN_POINT('',(-0.0098568765586035,-0.0656358996959065,0.));
#16154=CARTESIAN_POINT('',(-0.00982877459888174,-0.065958110158736,0.));
#16155=CARTESIAN_POINT('',(-0.00962829194303278,-0.0661806111409499,0.));
#16156=CARTESIAN_POINT('',(-0.00929810473815462,-0.0662951521197007,2.54E-5));
#16157=CARTESIAN_POINT('',(-0.0098568765586035,-0.065338144638404,2.54E-5));
#16158=CARTESIAN_POINT('',(-0.0098568765586035,-0.0656358996959065,2.54E-5));
#16159=CARTESIAN_POINT('',(-0.00982877459888174,-0.065958110158736,2.54E-5));
#16160=CARTESIAN_POINT('',(-0.00962829194303278,-0.0661806111409499,2.54E-5));
#16161=CARTESIAN_POINT('',(-0.00962829194303278,-0.0661806111409499,2.54E-5));
#16162=CARTESIAN_POINT('',(-0.0098568765586035,-0.065338144638404,2.54E-5));
#16163=CARTESIAN_POINT('',(-0.0098568765586035,-0.0646854164588529,2.54E-5));
#16164=CARTESIAN_POINT('',(-0.0098568765586035,-0.0640326882793018,2.54E-5));
#16165=CARTESIAN_POINT('',(-0.00962829194303277,-0.0631902217767558,2.54E-5));
#16166=CARTESIAN_POINT('',(-0.00982782006527494,-0.0634116633921921,2.54E-5));
#16167=CARTESIAN_POINT('',(-0.0098568765586035,-0.063734565715543,2.54E-5));
#16168=CARTESIAN_POINT('',(-0.0098568765586035,-0.0640326882793017,2.54E-5));
#16169=CARTESIAN_POINT('',(-0.00962829194303278,-0.0631902217767559,2.54E-5));
#16170=CARTESIAN_POINT('',(-0.00894433915211971,-0.0629336571072319,2.54E-5));
#16171=CARTESIAN_POINT('',(-0.00919519630417249,-0.0629336571072319,2.54E-5));
#16172=CARTESIAN_POINT('',(-0.00945963793385397,-0.0630030450729274,2.54E-5));
#16173=CARTESIAN_POINT('',(-0.00962829194303278,-0.0631902217767558,2.54E-5));
#16174=CARTESIAN_POINT('',(-0.00894433915211971,-0.0629336571072319,2.54E-5));
#16175=CARTESIAN_POINT('',(-0.00853577057356609,-0.0629336571072319,2.54E-5));
#16176=CARTESIAN_POINT('',(-0.00812720199501248,-0.0629336571072319,2.54E-5));
#16177=CARTESIAN_POINT('',(-0.00812720199501248,-0.0629971571072319,2.54E-5));
#16178=CARTESIAN_POINT('',(-0.00806370199501248,-0.0629971571072319,2.54E-5));
#16179=CARTESIAN_POINT('',(-0.00806370199501248,-0.0646854164588529,2.54E-5));
#16180=CARTESIAN_POINT('',(-0.00806370199501248,-0.0663736758104738,2.54E-5));
#16181=CARTESIAN_POINT('',(-0.00812720199501248,-0.0663736758104738,2.54E-5));
#16182=CARTESIAN_POINT('',(-0.00812720199501248,-0.0664371758104738,2.54E-5));
#16183=CARTESIAN_POINT('',(-0.00853577057356609,-0.0664371758104738,2.54E-5));
#16184=CARTESIAN_POINT('',(-0.00894433915211971,-0.0664371758104738,2.54E-5));
#16185=CARTESIAN_POINT('',(-0.00962829194303279,-0.0661806111409498,2.54E-5));
#16186=CARTESIAN_POINT('',(-0.00946013611595956,-0.0663672349490312,2.54E-5));
#16187=CARTESIAN_POINT('',(-0.00919630558344157,-0.0664371758104738,2.54E-5));
#16188=CARTESIAN_POINT('',(-0.00894433915211971,-0.0664371758104738,2.54E-5));
#16189=CARTESIAN_POINT('',(-0.00894433915211971,-0.0663101758104738,2.54E-5));
#16190=CARTESIAN_POINT('',(-0.00916100924749235,-0.0663101758104738,2.54E-5));
#16191=CARTESIAN_POINT('',(-0.00938994708252865,-0.066255408246189,2.54E-5));
#16192=CARTESIAN_POINT('',(-0.00953394247093233,-0.0660955983353594,2.54E-5));
#16193=CARTESIAN_POINT('',(-0.00894433915211971,-0.0663101758104738,2.54E-5));
#16194=CARTESIAN_POINT('',(-0.00953394247093233,-0.0660955983353594,2.54E-5));
#16195=CARTESIAN_POINT('',(-0.00853577057356609,-0.0663101758104738,2.54E-5));
#16196=CARTESIAN_POINT('',(-0.00819070199501248,-0.0663101758104738,2.54E-5));
#16197=CARTESIAN_POINT('',(-0.00819070199501248,-0.0646854164588529,2.54E-5));
#16198=CARTESIAN_POINT('',(-0.00819070199501248,-0.0630606571072319,2.54E-5));
#16199=CARTESIAN_POINT('',(-0.00853577057356609,-0.0630606571072319,2.54E-5));
#16200=CARTESIAN_POINT('',(-0.00894433915211971,-0.0630606571072319,2.54E-5));
#16201=CARTESIAN_POINT('',(-0.00953394247093234,-0.0632752345823464,2.54E-5));
#16202=CARTESIAN_POINT('',(-0.00938997074424339,-0.063115450931917,2.54E-5));
#16203=CARTESIAN_POINT('',(-0.00916114648464478,-0.0630606571072319,2.54E-5));
#16204=CARTESIAN_POINT('',(-0.00894433915211971,-0.0630606571072319,2.54E-5));
#16205=CARTESIAN_POINT('',(-0.00953394247093234,-0.0632752345823464,2.54E-5));
#16206=CARTESIAN_POINT('',(-0.0097298765586035,-0.0640326882793017,2.54E-5));
#16207=CARTESIAN_POINT('',(-0.0097298765586035,-0.0637661067751958,2.54E-5));
#16208=CARTESIAN_POINT('',(-0.00971380501093029,-0.0634748508117081,2.54E-5));
#16209=CARTESIAN_POINT('',(-0.00953394247093235,-0.0632752345823464,2.54E-5));
#16210=CARTESIAN_POINT('',(-0.0097298765586035,-0.0640326882793017,2.54E-5));
#16211=CARTESIAN_POINT('',(-0.0097298765586035,-0.0646854164588529,2.54E-5));
#16212=CARTESIAN_POINT('',(-0.0097298765586035,-0.065338144638404,2.54E-5));
#16213=CARTESIAN_POINT('',(-0.00953394247093234,-0.0660955983353594,2.54E-5));
#16214=CARTESIAN_POINT('',(-0.00971238333019811,-0.0658975599250759,2.54E-5));
#16215=CARTESIAN_POINT('',(-0.0097298765586035,-0.0656049927478869,2.54E-5));
#16216=CARTESIAN_POINT('',(-0.0097298765586035,-0.065338144638404,2.54E-5));
#16217=CARTESIAN_POINT('',(-0.00894433915211971,-0.0663101758104738,0.));
#16218=CARTESIAN_POINT('',(-0.00894433915211971,-0.0663101758104738,2.54E-5));
#16219=CARTESIAN_POINT('',(-0.00907997255416371,-0.0663101758104738,0.));
#16220=CARTESIAN_POINT('',(-0.00907997255416371,-0.0663101758104738,2.54E-5));
#16221=CARTESIAN_POINT('',(-0.00931594100898895,-0.0662683064719163,0.));
#16222=CARTESIAN_POINT('',(-0.00931594100898895,-0.0662683064719163,2.54E-5));
#16223=CARTESIAN_POINT('',(-0.00946318935372541,-0.0661741220261324,0.));
#16224=CARTESIAN_POINT('',(-0.00946318935372541,-0.0661741220261324,2.54E-5));
#16225=CARTESIAN_POINT('',(-0.00953394247093233,-0.0660955983353594,0.));
#16226=CARTESIAN_POINT('',(-0.00953394247093233,-0.0660955983353594,2.54E-5));
#16227=CARTESIAN_POINT('',(-0.00894433915211971,-0.0663101758104738,0.));
#16228=CARTESIAN_POINT('',(-0.00916100924749235,-0.0663101758104738,0.));
#16229=CARTESIAN_POINT('',(-0.00938994708252865,-0.066255408246189,0.));
#16230=CARTESIAN_POINT('',(-0.00953394247093233,-0.0660955983353594,0.));
#16231=CARTESIAN_POINT('',(-0.00894433915211971,-0.0663101758104738,0.));
#16232=CARTESIAN_POINT('',(-0.00953394247093233,-0.0660955983353594,0.));
#16233=CARTESIAN_POINT('',(-0.00894433915211971,-0.0663101758104738,2.54E-5));
#16234=CARTESIAN_POINT('',(-0.00953394247093233,-0.0660955983353594,0.));
#16235=CARTESIAN_POINT('',(-0.00894433915211971,-0.0664371758104738,0.));
#16236=CARTESIAN_POINT('',(-0.00894433915211971,-0.0664371758104738,2.54E-5));
#16237=CARTESIAN_POINT('',(-0.00909171821890359,-0.0664371758104738,0.));
#16238=CARTESIAN_POINT('',(-0.00909171821890359,-0.0664371758104738,2.54E-5));
#16239=CARTESIAN_POINT('',(-0.00935102158452694,-0.0664005214582584,0.));
#16240=CARTESIAN_POINT('',(-0.00935102158452694,-0.0664005214582584,2.54E-5));
#16241=CARTESIAN_POINT('',(-0.00955753882582601,-0.0662591348317227,0.));
#16242=CARTESIAN_POINT('',(-0.00955753882582601,-0.0662591348317227,2.54E-5));
#16243=CARTESIAN_POINT('',(-0.00962829194303279,-0.0661806111409498,0.));
#16244=CARTESIAN_POINT('',(-0.00962829194303279,-0.0661806111409498,2.54E-5));
#16245=CARTESIAN_POINT('',(-0.00894433915211971,-0.0664371758104738,0.));
#16246=CARTESIAN_POINT('',(-0.00962829194303278,-0.0661806111409499,2.54E-5));
#16247=CARTESIAN_POINT('',(-0.00953394247093234,-0.0660955983353594,0.));
#16248=CARTESIAN_POINT('',(-0.00953394247093234,-0.0660955983353594,2.54E-5));
#16249=CARTESIAN_POINT('',(-0.00965856739775196,-0.0659572862778486,0.));
#16250=CARTESIAN_POINT('',(-0.00965856739775196,-0.0659572862778486,2.54E-5));
#16251=CARTESIAN_POINT('',(-0.0097298765586035,-0.065714403990025,0.));
#16252=CARTESIAN_POINT('',(-0.0097298765586035,-0.065714403990025,2.54E-5));
#16253=CARTESIAN_POINT('',(-0.0097298765586035,-0.065338144638404,0.));
#16254=CARTESIAN_POINT('',(-0.0097298765586035,-0.065338144638404,2.54E-5));
#16255=CARTESIAN_POINT('',(-0.00953394247093234,-0.0660955983353594,0.));
#16256=CARTESIAN_POINT('',(-0.0097123833301981,-0.065897559925076,0.));
#16257=CARTESIAN_POINT('',(-0.0097298765586035,-0.0656049927478869,0.));
#16258=CARTESIAN_POINT('',(-0.0097298765586035,-0.065338144638404,0.));
#16259=CARTESIAN_POINT('',(-0.0097298765586035,-0.065338144638404,0.));
#16260=CARTESIAN_POINT('',(-0.0097298765586035,-0.065338144638404,0.));
#16261=CARTESIAN_POINT('',(-0.00962829194303278,-0.0661806111409499,0.));
#16262=CARTESIAN_POINT('',(-0.00962829194303278,-0.0661806111409499,2.54E-5));
#16263=CARTESIAN_POINT('',(-0.00978667948504108,-0.0660048284353684,0.));
#16264=CARTESIAN_POINT('',(-0.00978667948504108,-0.0660048284353684,2.54E-5));
#16265=CARTESIAN_POINT('',(-0.0098568765586035,-0.0657144039900249,0.));
#16266=CARTESIAN_POINT('',(-0.0098568765586035,-0.0657144039900249,2.54E-5));
#16267=CARTESIAN_POINT('',(-0.0098568765586035,-0.065338144638404,0.));
#16268=CARTESIAN_POINT('',(-0.0098568765586035,-0.065338144638404,2.54E-5));
#16269=CARTESIAN_POINT('',(-0.0098568765586035,-0.065338144638404,2.54E-5));
#16270=CARTESIAN_POINT('',(-0.0097298765586035,-0.0646854164588529,0.));
#16271=CARTESIAN_POINT('',(-0.0097298765586035,-0.0646854164588529,0.));
#16272=CARTESIAN_POINT('',(-0.0097298765586035,-0.0640326882793017,0.));
#16273=CARTESIAN_POINT('',(-0.0097298765586035,-0.0640326882793018,0.));
#16274=CARTESIAN_POINT('',(-0.0098568765586035,-0.0646854164588529,0.));
#16275=CARTESIAN_POINT('',(-0.0098568765586035,-0.0640326882793018,0.));
#16276=CARTESIAN_POINT('',(-0.0097298765586035,-0.0640326882793017,0.));
#16277=CARTESIAN_POINT('',(-0.0097298765586035,-0.0640326882793017,2.54E-5));
#16278=CARTESIAN_POINT('',(-0.0097298765586035,-0.0638485388571144,0.));
#16279=CARTESIAN_POINT('',(-0.0097298765586035,-0.0638485388571144,2.54E-5));
#16280=CARTESIAN_POINT('',(-0.0096905850025702,-0.0635324297125352,0.));
#16281=CARTESIAN_POINT('',(-0.0096905850025702,-0.0635324297125352,2.54E-5));
#16282=CARTESIAN_POINT('',(-0.00960469558813933,-0.0633537582731194,0.));
#16283=CARTESIAN_POINT('',(-0.00960469558813933,-0.0633537582731194,2.54E-5));
#16284=CARTESIAN_POINT('',(-0.00953394247093235,-0.0632752345823464,0.));
#16285=CARTESIAN_POINT('',(-0.00953394247093235,-0.0632752345823464,2.54E-5));
#16286=CARTESIAN_POINT('',(-0.0097298765586035,-0.0640326882793017,0.));
#16287=CARTESIAN_POINT('',(-0.0097298765586035,-0.0637661067751958,0.));
#16288=CARTESIAN_POINT('',(-0.00971380501093029,-0.0634748508117081,0.));
#16289=CARTESIAN_POINT('',(-0.00953394247093235,-0.0632752345823464,0.));
#16290=CARTESIAN_POINT('',(-0.00953394247093234,-0.0632752345823464,0.));
#16291=CARTESIAN_POINT('',(-0.00953394247093234,-0.0632752345823464,0.));
#16292=CARTESIAN_POINT('',(-0.0098568765586035,-0.0640326882793017,0.));
#16293=CARTESIAN_POINT('',(-0.0098568765586035,-0.0640326882793017,2.54E-5));
#16294=CARTESIAN_POINT('',(-0.0098568765586035,-0.0638405783498681,0.));
#16295=CARTESIAN_POINT('',(-0.0098568765586035,-0.0638405783498681,2.54E-5));
#16296=CARTESIAN_POINT('',(-0.00982541499742993,-0.0635137747762432,0.));
#16297=CARTESIAN_POINT('',(-0.00982541499742993,-0.0635137747762432,2.54E-5));
#16298=CARTESIAN_POINT('',(-0.00969904506023966,-0.0632687454675288,0.));
#16299=CARTESIAN_POINT('',(-0.00969904506023966,-0.0632687454675288,2.54E-5));
#16300=CARTESIAN_POINT('',(-0.00962829194303277,-0.0631902217767558,0.));
#16301=CARTESIAN_POINT('',(-0.00962829194303277,-0.0631902217767558,2.54E-5));
#16302=CARTESIAN_POINT('',(-0.00962829194303278,-0.0631902217767559,2.54E-5));
#16303=CARTESIAN_POINT('',(-0.00953394247093234,-0.0632752345823464,0.));
#16304=CARTESIAN_POINT('',(-0.00953394247093234,-0.0632752345823464,2.54E-5));
#16305=CARTESIAN_POINT('',(-0.00940652845851016,-0.0631338271234732,0.));
#16306=CARTESIAN_POINT('',(-0.00940652845851016,-0.0631338271234732,2.54E-5));
#16307=CARTESIAN_POINT('',(-0.00922735162094767,-0.0630606571072319,0.));
#16308=CARTESIAN_POINT('',(-0.00922735162094767,-0.0630606571072319,2.54E-5));
#16309=CARTESIAN_POINT('',(-0.00894433915211971,-0.0630606571072319,0.));
#16310=CARTESIAN_POINT('',(-0.00894433915211971,-0.0630606571072319,2.54E-5));
#16311=CARTESIAN_POINT('',(-0.00953394247093234,-0.0632752345823464,0.));
#16312=CARTESIAN_POINT('',(-0.00938997074424339,-0.063115450931917,0.));
#16313=CARTESIAN_POINT('',(-0.0091611464846448,-0.0630606571072319,0.));
#16314=CARTESIAN_POINT('',(-0.00894433915211971,-0.0630606571072319,0.));
#16315=CARTESIAN_POINT('',(-0.00894433915211971,-0.0630606571072319,0.));
#16316=CARTESIAN_POINT('',(-0.00894433915211971,-0.0630606571072319,0.));
#16317=CARTESIAN_POINT('',(-0.00962829194303278,-0.0631902217767558,0.));
#16318=CARTESIAN_POINT('',(-0.00962829194303278,-0.0631902217767558,2.54E-5));
#16319=CARTESIAN_POINT('',(-0.00947269348662701,-0.0630175344725367,0.));
#16320=CARTESIAN_POINT('',(-0.00947269348662701,-0.0630175344725367,2.54E-5));
#16321=CARTESIAN_POINT('',(-0.00922735162094769,-0.0629336571072319,0.));
#16322=CARTESIAN_POINT('',(-0.00922735162094769,-0.0629336571072319,2.54E-5));
#16323=CARTESIAN_POINT('',(-0.00894433915211971,-0.0629336571072319,0.));
#16324=CARTESIAN_POINT('',(-0.00894433915211971,-0.0629336571072319,2.54E-5));
#16325=CARTESIAN_POINT('',(-0.00894433915211971,-0.0629336571072319,2.54E-5));
#16326=CARTESIAN_POINT('',(-0.00853577057356609,-0.0630606571072319,0.));
#16327=CARTESIAN_POINT('',(-0.00819070199501248,-0.0630606571072319,0.));
#16328=CARTESIAN_POINT('',(-0.00819070199501248,-0.0630606571072319,0.));
#16329=CARTESIAN_POINT('',(-0.00853577057356609,-0.0630606571072319,0.));
#16330=CARTESIAN_POINT('',(-0.00853577057356609,-0.0629336571072319,0.));
#16331=CARTESIAN_POINT('',(-0.00812720199501248,-0.0629336571072319,0.));
#16332=CARTESIAN_POINT('',(-0.00812720199501248,-0.0629971571072319,0.));
#16333=CARTESIAN_POINT('',(-0.00806370199501248,-0.0629971571072319,2.54E-5));
#16334=CARTESIAN_POINT('',(-0.00819070199501248,-0.0646854164588529,0.));
#16335=CARTESIAN_POINT('',(-0.00819070199501248,-0.0663101758104738,0.));
#16336=CARTESIAN_POINT('',(-0.00819070199501248,-0.0663101758104738,0.));
#16337=CARTESIAN_POINT('',(-0.00819070199501248,-0.0646854164588529,0.));
#16338=CARTESIAN_POINT('',(-0.00806370199501248,-0.0646854164588529,0.));
#16339=CARTESIAN_POINT('',(-0.00806370199501248,-0.0663736758104738,0.));
#16340=CARTESIAN_POINT('',(-0.00812720199501248,-0.0663736758104738,0.));
#16341=CARTESIAN_POINT('',(-0.00812720199501248,-0.0664371758104738,2.54E-5));
#16342=CARTESIAN_POINT('',(-0.00853577057356609,-0.0663101758104738,0.));
#16343=CARTESIAN_POINT('',(-0.00853577057356609,-0.0663101758104738,0.));
#16344=CARTESIAN_POINT('',(-0.00853577057356609,-0.0664371758104738,0.));
#16345=CARTESIAN_POINT('',(0.,0.,0.));
#16346=CARTESIAN_POINT('',(0.,0.,0.));
#16347=CARTESIAN_POINT('',(-0.00357498129675811,-0.0699219650872818,0.));
#16348=CARTESIAN_POINT('',(-0.00357498129675811,-0.070064404306274,0.));
#16349=CARTESIAN_POINT('',(-0.00355406035911581,-0.0703469067972614,0.));
#16350=CARTESIAN_POINT('',(-0.00339992244195703,-0.0707599605497951,0.));
#16351=CARTESIAN_POINT('',(-0.00304805558662599,-0.071032462118627,0.));
#16352=CARTESIAN_POINT('',(-0.00275905381271117,-0.0710700735660848,0.));
#16353=CARTESIAN_POINT('',(-0.00261582044887781,-0.0710700735660848,0.));
#16354=CARTESIAN_POINT('',(-0.00261582044887781,-0.0710700735660848,0.));
#16355=CARTESIAN_POINT('',(-0.00357498129675811,-0.0699219650872818,0.));
#16356=CARTESIAN_POINT('',(-0.00261582044887781,-0.0710700735660848,0.));
#16357=CARTESIAN_POINT('',(-0.00247319693755377,-0.0710700735660848,0.));
#16358=CARTESIAN_POINT('',(-0.00218410942080958,-0.0710328092943091,0.));
#16359=CARTESIAN_POINT('',(-0.0018314798056685,-0.0707597692674241,0.));
#16360=CARTESIAN_POINT('',(-0.00167762432850145,-0.0703467916929329,0.));
#16361=CARTESIAN_POINT('',(-0.00165665960099751,-0.0700645426572499,0.));
#16362=CARTESIAN_POINT('',(-0.00165665960099751,-0.0699219650872818,0.));
#16363=CARTESIAN_POINT('',(-0.00165665960099751,-0.0699219650872818,0.));
#16364=CARTESIAN_POINT('',(-0.00165665960099751,-0.0669233416458853,0.));
#16365=CARTESIAN_POINT('',(-0.00165665960099751,-0.0639247182044888,0.));
#16366=CARTESIAN_POINT('',(-0.00165665960099751,-0.0639247182044888,0.));
#16367=CARTESIAN_POINT('',(-0.00165665960099751,-0.0637822789854966,0.));
#16368=CARTESIAN_POINT('',(-0.0016775805386398,-0.0634997764945092,0.));
#16369=CARTESIAN_POINT('',(-0.00183171845579859,-0.0630867227419755,0.));
#16370=CARTESIAN_POINT('',(-0.00218358531112968,-0.0628142211731436,0.));
#16371=CARTESIAN_POINT('',(-0.00247258708504444,-0.0627766097256858,0.));
#16372=CARTESIAN_POINT('',(-0.00261582044887781,-0.0627766097256858,0.));
#16373=CARTESIAN_POINT('',(-0.00261582044887781,-0.0627766097256858,0.));
#16374=CARTESIAN_POINT('',(-0.00261582044887781,-0.0627766097256858,0.));
#16375=CARTESIAN_POINT('',(-0.00275844396020184,-0.0627766097256858,0.));
#16376=CARTESIAN_POINT('',(-0.00304753147694601,-0.0628138739974615,0.));
#16377=CARTESIAN_POINT('',(-0.00340016109208709,-0.0630869140243464,0.));
#16378=CARTESIAN_POINT('',(-0.00355401656925415,-0.0634998915988377,0.));
#16379=CARTESIAN_POINT('',(-0.00357498129675811,-0.0637821406345207,0.));
#16380=CARTESIAN_POINT('',(-0.00357498129675811,-0.0639247182044888,0.));
#16381=CARTESIAN_POINT('',(-0.00357498129675811,-0.0639247182044888,0.));
#16382=CARTESIAN_POINT('',(-0.00357498129675811,-0.0669233416458853,0.));
#16383=CARTESIAN_POINT('',(-0.00321292768079801,-0.0706450374064838,2.54E-5));
#16384=CARTESIAN_POINT('',(-0.00357498129675811,-0.0669233416458853,2.54E-5));
#16385=CARTESIAN_POINT('',(-0.00357498129675811,-0.0699219650872818,2.54E-5));
#16386=CARTESIAN_POINT('',(-0.00357498129675811,-0.0639247182044888,2.54E-5));
#16387=CARTESIAN_POINT('',(-0.00261582044887781,-0.0627766097256858,2.54E-5));
#16388=CARTESIAN_POINT('',(-0.00275844396020184,-0.0627766097256858,2.54E-5));
#16389=CARTESIAN_POINT('',(-0.00304753147694601,-0.0628138739974615,2.54E-5));
#16390=CARTESIAN_POINT('',(-0.00340016109208709,-0.0630869140243464,2.54E-5));
#16391=CARTESIAN_POINT('',(-0.00355401656925415,-0.0634998915988377,2.54E-5));
#16392=CARTESIAN_POINT('',(-0.00357498129675811,-0.0637821406345207,2.54E-5));
#16393=CARTESIAN_POINT('',(-0.00357498129675811,-0.0639247182044888,2.54E-5));
#16394=CARTESIAN_POINT('',(-0.00261582044887781,-0.0627766097256858,2.54E-5));
#16395=CARTESIAN_POINT('',(-0.00165665960099751,-0.0639247182044888,2.54E-5));
#16396=CARTESIAN_POINT('',(-0.00165665960099751,-0.0637822789854966,2.54E-5));
#16397=CARTESIAN_POINT('',(-0.0016775805386398,-0.0634997764945092,2.54E-5));
#16398=CARTESIAN_POINT('',(-0.00183171845579859,-0.0630867227419755,2.54E-5));
#16399=CARTESIAN_POINT('',(-0.00218358531112968,-0.0628142211731436,2.54E-5));
#16400=CARTESIAN_POINT('',(-0.00247258708504444,-0.0627766097256858,2.54E-5));
#16401=CARTESIAN_POINT('',(-0.00261582044887781,-0.0627766097256858,2.54E-5));
#16402=CARTESIAN_POINT('',(-0.00165665960099751,-0.0639247182044888,2.54E-5));
#16403=CARTESIAN_POINT('',(-0.00165665960099751,-0.0669233416458853,2.54E-5));
#16404=CARTESIAN_POINT('',(-0.00165665960099751,-0.0699219650872818,2.54E-5));
#16405=CARTESIAN_POINT('',(-0.00261582044887781,-0.0710700735660848,2.54E-5));
#16406=CARTESIAN_POINT('',(-0.00247319693755377,-0.0710700735660848,2.54E-5));
#16407=CARTESIAN_POINT('',(-0.00218410942080958,-0.0710328092943091,2.54E-5));
#16408=CARTESIAN_POINT('',(-0.0018314798056685,-0.0707597692674241,2.54E-5));
#16409=CARTESIAN_POINT('',(-0.00167762432850145,-0.0703467916929329,2.54E-5));
#16410=CARTESIAN_POINT('',(-0.00165665960099751,-0.0700645426572499,2.54E-5));
#16411=CARTESIAN_POINT('',(-0.00165665960099751,-0.0699219650872818,2.54E-5));
#16412=CARTESIAN_POINT('',(-0.00261582044887781,-0.0710700735660848,2.54E-5));
#16413=CARTESIAN_POINT('',(-0.00357498129675811,-0.0699219650872818,2.54E-5));
#16414=CARTESIAN_POINT('',(-0.00357498129675811,-0.070064404306274,2.54E-5));
#16415=CARTESIAN_POINT('',(-0.00355406035911581,-0.0703469067972614,2.54E-5));
#16416=CARTESIAN_POINT('',(-0.00339992244195703,-0.0707599605497951,2.54E-5));
#16417=CARTESIAN_POINT('',(-0.00304805558662599,-0.071032462118627,2.54E-5));
#16418=CARTESIAN_POINT('',(-0.00275905381271117,-0.0710700735660848,2.54E-5));
#16419=CARTESIAN_POINT('',(-0.00261582044887781,-0.0710700735660848,2.54E-5));
#16420=CARTESIAN_POINT('',(-0.00261582044887781,-0.0709430735660848,2.54E-5));
#16421=CARTESIAN_POINT('',(-0.00274177599328179,-0.0709430735660848,2.54E-5));
#16422=CARTESIAN_POINT('',(-0.00299834440991075,-0.0709129445563708,2.54E-5));
#16423=CARTESIAN_POINT('',(-0.00330671684371512,-0.0706653756711354,2.54E-5));
#16424=CARTESIAN_POINT('',(-0.00343039165771047,-0.0702969246271456,2.54E-5));
#16425=CARTESIAN_POINT('',(-0.00344798129675811,-0.0700480813511216,2.54E-5));
#16426=CARTESIAN_POINT('',(-0.00344798129675811,-0.0699219650872818,2.54E-5));
#16427=CARTESIAN_POINT('',(-0.00261582044887781,-0.0709430735660848,2.54E-5));
#16428=CARTESIAN_POINT('',(-0.00344798129675811,-0.0699219650872818,2.54E-5));
#16429=CARTESIAN_POINT('',(-0.00178365960099751,-0.0699219650872818,2.54E-5));
#16430=CARTESIAN_POINT('',(-0.00178365960099751,-0.0700475570483061,2.54E-5));
#16431=CARTESIAN_POINT('',(-0.00180126106904217,-0.0702955917971887,2.54E-5));
#16432=CARTESIAN_POINT('',(-0.0019232759421164,-0.0706629221910784,2.54E-5));
#16433=CARTESIAN_POINT('',(-0.00223252790144136,-0.0709132700852857,2.54E-5));
#16434=CARTESIAN_POINT('',(-0.00249060493486985,-0.0709430735660848,2.54E-5));
#16435=CARTESIAN_POINT('',(-0.00261582044887781,-0.0709430735660848,2.54E-5));
#16436=CARTESIAN_POINT('',(-0.00178365960099751,-0.0699219650872818,2.54E-5));
#16437=CARTESIAN_POINT('',(-0.00178365960099751,-0.0669233416458853,2.54E-5));
#16438=CARTESIAN_POINT('',(-0.00178365960099751,-0.0639247182044888,2.54E-5));
#16439=CARTESIAN_POINT('',(-0.00261582044887781,-0.0629036097256858,2.54E-5));
#16440=CARTESIAN_POINT('',(-0.00248986490447383,-0.0629036097256858,2.54E-5));
#16441=CARTESIAN_POINT('',(-0.00223329648784486,-0.0629337387353998,2.54E-5));
#16442=CARTESIAN_POINT('',(-0.00192492405404052,-0.0631813076206352,2.54E-5));
#16443=CARTESIAN_POINT('',(-0.00180124924004515,-0.063549758664625,2.54E-5));
#16444=CARTESIAN_POINT('',(-0.00178365960099751,-0.063798601940649,2.54E-5));
#16445=CARTESIAN_POINT('',(-0.00178365960099751,-0.0639247182044888,2.54E-5));
#16446=CARTESIAN_POINT('',(-0.00261582044887781,-0.0629036097256858,2.54E-5));
#16447=CARTESIAN_POINT('',(-0.00344798129675811,-0.0639247182044888,2.54E-5));
#16448=CARTESIAN_POINT('',(-0.00344798129675811,-0.0637991262434645,2.54E-5));
#16449=CARTESIAN_POINT('',(-0.00343037982871345,-0.0635510914945819,2.54E-5));
#16450=CARTESIAN_POINT('',(-0.00330836495563921,-0.0631837611006923,2.54E-5));
#16451=CARTESIAN_POINT('',(-0.00299911299631426,-0.0629334132064849,2.54E-5));
#16452=CARTESIAN_POINT('',(-0.00274103596288577,-0.0629036097256858,2.54E-5));
#16453=CARTESIAN_POINT('',(-0.00261582044887781,-0.0629036097256858,2.54E-5));
#16454=CARTESIAN_POINT('',(-0.00344798129675811,-0.0639247182044888,2.54E-5));
#16455=CARTESIAN_POINT('',(-0.00344798129675811,-0.0669233416458853,2.54E-5));
#16456=CARTESIAN_POINT('',(-0.00261582044887781,-0.0709430735660848,0.));
#16457=CARTESIAN_POINT('',(-0.00261582044887781,-0.0709430735660848,2.54E-5));
#16458=CARTESIAN_POINT('',(-0.00290155808310275,-0.0709430735660848,0.));
#16459=CARTESIAN_POINT('',(-0.00290155808310275,-0.0709430735660848,2.54E-5));
#16460=CARTESIAN_POINT('',(-0.00330243614936007,-0.0707766887203243,0.));
#16461=CARTESIAN_POINT('',(-0.00330243614936007,-0.0707766887203243,2.54E-5));
#16462=CARTESIAN_POINT('',(-0.00344798129675811,-0.0702835012468831,0.));
#16463=CARTESIAN_POINT('',(-0.00344798129675811,-0.0702835012468831,2.54E-5));
#16464=CARTESIAN_POINT('',(-0.00344798129675811,-0.0699219650872818,0.));
#16465=CARTESIAN_POINT('',(-0.00344798129675811,-0.0699219650872818,2.54E-5));
#16466=CARTESIAN_POINT('',(-0.00261582044887781,-0.0709430735660848,0.));
#16467=CARTESIAN_POINT('',(-0.00274177599328179,-0.0709430735660848,0.));
#16468=CARTESIAN_POINT('',(-0.00299834440991075,-0.0709129445563708,0.));
#16469=CARTESIAN_POINT('',(-0.00330671684371512,-0.0706653756711354,0.));
#16470=CARTESIAN_POINT('',(-0.00343039165771047,-0.0702969246271456,0.));
#16471=CARTESIAN_POINT('',(-0.00344798129675811,-0.0700480813511216,0.));
#16472=CARTESIAN_POINT('',(-0.00344798129675811,-0.0699219650872818,0.));
#16473=CARTESIAN_POINT('',(-0.00261582044887781,-0.0709430735660848,0.));
#16474=CARTESIAN_POINT('',(-0.00344798129675811,-0.0699219650872818,0.));
#16475=CARTESIAN_POINT('',(-0.00261582044887781,-0.0709430735660848,2.54E-5));
#16476=CARTESIAN_POINT('',(-0.00344798129675811,-0.0699219650872818,0.));
#16477=CARTESIAN_POINT('',(-0.00261582044887781,-0.0710700735660848,0.));
#16478=CARTESIAN_POINT('',(-0.00261582044887781,-0.0710700735660848,2.54E-5));
#16479=CARTESIAN_POINT('',(-0.00292719004657308,-0.0710700735660848,0.));
#16480=CARTESIAN_POINT('',(-0.00292719004657308,-0.0710700735660848,2.54E-5));
#16481=CARTESIAN_POINT('',(-0.00342197282819608,-0.070874922252244,0.));
#16482=CARTESIAN_POINT('',(-0.00342197282819608,-0.070874922252244,2.54E-5));
#16483=CARTESIAN_POINT('',(-0.00357498129675811,-0.070283501246883,0.));
#16484=CARTESIAN_POINT('',(-0.00357498129675811,-0.070283501246883,2.54E-5));
#16485=CARTESIAN_POINT('',(-0.00357498129675811,-0.0699219650872818,0.));
#16486=CARTESIAN_POINT('',(-0.00357498129675811,-0.0699219650872818,2.54E-5));
#16487=CARTESIAN_POINT('',(-0.00261582044887781,-0.0710700735660848,0.));
#16488=CARTESIAN_POINT('',(-0.00357498129675811,-0.0699219650872818,2.54E-5));
#16489=CARTESIAN_POINT('',(-0.00344798129675811,-0.0669233416458853,0.));
#16490=CARTESIAN_POINT('',(-0.00344798129675811,-0.0669233416458853,0.));
#16491=CARTESIAN_POINT('',(-0.00344798129675811,-0.0639247182044888,0.));
#16492=CARTESIAN_POINT('',(-0.00344798129675811,-0.0639247182044888,0.));
#16493=CARTESIAN_POINT('',(-0.00357498129675811,-0.0669233416458853,0.));
#16494=CARTESIAN_POINT('',(-0.00357498129675811,-0.0639247182044888,0.));
#16495=CARTESIAN_POINT('',(-0.00344798129675811,-0.0639247182044888,0.));
#16496=CARTESIAN_POINT('',(-0.00344798129675811,-0.0639247182044888,2.54E-5));
#16497=CARTESIAN_POINT('',(-0.00344798129675811,-0.0635719216753554,0.));
#16498=CARTESIAN_POINT('',(-0.00344798129675811,-0.0635719216753554,2.54E-5));
#16499=CARTESIAN_POINT('',(-0.00329602815849246,-0.0630656247562123,0.));
#16500=CARTESIAN_POINT('',(-0.00329602815849246,-0.0630656247562123,2.54E-5));
#16501=CARTESIAN_POINT('',(-0.00291437406483791,-0.0629036097256858,0.));
#16502=CARTESIAN_POINT('',(-0.00291437406483791,-0.0629036097256858,2.54E-5));
#16503=CARTESIAN_POINT('',(-0.00261582044887781,-0.0629036097256858,0.));
#16504=CARTESIAN_POINT('',(-0.00261582044887781,-0.0629036097256858,2.54E-5));
#16505=CARTESIAN_POINT('',(-0.00344798129675811,-0.0639247182044888,0.));
#16506=CARTESIAN_POINT('',(-0.00344798129675811,-0.0637991262434645,0.));
#16507=CARTESIAN_POINT('',(-0.00343037982871345,-0.0635510914945819,0.));
#16508=CARTESIAN_POINT('',(-0.00330836495563921,-0.0631837611006923,0.));
#16509=CARTESIAN_POINT('',(-0.00299911299631426,-0.0629334132064849,0.));
#16510=CARTESIAN_POINT('',(-0.00274103596288577,-0.0629036097256858,0.));
#16511=CARTESIAN_POINT('',(-0.00261582044887781,-0.0629036097256858,0.));
#16512=CARTESIAN_POINT('',(-0.00261582044887781,-0.0629036097256858,0.));
#16513=CARTESIAN_POINT('',(-0.00261582044887781,-0.0629036097256858,0.));
#16514=CARTESIAN_POINT('',(-0.00357498129675811,-0.0639247182044888,0.));
#16515=CARTESIAN_POINT('',(-0.00357498129675811,-0.0639247182044888,2.54E-5));
#16516=CARTESIAN_POINT('',(-0.00357498129675811,-0.0635544424144202,0.));
#16517=CARTESIAN_POINT('',(-0.00357498129675811,-0.0635544424144202,2.54E-5));
#16518=CARTESIAN_POINT('',(-0.00342838081906362,-0.0629761308547602,0.));
#16519=CARTESIAN_POINT('',(-0.00342838081906362,-0.0629761308547602,2.54E-5));
#16520=CARTESIAN_POINT('',(-0.00291437406483791,-0.0627766097256858,0.));
#16521=CARTESIAN_POINT('',(-0.00291437406483791,-0.0627766097256858,2.54E-5));
#16522=CARTESIAN_POINT('',(-0.00261582044887781,-0.0627766097256858,0.));
#16523=CARTESIAN_POINT('',(-0.00261582044887781,-0.0627766097256858,2.54E-5));
#16524=CARTESIAN_POINT('',(-0.00261582044887781,-0.0627766097256858,2.54E-5));
#16525=CARTESIAN_POINT('',(-0.00261582044887781,-0.0629036097256858,0.));
#16526=CARTESIAN_POINT('',(-0.00261582044887781,-0.0629036097256858,2.54E-5));
#16527=CARTESIAN_POINT('',(-0.00233008281465288,-0.0629036097256858,0.));
#16528=CARTESIAN_POINT('',(-0.00233008281465288,-0.0629036097256858,2.54E-5));
#16529=CARTESIAN_POINT('',(-0.00192920474839558,-0.0630699945714461,0.));
#16530=CARTESIAN_POINT('',(-0.00192920474839558,-0.0630699945714461,2.54E-5));
#16531=CARTESIAN_POINT('',(-0.00178365960099751,-0.0635631820448879,0.));
#16532=CARTESIAN_POINT('',(-0.00178365960099751,-0.0635631820448879,2.54E-5));
#16533=CARTESIAN_POINT('',(-0.00178365960099751,-0.0639247182044888,0.));
#16534=CARTESIAN_POINT('',(-0.00178365960099751,-0.0639247182044888,2.54E-5));
#16535=CARTESIAN_POINT('',(-0.00261582044887781,-0.0629036097256858,0.));
#16536=CARTESIAN_POINT('',(-0.00248986490447383,-0.0629036097256858,0.));
#16537=CARTESIAN_POINT('',(-0.00223329648784486,-0.0629337387353998,0.));
#16538=CARTESIAN_POINT('',(-0.00192492405404052,-0.0631813076206352,0.));
#16539=CARTESIAN_POINT('',(-0.00180124924004515,-0.063549758664625,0.));
#16540=CARTESIAN_POINT('',(-0.00178365960099751,-0.063798601940649,0.));
#16541=CARTESIAN_POINT('',(-0.00178365960099751,-0.0639247182044888,0.));
#16542=CARTESIAN_POINT('',(-0.00178365960099751,-0.0639247182044888,0.));
#16543=CARTESIAN_POINT('',(-0.00178365960099751,-0.0639247182044888,0.));
#16544=CARTESIAN_POINT('',(-0.00261582044887781,-0.0627766097256858,0.));
#16545=CARTESIAN_POINT('',(-0.00261582044887781,-0.0627766097256858,2.54E-5));
#16546=CARTESIAN_POINT('',(-0.00230445085118256,-0.0627766097256858,0.));
#16547=CARTESIAN_POINT('',(-0.00230445085118256,-0.0627766097256858,2.54E-5));
#16548=CARTESIAN_POINT('',(-0.00180966806955958,-0.0629717610395264,0.));
#16549=CARTESIAN_POINT('',(-0.00180966806955958,-0.0629717610395264,2.54E-5));
#16550=CARTESIAN_POINT('',(-0.00165665960099751,-0.0635631820448879,0.));
#16551=CARTESIAN_POINT('',(-0.00165665960099751,-0.0635631820448879,2.54E-5));
#16552=CARTESIAN_POINT('',(-0.00165665960099751,-0.0639247182044888,0.));
#16553=CARTESIAN_POINT('',(-0.00165665960099751,-0.0639247182044888,2.54E-5));
#16554=CARTESIAN_POINT('',(-0.00165665960099751,-0.0639247182044888,2.54E-5));
#16555=CARTESIAN_POINT('',(-0.00178365960099751,-0.0669233416458853,0.));
#16556=CARTESIAN_POINT('',(-0.00178365960099751,-0.0669233416458853,0.));
#16557=CARTESIAN_POINT('',(-0.00178365960099751,-0.0699219650872818,0.));
#16558=CARTESIAN_POINT('',(-0.00178365960099751,-0.0699219650872818,0.));
#16559=CARTESIAN_POINT('',(-0.00165665960099751,-0.0669233416458853,0.));
#16560=CARTESIAN_POINT('',(-0.00165665960099751,-0.0699219650872818,0.));
#16561=CARTESIAN_POINT('',(-0.00178365960099751,-0.0699219650872818,0.));
#16562=CARTESIAN_POINT('',(-0.00178365960099751,-0.0699219650872818,2.54E-5));
#16563=CARTESIAN_POINT('',(-0.00178365960099751,-0.0702747616164152,0.));
#16564=CARTESIAN_POINT('',(-0.00178365960099751,-0.0702747616164152,2.54E-5));
#16565=CARTESIAN_POINT('',(-0.00193561273926313,-0.0707810585355582,0.));
#16566=CARTESIAN_POINT('',(-0.00193561273926313,-0.0707810585355582,2.54E-5));
#16567=CARTESIAN_POINT('',(-0.0023172668329177,-0.0709430735660848,0.));
#16568=CARTESIAN_POINT('',(-0.0023172668329177,-0.0709430735660848,2.54E-5));
#16569=CARTESIAN_POINT('',(-0.00261582044887781,-0.0709430735660848,0.));
#16570=CARTESIAN_POINT('',(-0.00261582044887781,-0.0709430735660848,2.54E-5));
#16571=CARTESIAN_POINT('',(-0.00178365960099751,-0.0699219650872818,0.));
#16572=CARTESIAN_POINT('',(-0.00178365960099751,-0.0700475570483061,0.));
#16573=CARTESIAN_POINT('',(-0.00180126106904217,-0.0702955917971887,0.));
#16574=CARTESIAN_POINT('',(-0.0019232759421164,-0.0706629221910784,0.));
#16575=CARTESIAN_POINT('',(-0.00223252790144136,-0.0709132700852857,0.));
#16576=CARTESIAN_POINT('',(-0.00249060493486985,-0.0709430735660848,0.));
#16577=CARTESIAN_POINT('',(-0.00261582044887781,-0.0709430735660848,0.));
#16578=CARTESIAN_POINT('',(-0.00165665960099751,-0.0699219650872818,0.));
#16579=CARTESIAN_POINT('',(-0.00165665960099751,-0.0699219650872818,2.54E-5));
#16580=CARTESIAN_POINT('',(-0.00165665960099751,-0.0702922408773504,0.));
#16581=CARTESIAN_POINT('',(-0.00165665960099751,-0.0702922408773504,2.54E-5));
#16582=CARTESIAN_POINT('',(-0.00180326007869197,-0.0708705524370103,0.));
#16583=CARTESIAN_POINT('',(-0.00180326007869197,-0.0708705524370103,2.54E-5));
#16584=CARTESIAN_POINT('',(-0.0023172668329177,-0.0710700735660848,0.));
#16585=CARTESIAN_POINT('',(-0.0023172668329177,-0.0710700735660848,2.54E-5));
#16586=CARTESIAN_POINT('',(-0.00261582044887781,-0.0710700735660848,0.));
#16587=CARTESIAN_POINT('',(-0.00261582044887781,-0.0710700735660848,2.54E-5));
#16588=CARTESIAN_POINT('',(0.,0.,0.));
#16589=CARTESIAN_POINT('',(-0.041,-0.0685,0.011));
#16590=CARTESIAN_POINT('',(-0.041,-0.0685,0.011));
#16591=CARTESIAN_POINT('',(-0.04,-0.0685,0.011));
#16592=CARTESIAN_POINT('',(-0.041,-0.0685,0.002));
#16593=CARTESIAN_POINT('',(-0.04,-0.0685,0.002));
#16594=CARTESIAN_POINT('',(0.,0.,0.011));
#16595=CARTESIAN_POINT('',(0.,0.,0.002));
#16596=CARTESIAN_POINT('',(0.041,0.0005,0.011));
#16597=CARTESIAN_POINT('',(0.041,0.0005,0.011));
#16598=CARTESIAN_POINT('',(0.042,0.0005,0.011));
#16599=CARTESIAN_POINT('',(0.041,0.0005,0.002));
#16600=CARTESIAN_POINT('',(0.042,0.0005,0.002));
#16601=CARTESIAN_POINT('',(0.,0.,0.011));
#16602=CARTESIAN_POINT('',(0.,0.,0.002));
#16603=CARTESIAN_POINT('',(-0.041,0.0005,0.011));
#16604=CARTESIAN_POINT('',(-0.041,0.0005,0.011));
#16605=CARTESIAN_POINT('',(-0.04,0.0005,0.011));
#16606=CARTESIAN_POINT('',(-0.041,0.0005,0.002));
#16607=CARTESIAN_POINT('',(-0.04,0.0005,0.002));
#16608=CARTESIAN_POINT('',(0.,0.,0.011));
#16609=CARTESIAN_POINT('',(0.,0.,0.002));
#16610=CARTESIAN_POINT('',(0.041,0.0685,0.011));
#16611=CARTESIAN_POINT('',(0.041,0.0685,0.011));
#16612=CARTESIAN_POINT('',(0.042,0.0685,0.011));
#16613=CARTESIAN_POINT('',(0.041,0.0685,0.002));
#16614=CARTESIAN_POINT('',(0.042,0.0685,0.002));
#16615=CARTESIAN_POINT('',(0.,0.,0.011));
#16616=CARTESIAN_POINT('',(0.,0.,0.002));
#16617=CARTESIAN_POINT('',(0.041,-0.0685,0.011));
#16618=CARTESIAN_POINT('',(0.041,-0.0685,0.011));
#16619=CARTESIAN_POINT('',(0.042,-0.0685,0.011));
#16620=CARTESIAN_POINT('',(0.041,-0.0685,0.002));
#16621=CARTESIAN_POINT('',(0.042,-0.0685,0.002));
#16622=CARTESIAN_POINT('',(0.,0.,0.011));
#16623=CARTESIAN_POINT('',(0.,0.,0.002));
#16624=CARTESIAN_POINT('',(-0.041,0.0685,0.011));
#16625=CARTESIAN_POINT('',(-0.041,0.0685,0.011));
#16626=CARTESIAN_POINT('',(-0.04,0.0685,0.011));
#16627=CARTESIAN_POINT('',(-0.041,0.0685,0.002));
#16628=CARTESIAN_POINT('',(-0.04,0.0685,0.002));
#16629=CARTESIAN_POINT('',(0.,0.,0.011));
#16630=CARTESIAN_POINT('',(0.,0.,0.002));
#16631=CARTESIAN_POINT('',(0.,0.,0.));
#16632=CARTESIAN_POINT('',(0.048,0.,0.032));
#16633=CARTESIAN_POINT('',(0.048,0.,0.03));
#16634=CARTESIAN_POINT('',(0.048,-0.0695,0.03));
#16635=CARTESIAN_POINT('',(0.048,-0.0461932374066149,0.03));
#16636=CARTESIAN_POINT('',(0.048,-0.0461932374066149,0.01984));
#16637=CARTESIAN_POINT('',(0.048,-0.0461932374066149,0.01984));
#16638=CARTESIAN_POINT('',(0.048,0.,0.01984));
#16639=CARTESIAN_POINT('',(0.048,-0.0428319831418501,0.01984));
#16640=CARTESIAN_POINT('',(0.048,-0.0428319831418501,0.01984));
#16641=CARTESIAN_POINT('',(0.048,-0.0428319831418501,0.03));
#16642=CARTESIAN_POINT('',(0.048,0.,0.03));
#16643=CARTESIAN_POINT('',(0.048,0.0695,0.03));
#16644=CARTESIAN_POINT('',(0.048,0.0695,0.032));
#16645=CARTESIAN_POINT('',(0.048,0.0695,0.012));
#16646=CARTESIAN_POINT('',(0.048,0.,0.012));
#16647=CARTESIAN_POINT('',(0.048,-0.0695,0.012));
#16648=CARTESIAN_POINT('',(0.048,-0.0695,0.032));
#16649=CARTESIAN_POINT('',(0.,0.,0.03));
#16650=CARTESIAN_POINT('',(0.015,-0.04,0.03));
#16651=CARTESIAN_POINT('',(0.01575,-0.04,0.03));
#16652=CARTESIAN_POINT('',(0.015,-0.06,0.03));
#16653=CARTESIAN_POINT('',(0.01575,-0.06,0.03));
#16654=CARTESIAN_POINT('',(0.035,-0.055,0.03));
#16655=CARTESIAN_POINT('',(0.03575,-0.055,0.03));
#16656=CARTESIAN_POINT('',(0.03,-0.055,0.03));
#16657=CARTESIAN_POINT('',(0.03075,-0.055,0.03));
#16658=CARTESIAN_POINT('',(0.025,-0.055,0.03));
#16659=CARTESIAN_POINT('',(0.02575,-0.055,0.03));
#16660=CARTESIAN_POINT('',(0.02,-0.06,0.03));
#16661=CARTESIAN_POINT('',(0.02075,-0.06,0.03));
#16662=CARTESIAN_POINT('',(0.025,-0.06,0.03));
#16663=CARTESIAN_POINT('',(0.02575,-0.06,0.03));
#16664=CARTESIAN_POINT('',(0.03,-0.06,0.03));
#16665=CARTESIAN_POINT('',(0.03075,-0.06,0.03));
#16666=CARTESIAN_POINT('',(0.035,-0.06,0.03));
#16667=CARTESIAN_POINT('',(0.03575,-0.06,0.03));
#16668=CARTESIAN_POINT('',(0.02,-0.04,0.03));
#16669=CARTESIAN_POINT('',(0.02075,-0.04,0.03));
#16670=CARTESIAN_POINT('',(0.025,-0.04,0.03));
#16671=CARTESIAN_POINT('',(0.02575,-0.04,0.03));
#16672=CARTESIAN_POINT('',(0.03,-0.04,0.03));
#16673=CARTESIAN_POINT('',(0.03075,-0.04,0.03));
#16674=CARTESIAN_POINT('',(0.035,-0.04,0.03));
#16675=CARTESIAN_POINT('',(0.03575,-0.04,0.03));
#16676=CARTESIAN_POINT('',(0.015,-0.045,0.03));
#16677=CARTESIAN_POINT('',(0.01575,-0.045,0.03));
#16678=CARTESIAN_POINT('',(0.02,-0.045,0.03));
#16679=CARTESIAN_POINT('',(0.02075,-0.045,0.03));
#16680=CARTESIAN_POINT('',(0.025,-0.045,0.03));
#16681=CARTESIAN_POINT('',(0.02575,-0.045,0.03));
#16682=CARTESIAN_POINT('',(0.03,-0.045,0.03));
#16683=CARTESIAN_POINT('',(0.03075,-0.045,0.03));
#16684=CARTESIAN_POINT('',(0.02,-0.055,0.03));
#16685=CARTESIAN_POINT('',(0.02075,-0.055,0.03));
#16686=CARTESIAN_POINT('',(0.015,-0.055,0.03));
#16687=CARTESIAN_POINT('',(0.01575,-0.055,0.03));
#16688=CARTESIAN_POINT('',(0.035,-0.05,0.03));
#16689=CARTESIAN_POINT('',(0.03575,-0.05,0.03));
#16690=CARTESIAN_POINT('',(0.03,-0.05,0.03));
#16691=CARTESIAN_POINT('',(0.03075,-0.05,0.03));
#16692=CARTESIAN_POINT('',(0.035,-0.045,0.03));
#16693=CARTESIAN_POINT('',(0.03575,-0.045,0.03));
#16694=CARTESIAN_POINT('',(0.015,-0.05,0.03));
#16695=CARTESIAN_POINT('',(0.01575,-0.05,0.03));
#16696=CARTESIAN_POINT('',(0.02,-0.05,0.03));
#16697=CARTESIAN_POINT('',(0.02075,-0.05,0.03));
#16698=CARTESIAN_POINT('',(0.025,-0.05,0.03));
#16699=CARTESIAN_POINT('',(0.02575,-0.05,0.03));
#16700=CARTESIAN_POINT('',(0.022189229624411,-0.0445126102742325,0.03));
#16701=CARTESIAN_POINT('',(-0.002435770375589,-0.0445126102742325,0.03));
#16702=CARTESIAN_POINT('',(0.,0.,0.03));
#16703=CARTESIAN_POINT('',(0.022189229624411,-0.0445126102742325,0.03));
#16704=CARTESIAN_POINT('',(0.042,-0.0695,0.03));
#16705=CARTESIAN_POINT('',(0.042,-0.0755,0.03));
#16706=CARTESIAN_POINT('',(0.,-0.0755,0.03));
#16707=CARTESIAN_POINT('',(-0.042,-0.0755,0.03));
#16708=CARTESIAN_POINT('',(-0.042,-0.0695,0.03));
#16709=CARTESIAN_POINT('',(-0.048,-0.0695,0.03));
#16710=CARTESIAN_POINT('',(-0.048,0.,0.03));
#16711=CARTESIAN_POINT('',(-0.048,0.0695,0.03));
#16712=CARTESIAN_POINT('',(-0.042,0.0695,0.03));
#16713=CARTESIAN_POINT('',(-0.042,0.0755,0.03));
#16714=CARTESIAN_POINT('',(0.,0.0755,0.03));
#16715=CARTESIAN_POINT('',(0.042,0.0755,0.03));
#16716=CARTESIAN_POINT('',(0.042,0.0695,0.03));
#16717=CARTESIAN_POINT('',(-0.0322285617910329,-0.0384898663863462,0.03));
#16718=CARTESIAN_POINT('',(-0.0312285617910329,-0.0384898663863462,0.03));
#16719=CARTESIAN_POINT('',(0.0202307692003029,-0.0149998068726056,0.03));
#16720=CARTESIAN_POINT('',(0.0218557692003029,-0.0149998068726056,0.03));
#16721=CARTESIAN_POINT('',(0.0202307692003029,-0.00199980687260557,0.03));
#16722=CARTESIAN_POINT('',(0.0218557692003029,-0.00199980687260557,0.03));
#16723=CARTESIAN_POINT('',(-0.0332923610248565,-0.0687162017681599,0.03));
#16724=CARTESIAN_POINT('',(-0.0322923610248565,-0.0687162017681599,0.03));
#16725=CARTESIAN_POINT('',(-0.0179285617910329,-0.0384898663863462,0.03));
#16726=CARTESIAN_POINT('',(-0.0169285617910329,-0.0384898663863462,0.03));
#16727=CARTESIAN_POINT('',(-0.020364456829574,0.0120112788232284,0.03));
#16728=CARTESIAN_POINT('',(-0.019014456829574,0.0120112788232284,0.03));
#16729=CARTESIAN_POINT('',(-0.0433644568295741,0.0120112788232284,0.03));
#16730=CARTESIAN_POINT('',(-0.0420144568295741,0.0120112788232284,0.03));
#16731=CARTESIAN_POINT('',(-0.0433644568295741,0.0700112788232281,0.03));
#16732=CARTESIAN_POINT('',(-0.0420144568295741,0.0700112788232281,0.03));
#16733=CARTESIAN_POINT('',(-0.00969236102485657,-0.0687162017681599,0.03));
#16734=CARTESIAN_POINT('',(-0.00869236102485657,-0.0687162017681599,0.03));
#16735=CARTESIAN_POINT('',(-0.020364456829574,0.0700112788232281,0.03));
#16736=CARTESIAN_POINT('',(-0.019014456829574,0.0700112788232281,0.03));
#16737=CARTESIAN_POINT('',(0.041,0.0685,0.03));
#16738=CARTESIAN_POINT('',(0.0435,0.0685,0.03));
#16739=CARTESIAN_POINT('',(-0.041,0.0005,0.03));
#16740=CARTESIAN_POINT('',(-0.0385,0.0005,0.03));
#16741=CARTESIAN_POINT('',(0.041,0.0005,0.03));
#16742=CARTESIAN_POINT('',(0.0435,0.0005,0.03));
#16743=CARTESIAN_POINT('',(-0.041,-0.0685,0.03));
#16744=CARTESIAN_POINT('',(-0.0385,-0.0685,0.03));
#16745=CARTESIAN_POINT('',(0.041,-0.0685,0.03));
#16746=CARTESIAN_POINT('',(0.0435,-0.0685,0.03));
#16747=CARTESIAN_POINT('',(0.0174332889728248,0.0251593254506588,0.03));
#16748=CARTESIAN_POINT('',(-0.00952420104295015,0.0251593254506588,0.03));
#16749=CARTESIAN_POINT('',(0.0443907789885998,0.0251593254506588,0.03));
#16750=CARTESIAN_POINT('',(-0.00952420104295015,0.0297916382551194,0.03));
#16751=CARTESIAN_POINT('',(-0.00952420104295015,0.0344239510595798,0.03));
#16752=CARTESIAN_POINT('',(-0.0102101862430572,0.0344239510595798,0.03));
#16753=CARTESIAN_POINT('',(-0.0108961714431643,0.0344239510595798,0.03));
#16754=CARTESIAN_POINT('',(-0.0108961714431643,0.0289882030338049,0.03));
#16755=CARTESIAN_POINT('',(-0.0108961714431643,0.02355245500803,0.03));
#16756=CARTESIAN_POINT('',(0.0175971039570868,0.02355245500803,0.03));
#16757=CARTESIAN_POINT('',(0.046090379357338,0.02355245500803,0.03));
#16758=CARTESIAN_POINT('',(0.046090379357338,0.0434101410210132,0.03));
#16759=CARTESIAN_POINT('',(0.046090379357338,0.0632678270339966,0.03));
#16760=CARTESIAN_POINT('',(0.0175971039570868,0.0632678270339966,0.03));
#16761=CARTESIAN_POINT('',(-0.0108961714431643,0.0632678270339966,0.03));
#16762=CARTESIAN_POINT('',(-0.0108961714431643,0.0575314778834581,0.03));
#16763=CARTESIAN_POINT('',(-0.0108961714431643,0.0517951287329197,0.03));
#16764=CARTESIAN_POINT('',(-0.0102101862430572,0.0517951287329197,0.03));
#16765=CARTESIAN_POINT('',(-0.00952420104295015,0.0517951287329197,0.03));
#16766=CARTESIAN_POINT('',(-0.00952420104295015,0.0568134672939777,0.03));
#16767=CARTESIAN_POINT('',(-0.00952420104295015,0.0618318058550358,0.03));
#16768=CARTESIAN_POINT('',(0.0174332889728248,0.0618318058550358,0.03));
#16769=CARTESIAN_POINT('',(0.0443907789885998,0.0618318058550358,0.03));
#16770=CARTESIAN_POINT('',(0.0443907789885998,0.0434955656528473,0.03));
#16771=CARTESIAN_POINT('',(0.,0.,0.012));
#16772=CARTESIAN_POINT('',(0.042,0.0695,0.012));
#16773=CARTESIAN_POINT('',(0.042,0.0775,0.012));
#16774=CARTESIAN_POINT('',(0.05,0.0695,0.012));
#16775=CARTESIAN_POINT('',(0.05,0.,0.012));
#16776=CARTESIAN_POINT('',(0.05,-0.0695,0.012));
#16777=CARTESIAN_POINT('',(0.042,-0.0695,0.012));
#16778=CARTESIAN_POINT('',(0.042,-0.0775,0.012));
#16779=CARTESIAN_POINT('',(0.,-0.0775,0.012));
#16780=CARTESIAN_POINT('',(-0.042,-0.0775,0.012));
#16781=CARTESIAN_POINT('',(-0.042,-0.0695,0.012));
#16782=CARTESIAN_POINT('',(-0.05,-0.0695,0.012));
#16783=CARTESIAN_POINT('',(-0.05,0.,0.012));
#16784=CARTESIAN_POINT('',(-0.05,0.0695,0.012));
#16785=CARTESIAN_POINT('',(-0.042,0.0695,0.012));
#16786=CARTESIAN_POINT('',(-0.042,0.0775,0.012));
#16787=CARTESIAN_POINT('',(0.,0.0775,0.012));
#16788=CARTESIAN_POINT('',(0.042,0.0695,0.012));
#16789=CARTESIAN_POINT('',(0.042,0.0755,0.012));
#16790=CARTESIAN_POINT('',(0.,0.0755,0.012));
#16791=CARTESIAN_POINT('',(-0.042,0.0755,0.012));
#16792=CARTESIAN_POINT('',(-0.042,0.0695,0.012));
#16793=CARTESIAN_POINT('',(-0.048,0.0695,0.012));
#16794=CARTESIAN_POINT('',(-0.048,0.,0.012));
#16795=CARTESIAN_POINT('',(-0.048,-0.0695,0.012));
#16796=CARTESIAN_POINT('',(-0.042,-0.0695,0.012));
#16797=CARTESIAN_POINT('',(-0.042,-0.0755,0.012));
#16798=CARTESIAN_POINT('',(0.,-0.0755,0.012));
#16799=CARTESIAN_POINT('',(0.042,-0.0755,0.012));
#16800=CARTESIAN_POINT('',(0.042,-0.0695,0.012));
#16801=CARTESIAN_POINT('',(-0.05,0.,0.032));
#16802=CARTESIAN_POINT('',(-0.05,0.0695,0.032));
#16803=CARTESIAN_POINT('',(-0.05,0.0695,0.032));
#16804=CARTESIAN_POINT('',(-0.05,-0.0695,0.032));
#16805=CARTESIAN_POINT('',(-0.05,-0.0695,0.032));
#16806=CARTESIAN_POINT('',(-0.05,0.,0.032));
#16807=CARTESIAN_POINT('',(0.,-0.0775,0.032));
#16808=CARTESIAN_POINT('',(-0.042,-0.0775,0.032));
#16809=CARTESIAN_POINT('',(-0.042,-0.0775,0.032));
#16810=CARTESIAN_POINT('',(0.042,-0.0775,0.032));
#16811=CARTESIAN_POINT('',(0.042,-0.0775,0.032));
#16812=CARTESIAN_POINT('',(0.,-0.0775,0.032));
#16813=CARTESIAN_POINT('',(0.05,0.,0.032));
#16814=CARTESIAN_POINT('',(0.05,-0.0695,0.032));
#16815=CARTESIAN_POINT('',(0.05,-0.0695,0.032));
#16816=CARTESIAN_POINT('',(0.05,0.0695,0.032));
#16817=CARTESIAN_POINT('',(0.05,0.0695,0.032));
#16818=CARTESIAN_POINT('',(0.05,0.,0.032));
#16819=CARTESIAN_POINT('',(0.,0.0775,0.032));
#16820=CARTESIAN_POINT('',(0.042,0.0775,0.032));
#16821=CARTESIAN_POINT('',(0.042,0.0775,0.032));
#16822=CARTESIAN_POINT('',(-0.042,0.0775,0.032));
#16823=CARTESIAN_POINT('',(-0.042,0.0775,0.032));
#16824=CARTESIAN_POINT('',(0.,0.0775,0.032));
#16825=CARTESIAN_POINT('',(0.,0.,0.032));
#16826=CARTESIAN_POINT('',(0.025,-0.05,0.032));
#16827=CARTESIAN_POINT('',(0.02575,-0.05,0.032));
#16828=CARTESIAN_POINT('',(0.02,-0.05,0.032));
#16829=CARTESIAN_POINT('',(0.02075,-0.05,0.032));
#16830=CARTESIAN_POINT('',(0.015,-0.05,0.032));
#16831=CARTESIAN_POINT('',(0.01575,-0.05,0.032));
#16832=CARTESIAN_POINT('',(0.035,-0.045,0.032));
#16833=CARTESIAN_POINT('',(0.03575,-0.045,0.032));
#16834=CARTESIAN_POINT('',(0.03,-0.05,0.032));
#16835=CARTESIAN_POINT('',(0.03075,-0.05,0.032));
#16836=CARTESIAN_POINT('',(0.035,-0.05,0.032));
#16837=CARTESIAN_POINT('',(0.03575,-0.05,0.032));
#16838=CARTESIAN_POINT('',(0.015,-0.055,0.032));
#16839=CARTESIAN_POINT('',(0.01575,-0.055,0.032));
#16840=CARTESIAN_POINT('',(0.02,-0.055,0.032));
#16841=CARTESIAN_POINT('',(0.02075,-0.055,0.032));
#16842=CARTESIAN_POINT('',(0.03,-0.045,0.032));
#16843=CARTESIAN_POINT('',(0.03075,-0.045,0.032));
#16844=CARTESIAN_POINT('',(0.025,-0.045,0.032));
#16845=CARTESIAN_POINT('',(0.02575,-0.045,0.032));
#16846=CARTESIAN_POINT('',(0.02,-0.045,0.032));
#16847=CARTESIAN_POINT('',(0.02075,-0.045,0.032));
#16848=CARTESIAN_POINT('',(0.015,-0.045,0.032));
#16849=CARTESIAN_POINT('',(0.01575,-0.045,0.032));
#16850=CARTESIAN_POINT('',(0.035,-0.04,0.032));
#16851=CARTESIAN_POINT('',(0.03575,-0.04,0.032));
#16852=CARTESIAN_POINT('',(0.03,-0.04,0.032));
#16853=CARTESIAN_POINT('',(0.03075,-0.04,0.032));
#16854=CARTESIAN_POINT('',(0.025,-0.04,0.032));
#16855=CARTESIAN_POINT('',(0.02575,-0.04,0.032));
#16856=CARTESIAN_POINT('',(0.02,-0.04,0.032));
#16857=CARTESIAN_POINT('',(0.02075,-0.04,0.032));
#16858=CARTESIAN_POINT('',(0.035,-0.06,0.032));
#16859=CARTESIAN_POINT('',(0.03575,-0.06,0.032));
#16860=CARTESIAN_POINT('',(0.03,-0.06,0.032));
#16861=CARTESIAN_POINT('',(0.03075,-0.06,0.032));
#16862=CARTESIAN_POINT('',(0.025,-0.06,0.032));
#16863=CARTESIAN_POINT('',(0.02575,-0.06,0.032));
#16864=CARTESIAN_POINT('',(0.02,-0.06,0.032));
#16865=CARTESIAN_POINT('',(0.02075,-0.06,0.032));
#16866=CARTESIAN_POINT('',(0.025,-0.055,0.032));
#16867=CARTESIAN_POINT('',(0.02575,-0.055,0.032));
#16868=CARTESIAN_POINT('',(0.03,-0.055,0.032));
#16869=CARTESIAN_POINT('',(0.03075,-0.055,0.032));
#16870=CARTESIAN_POINT('',(0.035,-0.055,0.032));
#16871=CARTESIAN_POINT('',(0.03575,-0.055,0.032));
#16872=CARTESIAN_POINT('',(0.015,-0.06,0.032));
#16873=CARTESIAN_POINT('',(0.01575,-0.06,0.032));
#16874=CARTESIAN_POINT('',(0.015,-0.04,0.032));
#16875=CARTESIAN_POINT('',(0.01575,-0.04,0.032));
#16876=CARTESIAN_POINT('',(0.041,0.0685,0.032));
#16877=CARTESIAN_POINT('',(0.0421,0.0685,0.032));
#16878=CARTESIAN_POINT('',(-0.041,0.0005,0.032));
#16879=CARTESIAN_POINT('',(-0.0399,0.0005,0.032));
#16880=CARTESIAN_POINT('',(0.041,0.0005,0.032));
#16881=CARTESIAN_POINT('',(0.0421,0.0005,0.032));
#16882=CARTESIAN_POINT('',(-0.041,-0.0685,0.032));
#16883=CARTESIAN_POINT('',(-0.0399,-0.0685,0.032));
#16884=CARTESIAN_POINT('',(0.041,-0.0685,0.032));
#16885=CARTESIAN_POINT('',(0.0421,-0.0685,0.032));
#16886=CARTESIAN_POINT('',(-0.042,0.0695,0.032));
#16887=CARTESIAN_POINT('',(-0.042,-0.0695,0.032));
#16888=CARTESIAN_POINT('',(0.042,-0.0695,0.032));
#16889=CARTESIAN_POINT('',(0.042,0.0695,0.032));
#16890=CARTESIAN_POINT('',(-0.042,0.0695,0.032));
#16891=CARTESIAN_POINT('',(0.042,0.0695,0.032));
#16892=CARTESIAN_POINT('',(0.042,-0.0695,0.032));
#16893=CARTESIAN_POINT('',(-0.042,-0.0695,0.032));
#16894=CARTESIAN_POINT('',(-0.048,0.,0.032));
#16895=CARTESIAN_POINT('',(-0.048,0.0695,0.032));
#16896=CARTESIAN_POINT('',(-0.048,-0.0695,0.032));
#16897=CARTESIAN_POINT('',(0.,-0.0755,0.032));
#16898=CARTESIAN_POINT('',(-0.042,-0.0755,0.032));
#16899=CARTESIAN_POINT('',(0.042,-0.0755,0.032));
#16900=CARTESIAN_POINT('',(0.,0.0755,0.032));
#16901=CARTESIAN_POINT('',(0.042,0.0755,0.032));
#16902=CARTESIAN_POINT('',(-0.042,0.0755,0.032));
#16903=CARTESIAN_POINT('',(-0.042,0.0695,0.032));
#16904=CARTESIAN_POINT('',(0.042,0.0695,0.032));
#16905=CARTESIAN_POINT('',(0.042,-0.0695,0.032));
#16906=CARTESIAN_POINT('',(-0.042,-0.0695,0.032));
#16907=CARTESIAN_POINT('',(0.041,-0.0685,0.03));
#16908=CARTESIAN_POINT('',(0.041,-0.0685,0.013));
#16909=CARTESIAN_POINT('',(0.0435,-0.0685,0.013));
#16910=CARTESIAN_POINT('',(0.,0.,0.013));
#16911=CARTESIAN_POINT('',(0.041,-0.0685,0.013));
#16912=CARTESIAN_POINT('',(0.0421,-0.0685,0.013));
#16913=CARTESIAN_POINT('',(-0.041,-0.0685,0.03));
#16914=CARTESIAN_POINT('',(-0.041,-0.0685,0.013));
#16915=CARTESIAN_POINT('',(-0.0385,-0.0685,0.013));
#16916=CARTESIAN_POINT('',(0.,0.,0.013));
#16917=CARTESIAN_POINT('',(-0.041,-0.0685,0.013));
#16918=CARTESIAN_POINT('',(-0.0399,-0.0685,0.013));
#16919=CARTESIAN_POINT('',(0.041,0.0005,0.03));
#16920=CARTESIAN_POINT('',(0.041,0.0005,0.013));
#16921=CARTESIAN_POINT('',(0.0435,0.0005,0.013));
#16922=CARTESIAN_POINT('',(0.,0.,0.013));
#16923=CARTESIAN_POINT('',(0.041,0.0005,0.013));
#16924=CARTESIAN_POINT('',(0.0421,0.0005,0.013));
#16925=CARTESIAN_POINT('',(-0.041,0.0005,0.03));
#16926=CARTESIAN_POINT('',(-0.041,0.0005,0.013));
#16927=CARTESIAN_POINT('',(-0.0385,0.0005,0.013));
#16928=CARTESIAN_POINT('',(0.,0.,0.013));
#16929=CARTESIAN_POINT('',(-0.041,0.0005,0.013));
#16930=CARTESIAN_POINT('',(-0.0399,0.0005,0.013));
#16931=CARTESIAN_POINT('',(0.041,0.0685,0.03));
#16932=CARTESIAN_POINT('',(0.041,0.0685,0.013));
#16933=CARTESIAN_POINT('',(0.0435,0.0685,0.013));
#16934=CARTESIAN_POINT('',(0.,0.,0.013));
#16935=CARTESIAN_POINT('',(0.041,0.0685,0.013));
#16936=CARTESIAN_POINT('',(0.0421,0.0685,0.013));
#16937=CARTESIAN_POINT('',(0.041,0.0685,0.032));
#16938=CARTESIAN_POINT('',(-0.041,0.0005,0.032));
#16939=CARTESIAN_POINT('',(0.041,0.0005,0.032));
#16940=CARTESIAN_POINT('',(-0.041,-0.0685,0.032));
#16941=CARTESIAN_POINT('',(0.041,-0.0685,0.032));
#16942=CARTESIAN_POINT('',(0.015,-0.04,0.033));
#16943=CARTESIAN_POINT('',(0.015,-0.06,0.033));
#16944=CARTESIAN_POINT('',(0.035,-0.055,0.033));
#16945=CARTESIAN_POINT('',(0.03,-0.055,0.033));
#16946=CARTESIAN_POINT('',(0.025,-0.055,0.033));
#16947=CARTESIAN_POINT('',(0.02,-0.06,0.033));
#16948=CARTESIAN_POINT('',(0.025,-0.06,0.033));
#16949=CARTESIAN_POINT('',(0.03,-0.06,0.033));
#16950=CARTESIAN_POINT('',(0.035,-0.06,0.033));
#16951=CARTESIAN_POINT('',(0.02,-0.04,0.033));
#16952=CARTESIAN_POINT('',(0.025,-0.04,0.033));
#16953=CARTESIAN_POINT('',(0.03,-0.04,0.033));
#16954=CARTESIAN_POINT('',(0.035,-0.04,0.033));
#16955=CARTESIAN_POINT('',(0.015,-0.045,0.033));
#16956=CARTESIAN_POINT('',(0.02,-0.045,0.033));
#16957=CARTESIAN_POINT('',(0.025,-0.045,0.033));
#16958=CARTESIAN_POINT('',(0.03,-0.045,0.033));
#16959=CARTESIAN_POINT('',(0.02,-0.055,0.033));
#16960=CARTESIAN_POINT('',(0.015,-0.055,0.033));
#16961=CARTESIAN_POINT('',(0.035,-0.05,0.033));
#16962=CARTESIAN_POINT('',(0.03,-0.05,0.033));
#16963=CARTESIAN_POINT('',(0.035,-0.045,0.033));
#16964=CARTESIAN_POINT('',(0.015,-0.05,0.033));
#16965=CARTESIAN_POINT('',(0.02,-0.05,0.033));
#16966=CARTESIAN_POINT('',(0.025,-0.05,0.033));
#16967=CARTESIAN_POINT('',(-0.020364456829574,0.0700112788232281,0.01984));
#16968=CARTESIAN_POINT('',(-0.020364456829574,0.0700112788232281,0.01984));
#16969=CARTESIAN_POINT('',(-0.021714456829574,0.0700112788232281,0.01984));
#16970=CARTESIAN_POINT('',(2.73289022513571E-5,0.,0.01984));
#16971=CARTESIAN_POINT('',(-0.00952420104295015,0.0297916382551194,0.01984));
#16972=CARTESIAN_POINT('',(-0.00952420104295015,0.0251593254506588,0.01984));
#16973=CARTESIAN_POINT('',(-0.00952420104295015,0.0251593254506588,0.01984));
#16974=CARTESIAN_POINT('',(-0.00952420104295015,0.0297916382551194,0.01984));
#16975=CARTESIAN_POINT('',(-0.00952420104295015,0.0344239510595798,0.01984));
#16976=CARTESIAN_POINT('',(-0.00952420104295015,0.0344239510595798,0.01984));
#16977=CARTESIAN_POINT('',(0.0174332889728248,0.0251593254506588,0.01984));
#16978=CARTESIAN_POINT('',(0.0443907789885998,0.0251593254506588,0.01984));
#16979=CARTESIAN_POINT('',(0.0443907789885998,0.0251593254506588,0.01984));
#16980=CARTESIAN_POINT('',(0.0174332889728248,0.0251593254506588,0.01984));
#16981=CARTESIAN_POINT('',(0.0443907789885998,0.0434955656528473,0.01984));
#16982=CARTESIAN_POINT('',(0.0443907789885998,0.0618318058550358,0.01984));
#16983=CARTESIAN_POINT('',(0.0443907789885998,0.0618318058550358,0.01984));
#16984=CARTESIAN_POINT('',(0.0443907789885998,0.0434955656528473,0.01984));
#16985=CARTESIAN_POINT('',(0.0174332889728248,0.0618318058550358,0.01984));
#16986=CARTESIAN_POINT('',(-0.00952420104295015,0.0618318058550358,0.01984));
#16987=CARTESIAN_POINT('',(-0.00952420104295015,0.0618318058550358,0.01984));
#16988=CARTESIAN_POINT('',(0.0174332889728248,0.0618318058550358,0.01984));
#16989=CARTESIAN_POINT('',(-0.00952420104295015,0.0568134672939777,0.01984));
#16990=CARTESIAN_POINT('',(-0.00952420104295015,0.0517951287329197,0.01984));
#16991=CARTESIAN_POINT('',(-0.00952420104295015,0.0517951287329197,0.01984));
#16992=CARTESIAN_POINT('',(-0.00952420104295015,0.0568134672939777,0.01984));
#16993=CARTESIAN_POINT('',(-0.0102101862430572,0.0517951287329197,0.01984));
#16994=CARTESIAN_POINT('',(-0.0108961714431643,0.0517951287329197,0.01984));
#16995=CARTESIAN_POINT('',(-0.0108961714431643,0.0517951287329197,0.01984));
#16996=CARTESIAN_POINT('',(-0.0102101862430572,0.0517951287329197,0.01984));
#16997=CARTESIAN_POINT('',(-0.0108961714431643,0.0575314778834581,0.01984));
#16998=CARTESIAN_POINT('',(-0.0108961714431643,0.0632678270339966,0.01984));
#16999=CARTESIAN_POINT('',(-0.0108961714431643,0.0632678270339966,0.01984));
#17000=CARTESIAN_POINT('',(-0.0108961714431643,0.0575314778834581,0.01984));
#17001=CARTESIAN_POINT('',(0.0175971039570868,0.0632678270339966,0.01984));
#17002=CARTESIAN_POINT('',(0.046090379357338,0.0632678270339966,0.01984));
#17003=CARTESIAN_POINT('',(0.046090379357338,0.0632678270339966,0.01984));
#17004=CARTESIAN_POINT('',(0.0175971039570868,0.0632678270339966,0.01984));
#17005=CARTESIAN_POINT('',(0.046090379357338,0.0434101410210132,0.01984));
#17006=CARTESIAN_POINT('',(0.046090379357338,0.02355245500803,0.01984));
#17007=CARTESIAN_POINT('',(0.046090379357338,0.02355245500803,0.01984));
#17008=CARTESIAN_POINT('',(0.046090379357338,0.0434101410210132,0.01984));
#17009=CARTESIAN_POINT('',(0.0175971039570868,0.02355245500803,0.01984));
#17010=CARTESIAN_POINT('',(-0.0108961714431643,0.02355245500803,0.01984));
#17011=CARTESIAN_POINT('',(-0.0108961714431643,0.02355245500803,0.01984));
#17012=CARTESIAN_POINT('',(0.0175971039570868,0.02355245500803,0.01984));
#17013=CARTESIAN_POINT('',(-0.0108961714431643,0.0289882030338049,0.01984));
#17014=CARTESIAN_POINT('',(-0.0108961714431643,0.0344239510595798,0.01984));
#17015=CARTESIAN_POINT('',(-0.0108961714431643,0.0344239510595798,0.01984));
#17016=CARTESIAN_POINT('',(-0.0108961714431643,0.0289882030338049,0.01984));
#17017=CARTESIAN_POINT('',(-0.0102101862430572,0.0344239510595798,0.01984));
#17018=CARTESIAN_POINT('',(-0.0102101862430572,0.0344239510595798,0.01984));
#17019=CARTESIAN_POINT('',(2.73289022513571E-5,0.,0.01984));
#17020=CARTESIAN_POINT('',(0.022189229624411,-0.0445126102742325,0.01984));
#17021=CARTESIAN_POINT('',(0.022189229624411,-0.0445126102742325,0.01984));
#17022=CARTESIAN_POINT('',(0.022189229624411,-0.0445126102742325,0.01984));
#17023=CARTESIAN_POINT('',(0.022189229624411,-0.0445126102742325,0.01984));
#17024=CARTESIAN_POINT('',(-0.002435770375589,-0.0445126102742325,0.01984));
#17025=CARTESIAN_POINT('',(2.73289022513571E-5,0.,0.01984));
#17026=CARTESIAN_POINT('',(-0.00969236102485657,-0.0687162017681599,0.01984));
#17027=CARTESIAN_POINT('',(-0.00969236102485657,-0.0687162017681599,0.01984));
#17028=CARTESIAN_POINT('',(-0.0106923610248566,-0.0687162017681599,0.01984));
#17029=CARTESIAN_POINT('',(2.73289022513571E-5,0.,0.01984));
#17030=CARTESIAN_POINT('',(-0.0433644568295741,0.0700112788232281,0.01984));
#17031=CARTESIAN_POINT('',(-0.0433644568295741,0.0700112788232281,0.01984));
#17032=CARTESIAN_POINT('',(-0.044714456829574,0.0700112788232281,0.01984));
#17033=CARTESIAN_POINT('',(2.73289022513571E-5,0.,0.01984));
#17034=CARTESIAN_POINT('',(-0.0433644568295741,0.0120112788232284,0.01984));
#17035=CARTESIAN_POINT('',(-0.0433644568295741,0.0120112788232284,0.01984));
#17036=CARTESIAN_POINT('',(-0.044714456829574,0.0120112788232284,0.01984));
#17037=CARTESIAN_POINT('',(2.73289022513571E-5,0.,0.01984));
#17038=CARTESIAN_POINT('',(-0.020364456829574,0.0120112788232284,0.01984));
#17039=CARTESIAN_POINT('',(-0.020364456829574,0.0120112788232284,0.01984));
#17040=CARTESIAN_POINT('',(-0.021714456829574,0.0120112788232284,0.01984));
#17041=CARTESIAN_POINT('',(2.73289022513571E-5,0.,0.01984));
#17042=CARTESIAN_POINT('',(-0.0179285617910329,-0.0384898663863462,0.01984));
#17043=CARTESIAN_POINT('',(-0.0179285617910329,-0.0384898663863462,0.01984));
#17044=CARTESIAN_POINT('',(-0.0189285617910329,-0.0384898663863462,0.01984));
#17045=CARTESIAN_POINT('',(2.73289022513571E-5,0.,0.01984));
#17046=CARTESIAN_POINT('',(-0.0332923610248565,-0.0687162017681599,0.01984));
#17047=CARTESIAN_POINT('',(-0.0332923610248565,-0.0687162017681599,0.01984));
#17048=CARTESIAN_POINT('',(-0.0342923610248565,-0.0687162017681599,0.01984));
#17049=CARTESIAN_POINT('',(2.73289022513571E-5,0.,0.01984));
#17050=CARTESIAN_POINT('',(0.0202307692003029,-0.00199980687260557,0.01984));
#17051=CARTESIAN_POINT('',(0.0202307692003029,-0.00199980687260557,0.01984));
#17052=CARTESIAN_POINT('',(0.0186057692003029,-0.00199980687260557,0.01984));
#17053=CARTESIAN_POINT('',(2.73289022513571E-5,0.,0.01984));
#17054=CARTESIAN_POINT('',(0.0202307692003029,-0.0149998068726056,0.01984));
#17055=CARTESIAN_POINT('',(0.0202307692003029,-0.0149998068726056,0.01984));
#17056=CARTESIAN_POINT('',(0.0186057692003029,-0.0149998068726056,0.01984));
#17057=CARTESIAN_POINT('',(2.73289022513571E-5,0.,0.01984));
#17058=CARTESIAN_POINT('',(-0.0322285617910329,-0.0384898663863462,0.01984));
#17059=CARTESIAN_POINT('',(-0.0322285617910329,-0.0384898663863462,0.01984));
#17060=CARTESIAN_POINT('',(-0.0332285617910329,-0.0384898663863462,0.01984));
#17061=CARTESIAN_POINT('',(2.73289022513571E-5,0.,0.01984));
#17062=MECHANICAL_DESIGN_GEOMETRIC_PRESENTATION_REPRESENTATION('',(#9618),
#17064);
#17063=MECHANICAL_DESIGN_GEOMETRIC_PRESENTATION_REPRESENTATION('',(#9619),
#17065);
#17064=(
GEOMETRIC_REPRESENTATION_CONTEXT(3)
GLOBAL_UNCERTAINTY_ASSIGNED_CONTEXT((#17066))
GLOBAL_UNIT_ASSIGNED_CONTEXT((#17072,#17070,#17068))
REPRESENTATION_CONTEXT('Part 1','TOP_LEVEL_ASSEMBLY_PART')
);
#17065=(
GEOMETRIC_REPRESENTATION_CONTEXT(3)
GLOBAL_UNCERTAINTY_ASSIGNED_CONTEXT((#17067))
GLOBAL_UNIT_ASSIGNED_CONTEXT((#17073,#17071,#17069))
REPRESENTATION_CONTEXT('Part 2','TOP_LEVEL_ASSEMBLY_PART')
);
#17066=UNCERTAINTY_MEASURE_WITH_UNIT(LENGTH_MEASURE(2.E-5),#17072,
'DISTANCE_ACCURACY_VALUE','Maximum Tolerance applied to model');
#17067=UNCERTAINTY_MEASURE_WITH_UNIT(LENGTH_MEASURE(1.E-8),#17073,
'DISTANCE_ACCURACY_VALUE','Maximum Tolerance applied to model');
#17068=(
NAMED_UNIT(*)
SI_UNIT($,.STERADIAN.)
SOLID_ANGLE_UNIT()
);
#17069=(
NAMED_UNIT(*)
SI_UNIT($,.STERADIAN.)
SOLID_ANGLE_UNIT()
);
#17070=(
NAMED_UNIT(*)
PLANE_ANGLE_UNIT()
SI_UNIT($,.RADIAN.)
);
#17071=(
NAMED_UNIT(*)
PLANE_ANGLE_UNIT()
SI_UNIT($,.RADIAN.)
);
#17072=(
LENGTH_UNIT()
NAMED_UNIT(*)
SI_UNIT($,.METRE.)
);
#17073=(
LENGTH_UNIT()
NAMED_UNIT(*)
SI_UNIT($,.METRE.)
);
#17074=PRODUCT_DEFINITION_SHAPE('','',#17076);
#17075=PRODUCT_DEFINITION_SHAPE('','',#17077);
#17076=PRODUCT_DEFINITION('','',#17080,#17078);
#17077=PRODUCT_DEFINITION('','',#17081,#17079);
#17078=PRODUCT_DEFINITION_CONTEXT('',#17092,'design');
#17079=PRODUCT_DEFINITION_CONTEXT('',#17093,'design');
#17080=PRODUCT_DEFINITION_FORMATION_WITH_SPECIFIED_SOURCE('','',#17084,
 .NOT_KNOWN.);
#17081=PRODUCT_DEFINITION_FORMATION_WITH_SPECIFIED_SOURCE('','',#17085,
 .NOT_KNOWN.);
#17082=PRODUCT_RELATED_PRODUCT_CATEGORY('','',(#17084));
#17083=PRODUCT_RELATED_PRODUCT_CATEGORY('','',(#17085));
#17084=PRODUCT('Part 1','Part 1','Part 1',(#17088));
#17085=PRODUCT('Part 2','Part 2','Part 2',(#17089));
#17086=PRODUCT_CATEGORY('','');
#17087=PRODUCT_CATEGORY('','');
#17088=PRODUCT_CONTEXT('',#17092,'mechanical');
#17089=PRODUCT_CONTEXT('',#17093,'mechanical');
#17090=APPLICATION_PROTOCOL_DEFINITION('international standard',
'ap242_managed_model_based_3d_engineering',2020,#17092);
#17091=APPLICATION_PROTOCOL_DEFINITION('international standard',
'ap242_managed_model_based_3d_engineering',2020,#17093);
#17092=APPLICATION_CONTEXT('managed model based 3d engineering');
#17093=APPLICATION_CONTEXT('managed model based 3d engineering');
ENDSEC;
END-ISO-10303-21;
